#
# A fatal error has been detected by the Java Runtime Environment:
#
#  SIGSEGV (0xb) at pc=0x000000013ea19ce4, pid=57155, tid=46627
#
# JRE version: OpenJDK Runtime Environment Temurin-25+36 (25.0+36) (build 25+36-LTS)
# Java VM: OpenJDK 64-Bit Server VM Temurin-25+36 (25+36-LTS, mixed mode, sharing, tiered, compressed oops, compressed class ptrs, g1 gc, bsd-aarch64)
# Problematic frame:
# C  [libopensearch_native.dylib+0xe65ce4]  _RNvMs6_NtNtNtCsjbGEoXiUddZ_5tokio4sync4mpsc4chanINtB5_2TxINtNtCsl8K0bEFm1U0_4core6result6ResultNtNtCsIuYH9vLXES_11arrow_array12record_batch11RecordBatchNtNtCs2x2Q9D3ga60_17datafusion_common5error15DataFusionErrorENtNtB7_7bounded9SemaphoreE4sendCsfavcsQER4Sb_24datafusion_physical_plan+0x38
#
# No core dump will be written. Core dumps have been disabled. To enable core dumping, try "ulimit -c unlimited" before starting Java again
#
# If you would like to submit a bug report, please visit:
#   https://github.com/adoptium/adoptium-support/issues
# The crash happened outside the Java Virtual Machine in native code.
# See problematic frame for where to report the bug.
#

---------------  S U M M A R Y ------------

Command Line: -javaagent:/Users/handalm/Library/Caches/JetBrains/IntelliJIdea2026.1/captureAgent/debugger-agent.jar=file:///var/folders/l0/l_bx7s_s1vx2ty5bjkwlrxt80000gr/T/capture6630536140864785188.props -ea -Djava.locale.providers=SPI,CLDR -Dsandbox.enabled=true -javaagent:/Users/handalm/Workspace/OpenSearch/libs/agent-sm/agent/build/distributions/opensearch-agent-3.7.0-SNAPSHOT.jar --add-modules=jdk.incubator.vector --add-opens=java.base/java.nio=ALL-UNNAMED --add-opens=java.base/java.lang=ALL-UNNAMED --add-opens=java.base/sun.nio.ch=ALL-UNNAMED --enable-native-access=ALL-UNNAMED -Darrow.memory.debug.allocator=false -Dio.netty.allocator.numDirectArenas=1 -Dio.netty.noUnsafe=false -Dio.netty.tryUnsafe=true -Dio.netty.tryReflectionSetAccessible=true -Dnative.lib.path=/Users/handalm/.cargo-target-shared/debug/libopensearch_native.dylib -Didea.test.cyclic.buffer.size=1048576 -javaagent:/Applications/IntelliJ IDEA.app/Contents/lib/idea_rt.jar=64851 -Dkotlinx.coroutines.debug.enable.creation.stack.trace=false -Ddebugger.agent.enable.coroutines=true -Dkotlinx.coroutines.debug.enable.flows.stack.trace=true -Dkotlinx.coroutines.debug.enable.mutable.state.flows.stack.trace=true -Ddebugger.async.stack.trace.for.all.threads=true -Dfile.encoding=UTF-8 -Dsun.stdout.encoding=UTF-8 -Dsun.stderr.encoding=UTF-8 com.intellij.rt.junit.JUnitStarter -ideVersion5 -junit4 org.opensearch.analytics.resilience.CoordinatorTransportStressIT Until Failure

Host: "Mac14,9" arm64, 12 cores, 32G, Darwin 25.4.0, macOS 26.4.1 (25E253)
Time: Fri May  8 19:33:31 2026 PDT elapsed time: 47.823018 seconds (0d 0h 0m 47s)

---------------  T H R E A D  ---------------

Current thread (0x000000074a35d000):  JavaThread "opensearch[node_t2][search][T#4]" daemon [_thread_in_native, id=46627, stack(0x0000000301064000,0x0000000301267000) (2060K)]

Stack: [0x0000000301064000,0x0000000301267000],  sp=0x00000003012652f0,  free space=2052k
Native frames: (J=compiled Java code, j=interpreted, Vv=VM code, C=native code)
C  [libopensearch_native.dylib+0xe65ce4]  _RNvMs6_NtNtNtCsjbGEoXiUddZ_5tokio4sync4mpsc4chanINtB5_2TxINtNtCsl8K0bEFm1U0_4core6result6ResultNtNtCsIuYH9vLXES_11arrow_array12record_batch11RecordBatchNtNtCs2x2Q9D3ga60_17datafusion_common5error15DataFusionErrorENtNtB7_7bounded9SemaphoreE4sendCsfavcsQER4Sb_24datafusion_physical_plan+0x38
C  [libopensearch_native.dylib+0xea2a8c]  _RNvMs8_NtNtNtCsjbGEoXiUddZ_5tokio4sync4mpsc7boundedINtB5_6PermitINtNtCsl8K0bEFm1U0_4core6result6ResultNtNtCsIuYH9vLXES_11arrow_array12record_batch11RecordBatchNtNtCs2x2Q9D3ga60_17datafusion_common5error15DataFusionErrorEE4sendCsfavcsQER4Sb_24datafusion_physical_plan+0x18
C  [libopensearch_native.dylib+0xc1d130]  _RINvMs2_NtNtCsjbGEoXiUddZ_5tokio7runtime4parkNtB6_16CachedParkThread8block_onNCNvMs1_NtNtNtBa_4sync4mpsc7boundedINtB1l_6SenderINtNtCsl8K0bEFm1U0_4core6result6ResultNtNtCsIuYH9vLXES_11arrow_array12record_batch11RecordBatchNtNtCs2x2Q9D3ga60_17datafusion_common5error15DataFusionErrorEE4send0ECs3HZte7vqHVy_18datafusion_catalog+0x300
C  [libopensearch_native.dylib+0xc552bc]  _RINvMNtNtNtCsjbGEoXiUddZ_5tokio7runtime7context8blockingNtB3_19BlockingRegionGuard8block_onNCNvMs1_NtNtNtB9_4sync4mpsc7boundedINtB1z_6SenderINtNtCsl8K0bEFm1U0_4core6result6ResultNtNtCsIuYH9vLXES_11arrow_array12record_batch11RecordBatchNtNtCs2x2Q9D3ga60_17datafusion_common5error15DataFusionErrorEE4send0ECs3HZte7vqHVy_18datafusion_catalog+0x5c
C  [libopensearch_native.dylib+0x173258]  _RINvNtNtNtCsjbGEoXiUddZ_5tokio7runtime7context7runtime13enter_runtimeNCINvMNtB6_6handleNtB1b_6Handle14block_on_innerNCNvMs1_NtNtNtB8_4sync4mpsc7boundedINtB1Y_6SenderINtNtCsl8K0bEFm1U0_4core6result6ResultNtNtCsIuYH9vLXES_11arrow_array12record_batch11RecordBatchNtNtCs2x2Q9D3ga60_17datafusion_common5error15DataFusionErrorEE4send0E0IB2E_uINtNtB20_5error9SendErrorB2D_EEECs4R4ZcntqtKt_21opensearch_datafusion+0xb0
C  [libopensearch_native.dylib+0xf0cac]  _RNvMNtCs4R4ZcntqtKt_21opensearch_datafusion16partition_streamNtB2_21PartitionStreamSender13send_blocking+0x8c
C  [libopensearch_native.dylib+0xc95a8]  _RNvNtCs4R4ZcntqtKt_21opensearch_datafusion3api11sender_send+0x240
C  [libopensearch_native.dylib+0xcc4f4]  _RINvNtCscjllGyqfSD0_20native_bridge_common5error8ffm_wrapINtNtNtCsl8K0bEFm1U0_4core5panic11unwind_safe16AssertUnwindSafeNCNvNtCs4R4ZcntqtKt_21opensearch_datafusion3ffm14df_sender_send0EEB20_+0x5c
C  [libopensearch_native.dylib+0xec234]  df_sender_send+0x38
v  ~RuntimeStub::nep_invoker_blob 0x000000011bfd5700
J 28604 c1 java.lang.invoke.LambdaForm$MH+0x00003fe0020b3c00.invoke(Ljava/lang/Object;Ljava/lang/Object;Ljava/lang/Object;Ljava/lang/Object;)Ljava/lang/Object; java.base@25 (116 bytes) @ 0x0000000116801b78 [0x0000000116800600+0x0000000000001578]
J 26350 c1 java.lang.invoke.LambdaForm$MH+0x00003fe0020b1800.invoke(Ljava/lang/Object;Ljava/lang/Object;Ljava/lang/Object;)Ljava/lang/Object; java.base@25 (63 bytes) @ 0x0000000116600358 [0x00000001165ff800+0x0000000000000b58]
J 20869 c1 java.lang.invoke.MethodHandle.invokeWithArguments([Ljava/lang/Object;)Ljava/lang/Object; java.base@25 (32 bytes) @ 0x0000000115eaf7a4 [0x0000000115eaf000+0x00000000000007a4]
J 25020 c1 org.opensearch.nativebridge.spi.NativeCall.invoke(Ljava/lang/invoke/MethodHandle;[Ljava/lang/Object;)J (34 bytes) @ 0x00000001160f49fc [0x00000001160f4840+0x00000000000001bc]
J 26354 c1 org.opensearch.be.datafusion.nativelib.NativeBridge.senderSend(JJJ)J (117 bytes) @ 0x0000000116608bc8 [0x0000000116608040+0x0000000000000b88]
J 26352 c1 org.opensearch.be.datafusion.DatafusionReduceSink.feedToSender(Lorg/opensearch/be/datafusion/DatafusionPartitionSender;Lorg/apache/arrow/vector/VectorSchemaRoot;)V (218 bytes) @ 0x0000000116601a50 [0x0000000116601140+0x0000000000000910]
J 26351 c1 org.opensearch.be.datafusion.DatafusionReduceSink$ChildSink.feed(Lorg/apache/arrow/vector/VectorSchemaRoot;)V (13 bytes) @ 0x0000000116600f64 [0x0000000116600e80+0x00000000000000e4]
J 20479 c1 org.opensearch.analytics.exec.stage.ShardFragmentStageExecution$1.lambda$onStreamResponse$0(ZLorg/opensearch/core/action/ActionResponse;Ljava/util/function/Function;)V (246 bytes) @ 0x0000000115e3f670 [0x0000000115e3dc00+0x0000000000001a70]
J 20478 c1 org.opensearch.analytics.exec.stage.ShardFragmentStageExecution$1$$Lambda+0x00003fe0020779e8.run()V (20 bytes) @ 0x0000000115e3da30 [0x0000000115e3d940+0x00000000000000f0]
J 20466 c1 org.opensearch.threadpool.TaskAwareRunnable.doRun()V (167 bytes) @ 0x0000000115e2f67c [0x0000000115e2eb80+0x0000000000000afc]
J 26457 c2 org.opensearch.common.util.concurrent.AbstractRunnable.run()V (32 bytes) @ 0x000000011ca0dd18 [0x000000011ca0dcc0+0x0000000000000058]
J 20465 c1 org.opensearch.common.util.concurrent.TimedRunnable.doRun()V (37 bytes) @ 0x0000000115e2e908 [0x0000000115e2e780+0x0000000000000188]
J 31939 c2 org.opensearch.common.util.concurrent.ThreadContext$ContextPreservingAbstractRunnable.doRun()V (28 bytes) @ 0x000000011ce33eb0 [0x000000011ce33c00+0x00000000000002b0]
J 26457 c2 org.opensearch.common.util.concurrent.AbstractRunnable.run()V (32 bytes) @ 0x000000011ca0dd18 [0x000000011ca0dcc0+0x0000000000000058]
J 20515 c1 java.util.concurrent.ThreadPoolExecutor.runWorker(Ljava/util/concurrent/ThreadPoolExecutor$Worker;)V java.base@25 (187 bytes) @ 0x0000000115d9c7b8 [0x0000000115d9bac0+0x0000000000000cf8]
J 21926 c1 java.util.concurrent.ThreadPoolExecutor$Worker.run()V java.base@25 (9 bytes) @ 0x000000011601e5fc [0x000000011601e540+0x00000000000000bc]
J 19572 c1 java.lang.Thread.run()V java.base@25 (23 bytes) @ 0x0000000115d43890 [0x0000000115d435c0+0x00000000000002d0]
v  ~StubRoutines::call_stub 0x000000011be30154
V  [libjvm.dylib+0x4e7500]  JavaCalls::call_helper(JavaValue*, methodHandle const&, JavaCallArguments*, JavaThread*)+0x3e0
V  [libjvm.dylib+0x4e6420]  JavaCalls::call_virtual(JavaValue*, Klass*, Symbol*, Symbol*, JavaCallArguments*, JavaThread*)+0x164
V  [libjvm.dylib+0x4e64ec]  JavaCalls::call_virtual(JavaValue*, Handle, Klass*, Symbol*, Symbol*, JavaThread*)+0x64
V  [libjvm.dylib+0x5c5de0]  thread_entry(JavaThread*, JavaThread*)+0x9c
V  [libjvm.dylib+0x4fbd98]  JavaThread::thread_main_inner()+0x9c
V  [libjvm.dylib+0xaf6dcc]  Thread::call_run()+0xc8
V  [libjvm.dylib+0x896708]  thread_native_entry(Thread*)+0x118
C  [libsystem_pthread.dylib+0x6c58]  _pthread_start+0x88
Java frames: (J=compiled Java code, j=interpreted, Vv=VM code)
v  ~RuntimeStub::nep_invoker_blob 0x000000011bfd56cc
J 28604 c1 java.lang.invoke.LambdaForm$MH+0x00003fe0020b3c00.invoke(Ljava/lang/Object;Ljava/lang/Object;Ljava/lang/Object;Ljava/lang/Object;)Ljava/lang/Object; java.base@25 (116 bytes) @ 0x0000000116801b78 [0x0000000116800600+0x0000000000001578]
J 26350 c1 java.lang.invoke.LambdaForm$MH+0x00003fe0020b1800.invoke(Ljava/lang/Object;Ljava/lang/Object;Ljava/lang/Object;)Ljava/lang/Object; java.base@25 (63 bytes) @ 0x0000000116600358 [0x00000001165ff800+0x0000000000000b58]
J 20869 c1 java.lang.invoke.MethodHandle.invokeWithArguments([Ljava/lang/Object;)Ljava/lang/Object; java.base@25 (32 bytes) @ 0x0000000115eaf7a4 [0x0000000115eaf000+0x00000000000007a4]
J 25020 c1 org.opensearch.nativebridge.spi.NativeCall.invoke(Ljava/lang/invoke/MethodHandle;[Ljava/lang/Object;)J (34 bytes) @ 0x00000001160f49fc [0x00000001160f4840+0x00000000000001bc]
J 26354 c1 org.opensearch.be.datafusion.nativelib.NativeBridge.senderSend(JJJ)J (117 bytes) @ 0x0000000116608bc8 [0x0000000116608040+0x0000000000000b88]
J 26352 c1 org.opensearch.be.datafusion.DatafusionReduceSink.feedToSender(Lorg/opensearch/be/datafusion/DatafusionPartitionSender;Lorg/apache/arrow/vector/VectorSchemaRoot;)V (218 bytes) @ 0x0000000116601a50 [0x0000000116601140+0x0000000000000910]
J 26351 c1 org.opensearch.be.datafusion.DatafusionReduceSink$ChildSink.feed(Lorg/apache/arrow/vector/VectorSchemaRoot;)V (13 bytes) @ 0x0000000116600f64 [0x0000000116600e80+0x00000000000000e4]
J 20479 c1 org.opensearch.analytics.exec.stage.ShardFragmentStageExecution$1.lambda$onStreamResponse$0(ZLorg/opensearch/core/action/ActionResponse;Ljava/util/function/Function;)V (246 bytes) @ 0x0000000115e3f670 [0x0000000115e3dc00+0x0000000000001a70]
J 20478 c1 org.opensearch.analytics.exec.stage.ShardFragmentStageExecution$1$$Lambda+0x00003fe0020779e8.run()V (20 bytes) @ 0x0000000115e3da30 [0x0000000115e3d940+0x00000000000000f0]
J 20466 c1 org.opensearch.threadpool.TaskAwareRunnable.doRun()V (167 bytes) @ 0x0000000115e2f67c [0x0000000115e2eb80+0x0000000000000afc]
J 26457 c2 org.opensearch.common.util.concurrent.AbstractRunnable.run()V (32 bytes) @ 0x000000011ca0dd18 [0x000000011ca0dcc0+0x0000000000000058]
J 20465 c1 org.opensearch.common.util.concurrent.TimedRunnable.doRun()V (37 bytes) @ 0x0000000115e2e908 [0x0000000115e2e780+0x0000000000000188]
J 31939 c2 org.opensearch.common.util.concurrent.ThreadContext$ContextPreservingAbstractRunnable.doRun()V (28 bytes) @ 0x000000011ce33eb0 [0x000000011ce33c00+0x00000000000002b0]
J 26457 c2 org.opensearch.common.util.concurrent.AbstractRunnable.run()V (32 bytes) @ 0x000000011ca0dd18 [0x000000011ca0dcc0+0x0000000000000058]
J 20515 c1 java.util.concurrent.ThreadPoolExecutor.runWorker(Ljava/util/concurrent/ThreadPoolExecutor$Worker;)V java.base@25 (187 bytes) @ 0x0000000115d9c7b8 [0x0000000115d9bac0+0x0000000000000cf8]
J 21926 c1 java.util.concurrent.ThreadPoolExecutor$Worker.run()V java.base@25 (9 bytes) @ 0x000000011601e5fc [0x000000011601e540+0x00000000000000bc]
J 19572 c1 java.lang.Thread.run()V java.base@25 (23 bytes) @ 0x0000000115d43890 [0x0000000115d435c0+0x00000000000002d0]
v  ~StubRoutines::call_stub 0x000000011be30154

siginfo: si_signo: 11 (SIGSEGV), si_code: 2 (SEGV_ACCERR), si_addr: 0x0000000000000088

Registers:
 x0=0x0000000000000088  x1=0x00000003012654e0  x2=0x000000013ccd41c0  x3=0x0000000000000000
 x4=0x0000000000000000  x5=0x00000000000000a0  x6=0x0000000000000000  x7=0x0000000000000000
 x8=0x0000000000000001  x9=0x000000013caf4db0 x10=0x0000000000000000 x11=0x0000000000000000
x12=0x0000000301265478 x13=0x0000000000000000 x14=0x0000000000000000 x15=0x0000000000000000
x16=0x0000000000000078 x17=0x000000073fc5ad00 x18=0x0000000000000000 x19=0x0000000301265580
x20=0x0000000000000000 x21=0x0000000000000001 x22=0x000000073fc5ad78 x23=0x000000013caf4db0
x24=0x00000003012653b0 x25=0x0000000000000001 x26=0x0000000000000003 x27=0x0000000000008001
x28=0x000000074a35d000  fp=0x0000000301265340  lr=0x000000013ea19ce0  sp=0x00000003012652f0
pc=0x000000013ea19ce4 cpsr=0x0000000080001000

Register to memory mapping:

x0 =0x0000000000000088 is an unknown value
x1 =0x00000003012654e0 is pointing into the stack for thread: 0x000000074a35d000
x2 =0x000000013ccd41c0 points into unknown readable memory: 0x7382f93db9fc0500 | 00 05 fc b9 3d f9 82 73
x3 =0x0 is null
x4 =0x0 is null
x5 =0x00000000000000a0 is an unknown value
x6 =0x0 is null
x7 =0x0 is null
x8 =0x0000000000000001 is an unknown value
x9 =0x000000013caf4db0 points into unknown readable memory: 0x0000000000000000 | 00 00 00 00 00 00 00 00
x10=0x0 is null
x11=0x0 is null
x12=0x0000000301265478 is pointing into the stack for thread: 0x000000074a35d000
x13=0x0 is null
x14=0x0 is null
x15=0x0 is null
x16=0x0000000000000078 is an unknown value
x17=0x000000073fc5ad00 points into unknown readable memory: 0x0000000000000000 | 00 00 00 00 00 00 00 00
x18=0x0 is null
x19=0x0000000301265580 is pointing into the stack for thread: 0x000000074a35d000
x20=0x0 is null
x21=0x0000000000000001 is an unknown value
x22=0x000000073fc5ad78 points into unknown readable memory: 0x0000000000000000 | 00 00 00 00 00 00 00 00
x23=0x000000013caf4db0 points into unknown readable memory: 0x0000000000000000 | 00 00 00 00 00 00 00 00
x24=0x00000003012653b0 is pointing into the stack for thread: 0x000000074a35d000
x25=0x0000000000000001 is an unknown value
x26=0x0000000000000003 is an unknown value
x27=0x0000000000008001 is an unknown value
x28=0x000000074a35d000 is a thread
 fp=0x0000000301265340 is pointing into the stack for thread: 0x000000074a35d000
 lr=0x000000013ea19ce0: _RNvMs6_NtNtNtCsjbGEoXiUddZ_5tokio4sync4mpsc4chanINtB5_2TxINtNtCsl8K0bEFm1U0_4core6result6ResultNtNtCsIuYH9vLXES_11arrow_array12record_batch11RecordBatchNtNtCs2x2Q9D3ga60_17datafusion_common5error15DataFusionErrorENtNtB7_7bounded9SemaphoreE4sendCsfavcsQER4Sb_24datafusion_physical_plan+0x34 in /Users/handalm/.cargo-target-shared/debug/libopensearch_native.dylib at 0x000000013dbb4000
 sp=0x00000003012652f0 is pointing into the stack for thread: 0x000000074a35d000

Top of Stack: (sp=0x00000003012652f0)
0x00000003012652f0:   0000000000000000 0000000000000001   ................
0x0000000301265300:   0000000139580550 0000000000000001   P.X9............
0x0000000301265310:   000000013d2b42e0 0000000000001388   .B+=............
0x0000000301265320:   000000073fc5ad78 000000030126567f   x..?.....V&.....
0x0000000301265330:   00000003012656f0 0000000301265580   .V&......U&.....
0x0000000301265340:   0000000301265370 000000013ea56a8c   pS&......j.>....
0x0000000301265350:   000000073fc5ad78 000000013caf4db0   x..?.....M.<....
0x0000000301265360:   00000003012656f0 0000000301265580   .V&......U&.....
0x0000000301265370:   0000000301265570 000000013e7d1130   pU&.....0.}>....
0x0000000301265380:   00000001424755b0 000000013b8e4010   .UGB.....@.;....
0x0000000301265390:   0000000301265380 0000000301265380   .S&......S&.....
0x00000003012653a0:   0000000000000000 0000000000000271   ........q.......
0x00000003012653b0:   0000000000000000 0000000000000001   ................
0x00000003012653c0:   0000000139580550 0000000000000001   P.X9............
0x00000003012653d0:   000000013d2b42e0 0000000000001388   .B+=............
0x00000003012653e0:   000000013caf4db0 0000000000000000   .M.<............
0x00000003012653f0:   0000000000000001 0000000139580550   ........P.X9....
0x0000000301265400:   0000000000000001 000000013d2b42e0   .........B+=....
0x0000000301265410:   0000000000001388 000000013caf4db0   .........M.<....
0x0000000301265420:   000000013caf4db0 000000013caf4db0   .M.<.....M.<....
0x0000000301265430:   0000000000000001 000000013caf4db0   .........M.<....
0x0000000301265440:   0000000000000001 0000000000000001   ................
0x0000000301265450:   000000013ccd41c0 0000000000000000   .A.<............
0x0000000301265460:   000000013b8e4010 0000000000000000   .@.;............
0x0000000301265470:   0000000000000000 0000000000000000   ................
0x0000000301265480:   0000000000000001 0000000000004e00   .........N......
0x0000000301265490:   0000000000000001 0000000000000003   ................
0x00000003012654a0:   0000000109fd2e80 000000073fc6c800   ...........?....
0x00000003012654b0:   0000000000000271 0000000000000000   q...............
0x00000003012654c0:   0000000000001388 0000000c3a230438   ........8.#:....
0x00000003012654d0:   0000000000000000 0000000000000001   ................
0x00000003012654e0:   0000000000000000 0000000000000001   ................

Instructions: (pc=0x000000013ea19ce4)
  0x000000013ea19be4:   08 00 80 52 e0 03 13 aa 05 00 00 14 08 00 80 52
  0x000000013ea19bf4:   03 00 00 14 01 1b 90 94 28 00 80 52 68 01 00 36
  0x000000013ea19c04:   e8 23 40 f9 09 00 80 92 08 01 69 f8 1f 05 00 f1
  0x000000013ea19c14:   c1 00 00 54 bf 39 03 d5 f3 03 00 aa e0 03 01 91
  0x000000013ea19c24:   95 69 30 94 e0 03 13 aa 6d 1c 90 94 f3 1a 90 94
  0x000000013ea19c34:   ff c3 00 d1 f4 4f 01 a9 fd 7b 02 a9 fd 83 00 91
  0x000000013ea19c44:   13 84 40 f8 f3 03 00 a9 60 42 00 91 47 c2 ff 97
  0x000000013ea19c54:   7f 06 00 b1 a0 00 00 54 68 06 40 f9 08 05 00 f1
  0x000000013ea19c64:   68 06 00 f9 a0 00 00 54 fd 7b 42 a9 f4 4f 41 a9
  0x000000013ea19c74:   ff c3 00 91 c0 03 5f d6 e0 03 13 aa 01 0c 80 52
  0x000000013ea19c84:   02 01 80 52 fd 7b 42 a9 f4 4f 41 a9 ff c3 00 91
  0x000000013ea19c94:   7e 6b c6 17 f3 03 00 aa e0 03 00 91 0d c3 ff 97
  0x000000013ea19ca4:   e0 03 13 aa 4e 1c 90 94 ff 83 01 d1 f6 57 03 a9
  0x000000013ea19cb4:   f4 4f 04 a9 fd 7b 05 a9 fd 43 01 91 14 00 40 f9
  0x000000013ea19cc4:   20 04 40 ad e0 07 00 ad 20 08 c0 3d e0 0b 80 3d
  0x000000013ea19cd4:   35 00 80 52 80 22 02 91 d0 cb 4e 94 35 00 80 52
=>0x000000013ea19ce4:   13 00 b5 f8 80 02 02 91 e1 03 13 aa fd 85 fe 97
  0x000000013ea19cf4:   73 12 40 92 08 06 80 52 68 02 a8 9b e0 07 40 ad
  0x000000013ea19d04:   e2 0b c0 3d 01 89 00 ad 00 01 80 3d 15 00 80 52
  0x000000013ea19d14:   00 40 18 91 c1 cb 4e 94 28 00 80 52 08 21 d3 9a
  0x000000013ea19d24:   08 30 68 f8 80 02 04 91 fd 7b 45 a9 f4 4f 44 a9
  0x000000013ea19d34:   f6 57 43 a9 ff 83 01 91 b6 03 4f 14 f3 03 00 aa
  0x000000013ea19d44:   75 00 00 36 e0 03 00 91 5b 58 fe 97 e0 03 13 aa
  0x000000013ea19d54:   23 1c 90 94 a9 1a 90 94 fd 7b bf a9 fd 03 00 91
  0x000000013ea19d64:   08 00 40 f9 00 01 07 91 fd 7b c1 a8 c0 03 5f d6
  0x000000013ea19d74:   ff c3 02 d1 f6 57 08 a9 f4 4f 09 a9 fd 7b 0a a9
  0x000000013ea19d84:   fd 83 02 91 f6 03 00 aa f3 03 08 aa 34 00 40 f9
  0x000000013ea19d94:   e1 03 14 aa a2 90 fe 97 40 04 00 b4 f5 03 00 aa
  0x000000013ea19da4:   e0 87 00 a9 08 40 00 91 a9 cb 01 90 29 81 1d 91
  0x000000013ea19db4:   a9 23 3d a9 a0 c3 00 d1 39 8b 4e 94 e0 03 04 a9
  0x000000013ea19dc4:   ff 2b 00 f9 a0 a2 00 91 1f 08 40 f2 01 07 00 54
  0x000000013ea19dd4:   e8 63 00 91 e1 03 01 91 32 08 00 94 e8 0f 40 f9


Stack slot to memory mapping:

stack at sp + 0 slots: 0x0 is null
stack at sp + 1 slots: 0x0000000000000001 is an unknown value
stack at sp + 2 slots: 0x0000000139580550 points into unknown readable memory: 0x000000013ca66300 | 00 63 a6 3c 01 00 00 00
stack at sp + 3 slots: 0x0000000000000001 is an unknown value
stack at sp + 4 slots: 0x000000013d2b42e0 points into unknown readable memory: 0x0000000000000001 | 01 00 00 00 00 00 00 00
stack at sp + 5 slots: 0x0000000000001388 is an unknown value
stack at sp + 6 slots: 0x000000073fc5ad78 points into unknown readable memory: 0x0000000000000000 | 00 00 00 00 00 00 00 00
stack at sp + 7 slots: 0x000000030126567f is pointing into the stack for thread: 0x000000074a35d000

Lock stack of current Java thread (top to bottom):

--------------------------------------------------------------------------------
Decoding CodeBlob, name: nep_invoker_blob, at  [0x000000011bfd56c0, 0x000000011bfd5790]  208 bytes
[MachCode]
  0x000000011bfd56c0: fd7b bfa9 | fd03 0091 | bf43 00d1 | 0900 0010 | 890b 02f9 | e903 0091 | 8907 02f9 | 9d0f 02f9 
  0x000000011bfd56e0: e903 7eb2 | 8ad3 1291 | 49fd 9f88 | e903 01aa | e103 03aa | e003 02aa | e203 04aa | 2001 3fd6 
  0x000000011bfd5700: a900 80d2 | 89b7 04b9 | bf3b 03d5 | 89a3 0091 | 29fd dfc8 | bf03 09eb | e801 0054 | 89b3 44b9 
  0x000000011bfd5720: a901 0035 | e903 7db2 | 8ad3 1291 | 49fd 9f88 | 89c3 5439 | 3f09 0071 | e001 0054 | 9f07 02f9 
  0x000000011bfd5740: 9f0f 02f9 | 9f0b 02f9 | bf03 0091 | fd7b c1a8 | c003 5fd6 | e003 00f9 | e003 1caa | 8937 8ad2 
  0x000000011bfd5760: 6962 a1f2 | 2900 c0f2 | 2001 3fd6 | e003 40f9 | edff ff17 | e003 00f9 | 09a8 86d2 | 096b a1f2 
  0x000000011bfd5780: 2900 c0f2 | 2001 3fd6 | e003 40f9 | ecff ff17 
[/MachCode]
--------------------------------------------------------------------------------


Compiled method (c1) 47864 28604       3       java.lang.invoke.LambdaForm$MH/0x00003fe0020b3c00::invoke (116 bytes)
 total in heap  [0x0000000116800508,0x0000000116802868] = 9056
 main code      [0x0000000116800600,0x0000000116802548] = 8008
 stub code      [0x0000000116802548,0x00000001168027a0] = 600
 oops           [0x00000001168027a0,0x0000000116802868] = 200
 mutable data [0x0000000745f15500,0x0000000745f15bc8] = 1736
 relocation     [0x0000000745f15500,0x0000000745f15940] = 1088
 metadata       [0x0000000745f15940,0x0000000745f15bc8] = 648
 immutable data [0x0000000753055800,0x0000000753056360] = 2912
 dependencies   [0x0000000753055800,0x0000000753055840] = 64
 handler table  [0x0000000753055840,0x0000000753055870] = 48
 scopes pcs     [0x0000000753055870,0x0000000753055c10] = 928
 scopes data    [0x0000000753055c10,0x0000000753056360] = 1872

[Constant Pool (empty)]

[MachCode]
[Verified Entry Point]
  # {method} {0x0000000149e14750} 'invoke' '(Ljava/lang/Object;Ljava/lang/Object;Ljava/lang/Object;Ljava/lang/Object;)Ljava/lang/Object;' in 'java/lang/invoke/LambdaForm$MH+0x00003fe0020b3c00'
  # parm0:    c_rarg1:c_rarg1 
                        = 'java/lang/Object'
  # parm1:    c_rarg2:c_rarg2 
                        = 'java/lang/Object'
  # parm2:    c_rarg3:c_rarg3 
                        = 'java/lang/Object'
  # parm3:    c_rarg4:c_rarg4 
                        = 'java/lang/Object'
  #           [sp+0x1f0]  (sp of caller)
  0x0000000116800600: 1f20 03d5 | e953 40d1 | 3f01 00f9 | ffc3 07d1 | fd7b 1ea9 | 2801 0018 | 8923 40b9 | 1f01 09eb 
  0x0000000116800620: e000 0054 

  0x0000000116800624: ;   {runtime_call Stub::method_entry_barrier}
  0x0000000116800624: 0830 88d2 | e87c a3f2 | 2800 c0f2 | 0001 3fd6 | 0200 0014 | 3f00 0000 | fd03 02aa 

  0x0000000116800640: ;   {metadata(method data for {method} {0x0000000149e14750} 'invoke' '(Ljava/lang/Object;Ljava/lang/Object;Ljava/lang/Object;Ljava/lang/Object;)Ljava/lang/Object;' in 'java/lang/invoke/LambdaForm$MH+0x00003fe0020b3c00')}
  0x0000000116800640: 0200 88d2 | a245 a9f2 | 2200 c0f2 | 42c0 0f91 | e003 01aa | a000 00b5 | 4900 40f9 | 2901 40b2 
  0x0000000116800660: 4900 00f9 | 1600 0014 | 0008 40b9 | 0020 5bd2 | 4900 40f9 | 0000 09ca | 08f4 7e92 | 0802 00b4 
  0x0000000116800680: e001 0837 | a901 00b4 | 3f05 00f1 | 6001 0054 | bf39 03d5 | 0000 09ca | 4900 40f9 | 0000 09ca 
  0x00000001168006a0: 08f4 7e92 | c800 00b4 | 4900 40f9 | 2901 7fb2 | 4900 00f9 | 0200 0014 | 4000 00f9 | e003 1daa 
  0x00000001168006c0: a000 00b5 | 4908 40f9 | 2901 40b2 | 4908 00f9 | 1600 0014 | 0008 40b9 | 0020 5bd2 | 4908 40f9 
  0x00000001168006e0: 0000 09ca | 08f4 7e92 | 0802 00b4 | e001 0837 | a901 00b4 | 3f05 00f1 | 6001 0054 | bf39 03d5 
  0x0000000116800700: 0000 09ca | 4908 40f9 | 0000 09ca | 08f4 7e92 | c800 00b4 | 4908 40f9 | 2901 7fb2 | 4908 00f9 
  0x0000000116800720: 0200 0014 | 4008 00f9 

  0x0000000116800728: ;   {metadata(method data for {method} {0x0000000149e14750} 'invoke' '(Ljava/lang/Object;Ljava/lang/Object;Ljava/lang/Object;Ljava/lang/Object;)Ljava/lang/Object;' in 'java/lang/invoke/LambdaForm$MH+0x00003fe0020b3c00')}
  0x0000000116800728: 0200 88d2 | a245 a9f2 | 2200 c0f2 | 4090 40b9 | 0008 0011 | 4090 00b9 | 0024 1f12 | 1f00 0071 
  0x0000000116800748: 00c8 0054 | fdd3 00f9 

  0x0000000116800750: ;   {metadata(method data for {method} {0x0000000149e14750} 'invoke' '(Ljava/lang/Object;Ljava/lang/Object;Ljava/lang/Object;Ljava/lang/Object;)Ljava/lang/Object;' in 'java/lang/invoke/LambdaForm$MH+0x00003fe0020b3c00')}
  0x0000000116800750: 0100 88d2 | a145 a9f2 | 2100 c0f2 | 21a0 0591 | e203 04aa | a200 00b5 | 2904 40f9 | 2901 40b2 
  0x0000000116800770: 2904 00f9 | 1600 0014 | 4208 40b9 | 4220 5bd2 | 2904 40f9 | 4200 09ca | 48f4 7e92 | 0802 00b4 
  0x0000000116800790: e201 0837 | a901 00b4 | 3f05 00f1 | 6001 0054 | bf39 03d5 | 4200 09ca | 2904 40f9 | 4200 09ca 
  0x00000001168007b0: 48f4 7e92 | c800 00b4 | 2904 40f9 | 2901 7fb2 | 2904 00f9 | 0200 0014 | 2204 00f9 

  0x00000001168007cc: ;   {metadata(method data for {method} {0x0000000130b0ba98} 'invoke' '(Ljava/lang/Object;Ljava/lang/Object;)J' in 'java/lang/invoke/LambdaForm$MH+0x00003fe001144400')}
  0x00000001168007cc: 01a1 97d2 | 0116 a6f2 | 2100 c0f2 | 2180 0791 | e203 04aa | 8200 00b5 | 2908 40f9 | 2901 40b2 
  0x00000001168007ec: 2908 00f9 

  0x00000001168007f0: ;   {metadata(method data for {method} {0x0000000149e14750} 'invoke' '(Ljava/lang/Object;Ljava/lang/Object;Ljava/lang/Object;Ljava/lang/Object;)Ljava/lang/Object;' in 'java/lang/invoke/LambdaForm$MH+0x00003fe0020b3c00')}
  0x00000001168007f0: 0100 88d2 | a145 a9f2 | 2100 c0f2 | 289c 40f9 | 0805 0091 | 289c 00f9 

  0x0000000116800808: ;   {metadata(method data for {method} {0x0000000130b0ba98} 'invoke' '(Ljava/lang/Object;Ljava/lang/Object;)J' in 'java/lang/invoke/LambdaForm$MH+0x00003fe001144400')}
  0x0000000116800808: 01a1 97d2 | 0116 a6f2 | 2100 c0f2 | 2290 40b9 | 4208 0011 | 2290 00b9 | 424c 1f12 | 5f00 0071 
  0x0000000116800828: 00c2 0054 

  0x000000011680082c: ;   {metadata(method data for {method} {0x0000000130b0ba98} 'invoke' '(Ljava/lang/Object;Ljava/lang/Object;)J' in 'java/lang/invoke/LambdaForm$MH+0x00003fe001144400')}
  0x000000011680082c: 01a1 97d2 | 0116 a6f2 | 2100 c0f2 | 21a0 0591 | e203 04aa | 8200 00b5 | 2904 40f9 | 2901 40b2 
  0x000000011680084c: 2904 00f9 

  0x0000000116800850: ;   {metadata(method data for {method} {0x0000000130b09a80} 'invokeStatic' '(Ljava/lang/Object;Ljava/lang/Object;I)J' in 'java/lang/invoke/LambdaForm$DMH+0x00003fe001143400')}
  0x0000000116800850: 019b 93d2 | 0116 a6f2 | 2100 c0f2 | 2160 0791 | e203 04aa | 8200 00b5 | 2908 40f9 | 2901 40b2 
  0x0000000116800870: 2908 00f9 

  0x0000000116800874: ;   {metadata(method data for {method} {0x0000000130b0ba98} 'invoke' '(Ljava/lang/Object;Ljava/lang/Object;)J' in 'java/lang/invoke/LambdaForm$MH+0x00003fe001144400')}
  0x0000000116800874: 01a1 97d2 | 0116 a6f2 | 2100 c0f2 | 289c 40f9 | 0805 0091 | 289c 00f9 

  0x000000011680088c: ;   {metadata(method data for {method} {0x0000000130b09a80} 'invokeStatic' '(Ljava/lang/Object;Ljava/lang/Object;I)J' in 'java/lang/invoke/LambdaForm$DMH+0x00003fe001143400')}
  0x000000011680088c: 019b 93d2 | 0116 a6f2 | 2100 c0f2 | 2290 40b9 | 4208 0011 | 2290 00b9 | 424c 1f12 | 5f00 0071 
  0x00000001168008ac: e0be 0054 

  0x00000001168008b0: ;   {metadata(method data for {method} {0x0000000130b09a80} 'invokeStatic' '(Ljava/lang/Object;Ljava/lang/Object;I)J' in 'java/lang/invoke/LambdaForm$DMH+0x00003fe001143400')}
  0x00000001168008b0: 019b 93d2 | 0116 a6f2 | 2100 c0f2 | 286c 40f9 | 0805 0091 | 286c 00f9 

  0x00000001168008c8: ;   {metadata(method data for {method} {0x00003fe000200458} 'internalMemberName' '(Ljava/lang/Object;)Ljava/lang/Object;' in 'java/lang/invoke/DirectMethodHandle')}
  0x00000001168008c8: 0179 8fd2 | 610d a6f2 | 2100 c0f2 | 2290 40b9 | 4208 0011 | 2290 00b9 | 424c 1f12 | 5f00 0071 
  0x00000001168008e8: 00be 0054 

  0x00000001168008ec: ;   {metadata(method data for {method} {0x0000000130b09a80} 'invokeStatic' '(Ljava/lang/Object;Ljava/lang/Object;I)J' in 'java/lang/invoke/LambdaForm$DMH+0x00003fe001143400')}
  0x00000001168008ec: 019b 93d2 | 0116 a6f2 | 2100 c0f2 | 2120 0591 | e203 04aa | 8200 00b5 | 2904 40f9 | 2901 40b2 
  0x000000011680090c: 2904 00f9 

  0x0000000116800910: ;   {metadata(method data for {method} {0x0000000130b09a80} 'invokeStatic' '(Ljava/lang/Object;Ljava/lang/Object;I)J' in 'java/lang/invoke/LambdaForm$DMH+0x00003fe001143400')}
  0x0000000116800910: 019b 93d2 | 0116 a6f2 | 2100 c0f2 | 289c 40f9 | 0805 0091 | 289c 00f9 

  0x0000000116800928: ;   {oop(a 'java/lang/invoke/MemberName'{0x0000000c0bcedd30} = {method} {0x00003fe0001c3e10} 'unboxLong' '(Ljava/lang/Object;Z)J' in 'sun/invoke/util/ValueConversions')}
  0x0000000116800928: 00a6 9bd2 | c079 a1f2 | 8001 c0f2 | e103 04aa | 0200 a052 | e403 03aa | e303 00aa | e0d7 00f9 
  0x0000000116800948: fd03 04aa 

  0x000000011680094c: ; ImmutableOopMap {rfp=Oop [416]=Oop [424]=Oop }
                      ;*invokestatic linkToStatic {reexecute=0 rethrow=0 return_oop=0}
                      ; - java.lang.invoke.LambdaForm$DMH/0x00003fe001143400::invokeStatic@11
                      ; - java.lang.invoke.LambdaForm$MH/0x00003fe001144400::invoke@21
                      ; - java.lang.invoke.LambdaForm$MH/0x00003fe0020b3c00::invoke@24
                      ;   {static_call}
  0x000000011680094c: cd16 7095 

  0x0000000116800950: ;   {post_call_nop}
  0x0000000116800950: 1f20 03d5 | 1f89 80f2 | 1f00 80f2 | e0e3 00f9 

  0x0000000116800960: ;   {metadata(method data for {method} {0x0000000149e14750} 'invoke' '(Ljava/lang/Object;Ljava/lang/Object;Ljava/lang/Object;Ljava/lang/Object;)Ljava/lang/Object;' in 'java/lang/invoke/LambdaForm$MH+0x00003fe0020b3c00')}
  0x0000000116800960: 0100 88d2 | a145 a9f2 | 2100 c0f2 | 21c0 0691 | e203 1daa | a200 00b5 | 2904 40f9 | 2901 40b2 
  0x0000000116800980: 2904 00f9 | 1600 0014 | 4208 40b9 | 4220 5bd2 | 2904 40f9 | 4200 09ca | 48f4 7e92 | 0802 00b4 
  0x00000001168009a0: e201 0837 | a901 00b4 | 3f05 00f1 | 6001 0054 | bf39 03d5 | 4200 09ca | 2904 40f9 | 4200 09ca 
  0x00000001168009c0: 48f4 7e92 | c800 00b4 | 2904 40f9 | 2901 7fb2 | 2904 00f9 | 0200 0014 | 2204 00f9 

  0x00000001168009dc: ;   {metadata(method data for {method} {0x0000000130b0ba98} 'invoke' '(Ljava/lang/Object;Ljava/lang/Object;)J' in 'java/lang/invoke/LambdaForm$MH+0x00003fe001144400')}
  0x00000001168009dc: 01a1 97d2 | 0116 a6f2 | 2100 c0f2 | 2180 0791 | e203 1daa | 8200 00b5 | 2908 40f9 | 2901 40b2 
  0x00000001168009fc: 2908 00f9 

  0x0000000116800a00: ;   {metadata(method data for {method} {0x0000000149e14750} 'invoke' '(Ljava/lang/Object;Ljava/lang/Object;Ljava/lang/Object;Ljava/lang/Object;)Ljava/lang/Object;' in 'java/lang/invoke/LambdaForm$MH+0x00003fe0020b3c00')}
  0x0000000116800a00: 0100 88d2 | a145 a9f2 | 2100 c0f2 | 28c0 40f9 | 0805 0091 | 28c0 00f9 

  0x0000000116800a18: ;   {metadata(method data for {method} {0x0000000130b0ba98} 'invoke' '(Ljava/lang/Object;Ljava/lang/Object;)J' in 'java/lang/invoke/LambdaForm$MH+0x00003fe001144400')}
  0x0000000116800a18: 01a1 97d2 | 0116 a6f2 | 2100 c0f2 | 2290 40b9 | 4208 0011 | 2290 00b9 | 424c 1f12 | 5f00 0071 
  0x0000000116800a38: 80b4 0054 

  0x0000000116800a3c: ;   {metadata(method data for {method} {0x0000000130b0ba98} 'invoke' '(Ljava/lang/Object;Ljava/lang/Object;)J' in 'java/lang/invoke/LambdaForm$MH+0x00003fe001144400')}
  0x0000000116800a3c: 01a1 97d2 | 0116 a6f2 | 2100 c0f2 | 21a0 0591 | e203 1daa | 8200 00b5 | 2904 40f9 | 2901 40b2 
  0x0000000116800a5c: 2904 00f9 

  0x0000000116800a60: ;   {metadata(method data for {method} {0x0000000130b09a80} 'invokeStatic' '(Ljava/lang/Object;Ljava/lang/Object;I)J' in 'java/lang/invoke/LambdaForm$DMH+0x00003fe001143400')}
  0x0000000116800a60: 019b 93d2 | 0116 a6f2 | 2100 c0f2 | 2160 0791 | e203 1daa | 8200 00b5 | 2908 40f9 | 2901 40b2 
  0x0000000116800a80: 2908 00f9 

  0x0000000116800a84: ;   {metadata(method data for {method} {0x0000000130b0ba98} 'invoke' '(Ljava/lang/Object;Ljava/lang/Object;)J' in 'java/lang/invoke/LambdaForm$MH+0x00003fe001144400')}
  0x0000000116800a84: 01a1 97d2 | 0116 a6f2 | 2100 c0f2 | 289c 40f9 | 0805 0091 | 289c 00f9 

  0x0000000116800a9c: ;   {metadata(method data for {method} {0x0000000130b09a80} 'invokeStatic' '(Ljava/lang/Object;Ljava/lang/Object;I)J' in 'java/lang/invoke/LambdaForm$DMH+0x00003fe001143400')}
  0x0000000116800a9c: 019b 93d2 | 0116 a6f2 | 2100 c0f2 | 2290 40b9 | 4208 0011 | 2290 00b9 | 424c 1f12 | 5f00 0071 
  0x0000000116800abc: 60b1 0054 

  0x0000000116800ac0: ;   {metadata(method data for {method} {0x0000000130b09a80} 'invokeStatic' '(Ljava/lang/Object;Ljava/lang/Object;I)J' in 'java/lang/invoke/LambdaForm$DMH+0x00003fe001143400')}
  0x0000000116800ac0: 019b 93d2 | 0116 a6f2 | 2100 c0f2 | 286c 40f9 | 0805 0091 | 286c 00f9 

  0x0000000116800ad8: ;   {metadata(method data for {method} {0x00003fe000200458} 'internalMemberName' '(Ljava/lang/Object;)Ljava/lang/Object;' in 'java/lang/invoke/DirectMethodHandle')}
  0x0000000116800ad8: 0179 8fd2 | 610d a6f2 | 2100 c0f2 | 2290 40b9 | 4208 0011 | 2290 00b9 | 424c 1f12 | 5f00 0071 
  0x0000000116800af8: 80b0 0054 

  0x0000000116800afc: ;   {metadata(method data for {method} {0x0000000130b09a80} 'invokeStatic' '(Ljava/lang/Object;Ljava/lang/Object;I)J' in 'java/lang/invoke/LambdaForm$DMH+0x00003fe001143400')}
  0x0000000116800afc: 019b 93d2 | 0116 a6f2 | 2100 c0f2 | 2120 0591 | e203 1daa | 8200 00b5 | 2904 40f9 | 2901 40b2 
  0x0000000116800b1c: 2904 00f9 

  0x0000000116800b20: ;   {metadata(method data for {method} {0x0000000130b09a80} 'invokeStatic' '(Ljava/lang/Object;Ljava/lang/Object;I)J' in 'java/lang/invoke/LambdaForm$DMH+0x00003fe001143400')}
  0x0000000116800b20: 019b 93d2 | 0116 a6f2 | 2100 c0f2 | 289c 40f9 | 0805 0091 | 289c 00f9 | e103 1daa | 0200 a052 
  0x0000000116800b40: e3d7 40f9 

  0x0000000116800b44: ; ImmutableOopMap {[416]=Oop [424]=Oop }
                      ;*invokestatic linkToStatic {reexecute=0 rethrow=0 return_oop=0}
                      ; - java.lang.invoke.LambdaForm$DMH/0x00003fe001143400::invokeStatic@11
                      ; - java.lang.invoke.LambdaForm$MH/0x00003fe001144400::invoke@21
                      ; - java.lang.invoke.LambdaForm$MH/0x00003fe0020b3c00::invoke@32
                      ;   {static_call}
  0x0000000116800b44: 4f16 7095 

  0x0000000116800b48: ;   {post_call_nop}
  0x0000000116800b48: 1f20 03d5 | 1fc8 80f2 | 1f20 80f2 | e0db 00f9 

  0x0000000116800b58: ;   {metadata(method data for {method} {0x0000000149e14750} 'invoke' '(Ljava/lang/Object;Ljava/lang/Object;Ljava/lang/Object;Ljava/lang/Object;)Ljava/lang/Object;' in 'java/lang/invoke/LambdaForm$MH+0x00003fe0020b3c00')}
  0x0000000116800b58: 0100 88d2 | a145 a9f2 | 2100 c0f2 | 21e0 0791 | e2d3 40f9 | e303 02aa | a300 00b5 | 2904 40f9 
  0x0000000116800b78: 2901 40b2 | 2904 00f9 | 1600 0014 | 6308 40b9 | 6320 5bd2 | 2904 40f9 | 6300 09ca | 68f4 7e92 
  0x0000000116800b98: 0802 00b4 | e301 0837 | a901 00b4 | 3f05 00f1 | 6001 0054 | bf39 03d5 | 6300 09ca | 2904 40f9 
  0x0000000116800bb8: 6300 09ca | 68f4 7e92 | c800 00b4 | 2904 40f9 | 2901 7fb2 | 2904 00f9 | 0200 0014 | 2304 00f9 
  0x0000000116800bd8: ;   {metadata(method data for {method} {0x0000000130b0ba98} 'invoke' '(Ljava/lang/Object;Ljava/lang/Object;)J' in 'java/lang/invoke/LambdaForm$MH+0x00003fe001144400')}
  0x0000000116800bd8: 01a1 97d2 | 0116 a6f2 | 2100 c0f2 | 2180 0791 | e303 02aa | 8300 00b5 | 2908 40f9 | 2901 40b2 
  0x0000000116800bf8: 2908 00f9 

  0x0000000116800bfc: ;   {metadata(method data for {method} {0x0000000149e14750} 'invoke' '(Ljava/lang/Object;Ljava/lang/Object;Ljava/lang/Object;Ljava/lang/Object;)Ljava/lang/Object;' in 'java/lang/invoke/LambdaForm$MH+0x00003fe0020b3c00')}
  0x0000000116800bfc: 0100 88d2 | a145 a9f2 | 2100 c0f2 | 28e4 40f9 | 0805 0091 | 28e4 00f9 

  0x0000000116800c14: ;   {metadata(method data for {method} {0x0000000130b0ba98} 'invoke' '(Ljava/lang/Object;Ljava/lang/Object;)J' in 'java/lang/invoke/LambdaForm$MH+0x00003fe001144400')}
  0x0000000116800c14: 01a1 97d2 | 0116 a6f2 | 2100 c0f2 | 2390 40b9 | 6308 0011 | 2390 00b9 | 634c 1f12 | 7f00 0071 
  0x0000000116800c34: a0a7 0054 

  0x0000000116800c38: ;   {metadata(method data for {method} {0x0000000130b0ba98} 'invoke' '(Ljava/lang/Object;Ljava/lang/Object;)J' in 'java/lang/invoke/LambdaForm$MH+0x00003fe001144400')}
  0x0000000116800c38: 01a1 97d2 | 0116 a6f2 | 2100 c0f2 | 21a0 0591 | e303 02aa | 8300 00b5 | 2904 40f9 | 2901 40b2 
  0x0000000116800c58: 2904 00f9 

  0x0000000116800c5c: ;   {metadata(method data for {method} {0x0000000130b09a80} 'invokeStatic' '(Ljava/lang/Object;Ljava/lang/Object;I)J' in 'java/lang/invoke/LambdaForm$DMH+0x00003fe001143400')}
  0x0000000116800c5c: 019b 93d2 | 0116 a6f2 | 2100 c0f2 | 2160 0791 | e303 02aa | 8300 00b5 | 2908 40f9 | 2901 40b2 
  0x0000000116800c7c: 2908 00f9 

  0x0000000116800c80: ;   {metadata(method data for {method} {0x0000000130b0ba98} 'invoke' '(Ljava/lang/Object;Ljava/lang/Object;)J' in 'java/lang/invoke/LambdaForm$MH+0x00003fe001144400')}
  0x0000000116800c80: 01a1 97d2 | 0116 a6f2 | 2100 c0f2 | 289c 40f9 | 0805 0091 | 289c 00f9 

  0x0000000116800c98: ;   {metadata(method data for {method} {0x0000000130b09a80} 'invokeStatic' '(Ljava/lang/Object;Ljava/lang/Object;I)J' in 'java/lang/invoke/LambdaForm$DMH+0x00003fe001143400')}
  0x0000000116800c98: 019b 93d2 | 0116 a6f2 | 2100 c0f2 | 2390 40b9 | 6308 0011 | 2390 00b9 | 634c 1f12 | 7f00 0071 
  0x0000000116800cb8: 80a4 0054 

  0x0000000116800cbc: ;   {metadata(method data for {method} {0x0000000130b09a80} 'invokeStatic' '(Ljava/lang/Object;Ljava/lang/Object;I)J' in 'java/lang/invoke/LambdaForm$DMH+0x00003fe001143400')}
  0x0000000116800cbc: 019b 93d2 | 0116 a6f2 | 2100 c0f2 | 286c 40f9 | 0805 0091 | 286c 00f9 

  0x0000000116800cd4: ;   {metadata(method data for {method} {0x00003fe000200458} 'internalMemberName' '(Ljava/lang/Object;)Ljava/lang/Object;' in 'java/lang/invoke/DirectMethodHandle')}
  0x0000000116800cd4: 0179 8fd2 | 610d a6f2 | 2100 c0f2 | 2390 40b9 | 6308 0011 | 2390 00b9 | 634c 1f12 | 7f00 0071 
  0x0000000116800cf4: a0a3 0054 

  0x0000000116800cf8: ;   {metadata(method data for {method} {0x0000000130b09a80} 'invokeStatic' '(Ljava/lang/Object;Ljava/lang/Object;I)J' in 'java/lang/invoke/LambdaForm$DMH+0x00003fe001143400')}
  0x0000000116800cf8: 019b 93d2 | 0116 a6f2 | 2100 c0f2 | 2120 0591 | e303 02aa | 8300 00b5 | 2904 40f9 | 2901 40b2 
  0x0000000116800d18: 2904 00f9 

  0x0000000116800d1c: ;   {metadata(method data for {method} {0x0000000130b09a80} 'invokeStatic' '(Ljava/lang/Object;Ljava/lang/Object;I)J' in 'java/lang/invoke/LambdaForm$DMH+0x00003fe001143400')}
  0x0000000116800d1c: 019b 93d2 | 0116 a6f2 | 2100 c0f2 | 289c 40f9 | 0805 0091 | 289c 00f9 | e103 02aa | 0200 a052 
  0x0000000116800d3c: e3d7 40f9 

  0x0000000116800d40: ; ImmutableOopMap {}
                      ;*invokestatic linkToStatic {reexecute=0 rethrow=0 return_oop=0}
                      ; - java.lang.invoke.LambdaForm$DMH/0x00003fe001143400::invokeStatic@11
                      ; - java.lang.invoke.LambdaForm$MH/0x00003fe001144400::invoke@21
                      ; - java.lang.invoke.LambdaForm$MH/0x00003fe0020b3c00::invoke@40
                      ;   {static_call}
  0x0000000116800d40: d015 7095 

  0x0000000116800d44: ;   {post_call_nop}
  0x0000000116800d44: 1f20 03d5 | 9f07 81f2 | 1f40 80f2 | e0df 00f9 

  0x0000000116800d54: ;   {metadata(method data for {method} {0x0000000149e14750} 'invoke' '(Ljava/lang/Object;Ljava/lang/Object;Ljava/lang/Object;Ljava/lang/Object;)Ljava/lang/Object;' in 'java/lang/invoke/LambdaForm$MH+0x00003fe0020b3c00')}
  0x0000000116800d54: 0200 88d2 | a245 a9f2 | 2200 c0f2 | 42c0 0991 

  0x0000000116800d64: ;   {oop(a 'jdk/internal/foreign/NativeMemorySegmentImpl'{0x0000000c0c67a138})}
  0x0000000116800d64: 0127 94d2 | e18c a1f2 | 8101 c0f2 

  0x0000000116800d70: ;   {metadata('jdk/internal/foreign/NativeMemorySegmentImpl')}
  0x0000000116800d70: 0116 81d2 | c128 a0f2 | 01fc c7f2 | 4904 40f9 | 2100 09ca | 28f4 7e92 | 0802 00b4 | e101 0837 
  0x0000000116800d90: a901 00b4 | 3f05 00f1 | 6001 0054 | bf39 03d5 | 2100 09ca | 4904 40f9 | 2100 09ca | 28f4 7e92 
  0x0000000116800db0: c800 00b4 | 4904 40f9 | 2901 7fb2 | 4904 00f9 | 0200 0014 | 4104 00f9 

  0x0000000116800dc8: ;   {metadata(method data for {method} {0x0000000149e14750} 'invoke' '(Ljava/lang/Object;Ljava/lang/Object;Ljava/lang/Object;Ljava/lang/Object;)Ljava/lang/Object;' in 'java/lang/invoke/LambdaForm$MH+0x00003fe0020b3c00')}
  0x0000000116800dc8: 0200 88d2 | a245 a9f2 | 2200 c0f2 | 4820 41f9 | 0805 0091 | 4820 01f9 

  0x0000000116800de0: ;   {metadata(method data for {method} {0x000000013040ca80} 'invokeStatic' '(Ljava/lang/Object;Ljava/lang/Object;)V' in 'java/lang/invoke/LambdaForm$DMH+0x00003fe001045400')}
  0x0000000116800de0: 029b 99d2 | 0208 a6f2 | 2200 c0f2 | 4190 40b9 | 2108 0011 | 4190 00b9 | 214c 1f12 | 3f00 0071 
  0x0000000116800e00: 409c 0054 

  0x0000000116800e04: ;   {metadata(method data for {method} {0x000000013040ca80} 'invokeStatic' '(Ljava/lang/Object;Ljava/lang/Object;)V' in 'java/lang/invoke/LambdaForm$DMH+0x00003fe001045400')}
  0x0000000116800e04: 029b 99d2 | 0208 a6f2 | 2200 c0f2 | 486c 40f9 | 0805 0091 | 486c 00f9 

  0x0000000116800e1c: ;   {metadata(method data for {method} {0x00003fe000200458} 'internalMemberName' '(Ljava/lang/Object;)Ljava/lang/Object;' in 'java/lang/invoke/DirectMethodHandle')}
  0x0000000116800e1c: 0279 8fd2 | 620d a6f2 | 2200 c0f2 | 4190 40b9 | 2108 0011 | 4190 00b9 | 214c 1f12 | 3f00 0071 
  0x0000000116800e3c: 609b 0054 

  0x0000000116800e40: ;   {metadata(method data for {method} {0x000000013040ca80} 'invokeStatic' '(Ljava/lang/Object;Ljava/lang/Object;)V' in 'java/lang/invoke/LambdaForm$DMH+0x00003fe001045400')}
  0x0000000116800e40: 029b 99d2 | 0208 a6f2 | 2200 c0f2 | 489c 40f9 | 0805 0091 | 489c 00f9 

  0x0000000116800e58: ;   {metadata(method data for {method} {0x00000001323456b0} 'checkSymbol' '(Ljava/lang/foreign/MemorySegment;)V' in 'jdk/internal/foreign/abi/SharedUtils')}
  0x0000000116800e58: 02e5 9bd2 | e233 a9f2 | 2200 c0f2 | 4190 40b9 | 2108 0011 | 4190 00b9 | 214c 1f12 | 3f00 0071 
  0x0000000116800e78: 809a 0054 

  0x0000000116800e7c: ;   {metadata(method data for {method} {0x00000001323456b0} 'checkSymbol' '(Ljava/lang/foreign/MemorySegment;)V' in 'jdk/internal/foreign/abi/SharedUtils')}
  0x0000000116800e7c: 02e5 9bd2 | e233 a9f2 | 2200 c0f2 | 486c 40f9 | 0805 0091 | 486c 00f9 

  0x0000000116800e94: ;   {metadata(method data for {method} {0x00003fe00021db70} 'requireNonNull' '(Ljava/lang/Object;)Ljava/lang/Object;' in 'java/util/Objects')}
  0x0000000116800e94: 02c9 8ad2 | 2200 a6f2 | 2200 c0f2 | 4190 40b9 | 2108 0011 | 4190 00b9 | 214c 1f12 | 3f00 0071 
  0x0000000116800eb4: a099 0054 

  0x0000000116800eb8: ;   {metadata(method data for {method} {0x00003fe00021db70} 'requireNonNull' '(Ljava/lang/Object;)Ljava/lang/Object;' in 'java/util/Objects')}
  0x0000000116800eb8: 02c9 8ad2 | 2200 a6f2 | 2200 c0f2 | 416c 40f9 | 2104 0091 | 416c 00f9 

  0x0000000116800ed0: ;   {oop(a 'jdk/internal/foreign/NativeMemorySegmentImpl'{0x0000000c0c67a138})}
  0x0000000116800ed0: 0127 94d2 | e18c a1f2 | 8101 c0f2 | e203 01aa 

  0x0000000116800ee0: ;   {metadata(method data for {method} {0x00000001323456b0} 'checkSymbol' '(Ljava/lang/foreign/MemorySegment;)V' in 'jdk/internal/foreign/abi/SharedUtils')}
  0x0000000116800ee0: 03e5 9bd2 | e333 a9f2 | 2300 c0f2 | 4208 40b9 | 4220 5bd2 | 6878 40f9 | 5f00 08eb | a100 0054 
  0x0000000116800f00: 687c 40f9 | 0805 0091 | 687c 00f9 | 1700 0014 | 6880 40f9 | 5f00 08eb | a100 0054 | 6884 40f9 
  0x0000000116800f20: 0805 0091 | 6884 00f9 | 1000 0014 | 6878 40f9 | a800 00b5 | 6278 00f9 | e803 40b2 | 687c 00f9 
  0x0000000116800f40: 0a00 0014 | 6880 40f9 | a800 00b5 | 6280 00f9 | e803 40b2 | 6884 00f9 | 0400 0014 | 6874 40f9 
  0x0000000116800f60: 0805 0091 | 6874 00f9 

  0x0000000116800f68: ;   {oop(a 'jdk/internal/foreign/NativeMemorySegmentImpl'{0x0000000c0b916fc8})}
  0x0000000116800f68: 02f9 8dd2 | 2272 a1f2 | 8201 c0f2 

  0x0000000116800f74: ; ImmutableOopMap {}
                      ;*invokeinterface equals {reexecute=0 rethrow=0 return_oop=0}
                      ; - jdk.internal.foreign.abi.SharedUtils::checkSymbol@9 (line 372)
                      ; - java.lang.invoke.LambdaForm$DMH/0x00003fe001045400::invokeStatic@10
                      ; - java.lang.invoke.LambdaForm$MH/0x00003fe0020b3c00::invoke@70
                      ;   {optimized virtual_call}
  0x0000000116800f74: e351 d797 

  0x0000000116800f78: ;   {post_call_nop}
  0x0000000116800f78: 1f20 03d5 | 1f4e 81f2 | 1f60 80f2 | 1f00 0071 

  0x0000000116800f88: ;   {metadata(method data for {method} {0x00000001323456b0} 'checkSymbol' '(Ljava/lang/foreign/MemorySegment;)V' in 'jdk/internal/foreign/abi/SharedUtils')}
  0x0000000116800f88: 03e5 9bd2 | e333 a9f2 | 2300 c0f2 | 0823 80d2 | 0925 80d2 | 0001 899a | 6468 60f8 | 8404 0091 
  0x0000000116800fa8: 6468 20f8 | 0031 0054 

  0x0000000116800fb0: ; ImmutableOopMap {}
                      ;*new {reexecute=0 rethrow=0 return_oop=0}
                      ; - jdk.internal.foreign.abi.SharedUtils::checkSymbol@17 (line 373)
                      ; - java.lang.invoke.LambdaForm$DMH/0x00003fe001045400::invokeStatic@10
                      ; - java.lang.invoke.LambdaForm$MH/0x00003fe0020b3c00::invoke@70
                      ;   {runtime_call C1 Runtime load_mirror_patching_blob}
  0x0000000116800fb0: 54f8 5c95 | 80e7 40f9 | 0ba0 0091 | 88ef 40f9 | 7f01 08eb | 2892 0054 | 8be7 00f9 | ea03 40b2 
  0x0000000116800fd0: 0a00 00f9 | 6a20 5bd2 | 0a7c 0129 | 0a40 0091 | 5f01 00f9 | 5ffd 00a9 | bf3a 03d5 

  0x0000000116800fec: ; ImmutableOopMap {c_rarg0=Oop }
                      ;*new {reexecute=0 rethrow=0 return_oop=0}
                      ; - jdk.internal.foreign.abi.SharedUtils::checkSymbol@21 (line 373)
                      ; - java.lang.invoke.LambdaForm$DMH/0x00003fe001045400::invokeStatic@10
                      ; - java.lang.invoke.LambdaForm$MH/0x00003fe0020b3c00::invoke@70
                      ;   {runtime_call C1 Runtime load_mirror_patching_blob}
  0x0000000116800fec: 45f8 5c95 | e0e7 00f9 | 80e7 40f9 | 0b60 0091 | 88ef 40f9 | 7f01 08eb | 6890 0054 | 8be7 00f9 
  0x000000011680100c: ea03 40b2 | 0a00 00f9 | 6a20 5bd2 | 0a7c 0129 | 0a40 0091 | 5f01 00f9 | bf3a 03d5 | e203 00aa 
  0x000000011680102c: ;   {metadata(method data for {method} {0x00000001323456b0} 'checkSymbol' '(Ljava/lang/foreign/MemorySegment;)V' in 'jdk/internal/foreign/abi/SharedUtils')}
  0x000000011680102c: 01e5 9bd2 | e133 a9f2 | 2100 c0f2 | 289c 40f9 | 0805 0091 | 289c 00f9 

  0x0000000116801044: ;   {metadata(method data for {method} {0x00003fe0001baa50} '<init>' '()V' in 'java/lang/StringBuilder')}
  0x0000000116801044: 0252 85d2 | 2200 a6f2 | 2200 c0f2 | 4190 40b9 | 2108 0011 | 4190 00b9 | 214c 1f12 | 3f00 0071 
  0x0000000116801064: a08d 0054 | e203 00aa 

  0x000000011680106c: ;   {metadata(method data for {method} {0x00003fe0001baa50} '<init>' '()V' in 'java/lang/StringBuilder')}
  0x000000011680106c: 0152 85d2 | 2100 a6f2 | 2100 c0f2 | 286c 40f9 | 0805 0091 | 286c 00f9 | e203 1c32 | e103 00aa 
  0x000000011680108c: fd03 00aa 

  0x0000000116801090: ; ImmutableOopMap {rfp=Oop [456]=Oop }
                      ;*invokespecial <init> {reexecute=0 rethrow=0 return_oop=0}
                      ; - java.lang.StringBuilder::<init>@3 (line 106)
                      ; - jdk.internal.foreign.abi.SharedUtils::checkSymbol@25 (line 373)
                      ; - java.lang.invoke.LambdaForm$DMH/0x00003fe001045400::invokeStatic@10
                      ; - java.lang.invoke.LambdaForm$MH/0x00003fe0020b3c00::invoke@70
                      ;   {optimized virtual_call}
  0x0000000116801090: 5ca9 5995 

  0x0000000116801094: ;   {post_call_nop}
  0x0000000116801094: 1f20 03d5 | 9f71 81f2 | 1fc0 80f2 | e003 1daa 

  0x00000001168010a4: ;   {metadata(method data for {method} {0x00000001323456b0} 'checkSymbol' '(Ljava/lang/foreign/MemorySegment;)V' in 'jdk/internal/foreign/abi/SharedUtils')}
  0x00000001168010a4: 02e5 9bd2 | e233 a9f2 | 2200 c0f2 | 0008 40b9 | 0020 5bd2 | 48a8 40f9 | 1f00 08eb | a100 0054 
  0x00000001168010c4: 48ac 40f9 | 0805 0091 | 48ac 00f9 | 1700 0014 | 48b0 40f9 | 1f00 08eb | a100 0054 | 48b4 40f9 
  0x00000001168010e4: 0805 0091 | 48b4 00f9 | 1000 0014 | 48a8 40f9 | a800 00b5 | 40a8 00f9 | e803 40b2 | 48ac 00f9 
  0x0000000116801104: 0a00 0014 | 48b0 40f9 | a800 00b5 | 40b0 00f9 | e803 40b2 | 48b4 00f9 | 0400 0014 | 48a4 40f9 
  0x0000000116801124: 0805 0091 | 48a4 00f9 

  0x000000011680112c: ;   {metadata(method data for {method} {0x00003fe0001bac60} 'append' '(Ljava/lang/String;)Ljava/lang/StringBuilder;' in 'java/lang/StringBuilder')}
  0x000000011680112c: 02fa 85d2 | 2200 a6f2 | 2200 c0f2 | 4190 40b9 | 2108 0011 | 4190 00b9 | 214c 1f12 | 3f00 0071 
  0x000000011680114c: 6087 0054 | e003 1daa 

  0x0000000116801154: ;   {metadata(method data for {method} {0x00003fe0001bac60} 'append' '(Ljava/lang/String;)Ljava/lang/StringBuilder;' in 'java/lang/StringBuilder')}
  0x0000000116801154: 02fa 85d2 | 2200 a6f2 | 2200 c0f2 | 486c 40f9 | 0805 0091 | 486c 00f9 

  0x000000011680116c: ;   {oop("Symbol is NULL: "{0x0000000c133a4d80})}
  0x000000011680116c: 02b0 89d2 | 4267 a2f2 | 8201 c0f2 | e103 1daa 

  0x000000011680117c: ; ImmutableOopMap {rfp=Oop [456]=Oop }
                      ;*invokespecial append {reexecute=0 rethrow=0 return_oop=0}
                      ; - java.lang.StringBuilder::append@2 (line 179)
                      ; - jdk.internal.foreign.abi.SharedUtils::checkSymbol@31 (line 373)
                      ; - java.lang.invoke.LambdaForm$DMH/0x00003fe001045400::invokeStatic@10
                      ; - java.lang.invoke.LambdaForm$MH/0x00003fe0020b3c00::invoke@70
                      ;   {optimized virtual_call}
  0x000000011680117c: 21a9 5995 

  0x0000000116801180: ;   {post_call_nop}
  0x0000000116801180: 1f20 03d5 | 1f8f 81f2 | 1fe0 80f2 | e003 1daa 

  0x0000000116801190: ;   {metadata(method data for {method} {0x00000001323456b0} 'checkSymbol' '(Ljava/lang/foreign/MemorySegment;)V' in 'jdk/internal/foreign/abi/SharedUtils')}
  0x0000000116801190: 01e5 9bd2 | e133 a9f2 | 2100 c0f2 | 0008 40b9 | 0020 5bd2 | 28c0 40f9 | 1f00 08eb | a100 0054 
  0x00000001168011b0: 28c4 40f9 | 0805 0091 | 28c4 00f9 | 1700 0014 | 28c8 40f9 | 1f00 08eb | a100 0054 | 28cc 40f9 
  0x00000001168011d0: 0805 0091 | 28cc 00f9 | 1000 0014 | 28c0 40f9 | a800 00b5 | 20c0 00f9 | e803 40b2 | 28c4 00f9 
  0x00000001168011f0: 0a00 0014 | 28c8 40f9 | a800 00b5 | 20c8 00f9 | e803 40b2 | 28cc 00f9 | 0400 0014 | 28bc 40f9 
  0x0000000116801210: 0805 0091 | 28bc 00f9 

  0x0000000116801218: ;   {metadata(method data for {method} {0x00003fe0001bac08} 'append' '(Ljava/lang/Object;)Ljava/lang/StringBuilder;' in 'java/lang/StringBuilder')}
  0x0000000116801218: 018c 9ed2 | e105 a6f2 | 2100 c0f2 | 2090 40b9 | 0008 0011 | 2090 00b9 | 004c 1f12 | 1f00 0071 
  0x0000000116801238: 0081 0054 

  0x000000011680123c: ;   {metadata(method data for {method} {0x00003fe0001bac08} 'append' '(Ljava/lang/Object;)Ljava/lang/StringBuilder;' in 'java/lang/StringBuilder')}
  0x000000011680123c: 018c 9ed2 | e105 a6f2 | 2100 c0f2 | 286c 40f9 | 0805 0091 | 286c 00f9 

  0x0000000116801254: ;   {metadata(method data for {method} {0x00003fe00049d120} 'valueOf' '(Ljava/lang/Object;)Ljava/lang/String;' in 'java/lang/String')}
  0x0000000116801254: 01b8 9ed2 | e105 a6f2 | 2100 c0f2 | 2090 40b9 | 0008 0011 | 2090 00b9 | 004c 1f12 | 1f00 0071 
  0x0000000116801274: 2080 0054 

  0x0000000116801278: ;   {metadata(method data for {method} {0x00003fe00049d120} 'valueOf' '(Ljava/lang/Object;)Ljava/lang/String;' in 'java/lang/String')}
  0x0000000116801278: 01b8 9ed2 | e105 a6f2 | 2100 c0f2 | 206c 40f9 | 0004 0091 | 206c 00f9 

  0x0000000116801290: ;   {oop(a 'jdk/internal/foreign/NativeMemorySegmentImpl'{0x0000000c0c67a138})}
  0x0000000116801290: 0127 94d2 | e18c a1f2 | 8101 c0f2 | e003 01aa 

  0x00000001168012a0: ;   {metadata(method data for {method} {0x00003fe00049d120} 'valueOf' '(Ljava/lang/Object;)Ljava/lang/String;' in 'java/lang/String')}
  0x00000001168012a0: 02b8 9ed2 | e205 a6f2 | 2200 c0f2 | 0008 40b9 | 0020 5bd2 | 488c 40f9 | 1f00 08eb | a100 0054 
  0x00000001168012c0: 4890 40f9 | 0805 0091 | 4890 00f9 | 1700 0014 | 4894 40f9 | 1f00 08eb | a100 0054 | 4898 40f9 
  0x00000001168012e0: 0805 0091 | 4898 00f9 | 1000 0014 | 488c 40f9 | a800 00b5 | 408c 00f9 | e803 40b2 | 4890 00f9 
  0x0000000116801300: 0a00 0014 | 4894 40f9 | a800 00b5 | 4094 00f9 | e803 40b2 | 4898 00f9 | 0400 0014 | 4888 40f9 
  0x0000000116801320: 0805 0091 | 4888 00f9 

  0x0000000116801328: ; ImmutableOopMap {rfp=Oop [456]=Oop }
                      ;*invokevirtual toString {reexecute=0 rethrow=0 return_oop=0}
                      ; - java.lang.String::valueOf@11 (line 4530)
                      ; - java.lang.StringBuilder::append@2 (line 173)
                      ; - jdk.internal.foreign.abi.SharedUtils::checkSymbol@35 (line 373)
                      ; - java.lang.invoke.LambdaForm$DMH/0x00003fe001045400::invokeStatic@10
                      ; - java.lang.invoke.LambdaForm$MH/0x00003fe0020b3c00::invoke@70
                      ;   {optimized virtual_call}
  0x0000000116801328: b6a8 5995 

  0x000000011680132c: ;   {post_call_nop}
  0x000000011680132c: 1f20 03d5 | 9fc4 81f2 | 1f00 81f2 | e203 1daa 

  0x000000011680133c: ;   {metadata(method data for {method} {0x00003fe0001bac08} 'append' '(Ljava/lang/Object;)Ljava/lang/StringBuilder;' in 'java/lang/StringBuilder')}
  0x000000011680133c: 018c 9ed2 | e105 a6f2 | 2100 c0f2 | 4208 40b9 | 4220 5bd2 | 2878 40f9 | 5f00 08eb | a100 0054 
  0x000000011680135c: 287c 40f9 | 0805 0091 | 287c 00f9 | 1700 0014 | 2880 40f9 | 5f00 08eb | a100 0054 | 2884 40f9 
  0x000000011680137c: 0805 0091 | 2884 00f9 | 1000 0014 | 2878 40f9 | a800 00b5 | 2278 00f9 | e803 40b2 | 287c 00f9 
  0x000000011680139c: 0a00 0014 | 2880 40f9 | a800 00b5 | 2280 00f9 | e803 40b2 | 2884 00f9 | 0400 0014 | 2874 40f9 
  0x00000001168013bc: 0805 0091 | 2874 00f9 

  0x00000001168013c4: ;   {metadata(method data for {method} {0x00003fe0001bac60} 'append' '(Ljava/lang/String;)Ljava/lang/StringBuilder;' in 'java/lang/StringBuilder')}
  0x00000001168013c4: 02fa 85d2 | 2200 a6f2 | 2200 c0f2 | 4190 40b9 | 2108 0011 | 4190 00b9 | 214c 1f12 | 3f00 0071 
  0x00000001168013e4: a075 0054 | e203 1daa 

  0x00000001168013ec: ;   {metadata(method data for {method} {0x00003fe0001bac60} 'append' '(Ljava/lang/String;)Ljava/lang/StringBuilder;' in 'java/lang/StringBuilder')}
  0x00000001168013ec: 01fa 85d2 | 2100 a6f2 | 2100 c0f2 | 286c 40f9 | 0805 0091 | 286c 00f9 | e203 00aa | e103 1daa 
  0x000000011680140c: ; ImmutableOopMap {rfp=Oop [456]=Oop }
                      ;*invokespecial append {reexecute=0 rethrow=0 return_oop=0}
                      ; - java.lang.StringBuilder::append@2 (line 179)
                      ; - java.lang.StringBuilder::append@5 (line 173)
                      ; - jdk.internal.foreign.abi.SharedUtils::checkSymbol@35 (line 373)
                      ; - java.lang.invoke.LambdaForm$DMH/0x00003fe001045400::invokeStatic@10
                      ; - java.lang.invoke.LambdaForm$MH/0x00003fe0020b3c00::invoke@70
                      ;   {optimized virtual_call}
  0x000000011680140c: 7da8 5995 

  0x0000000116801410: ;   {post_call_nop}
  0x0000000116801410: 1f20 03d5 | 1fe1 81f2 | 1f20 81f2 | e003 1daa 

  0x0000000116801420: ;   {metadata(method data for {method} {0x00000001323456b0} 'checkSymbol' '(Ljava/lang/foreign/MemorySegment;)V' in 'jdk/internal/foreign/abi/SharedUtils')}
  0x0000000116801420: 01e5 9bd2 | e133 a9f2 | 2100 c0f2 | 0008 40b9 | 0020 5bd2 | 28d8 40f9 | 1f00 08eb | a100 0054 
  0x0000000116801440: 28dc 40f9 | 0805 0091 | 28dc 00f9 | 1700 0014 | 28e0 40f9 | 1f00 08eb | a100 0054 | 28e4 40f9 
  0x0000000116801460: 0805 0091 | 28e4 00f9 | 1000 0014 | 28d8 40f9 | a800 00b5 | 20d8 00f9 | e803 40b2 | 28dc 00f9 
  0x0000000116801480: 0a00 0014 | 28e0 40f9 | a800 00b5 | 20e0 00f9 | e803 40b2 | 28e4 00f9 | 0400 0014 | 28d4 40f9 
  0x00000001168014a0: 0805 0091 | 28d4 00f9 

  0x00000001168014a8: ;   {metadata(method data for {method} {0x00003fe0001b94f0} 'toString' '()Ljava/lang/String;' in 'java/lang/StringBuilder')}
  0x00000001168014a8: 0165 86d2 | 2100 a6f2 | 2100 c0f2 | 2090 40b9 | 0008 0011 | 2090 00b9 | 004c 1f12 | 1f00 0071 
  0x00000001168014c8: 806f 0054 | e003 1daa 

  0x00000001168014d0: ;   {metadata(method data for {method} {0x00003fe0001b94f0} 'toString' '()Ljava/lang/String;' in 'java/lang/StringBuilder')}
  0x00000001168014d0: 0165 86d2 | 2100 a6f2 | 2100 c0f2 | 0008 40b9 | 0020 5bd2 | 2870 40f9 | 1f00 08eb | a100 0054 
  0x00000001168014f0: 2874 40f9 | 0805 0091 | 2874 00f9 | 1700 0014 | 2878 40f9 | 1f00 08eb | a100 0054 | 287c 40f9 
  0x0000000116801510: 0805 0091 | 287c 00f9 | 1000 0014 | 2870 40f9 | a800 00b5 | 2070 00f9 | e803 40b2 | 2874 00f9 
  0x0000000116801530: 0a00 0014 | 2878 40f9 | a800 00b5 | 2078 00f9 | e803 40b2 | 287c 00f9 | 0400 0014 | 286c 40f9 
  0x0000000116801550: 0805 0091 | 286c 00f9 

  0x0000000116801558: ;   {metadata(method data for {method} {0x00003fe0001b9608} 'length' '()I' in 'java/lang/StringBuilder')}
  0x0000000116801558: 0194 86d2 | 2100 a6f2 | 2100 c0f2 | 2090 40b9 | 0008 0011 | 2090 00b9 | 004c 1f12 | 1f00 0071 
  0x0000000116801578: 006b 0054 | e003 1daa 

  0x0000000116801580: ;   {metadata(method data for {method} {0x00003fe0001b9608} 'length' '()I' in 'java/lang/StringBuilder')}
  0x0000000116801580: 0194 86d2 | 2100 a6f2 | 2100 c0f2 | 286c 40f9 | 0805 0091 | 286c 00f9 | a10f 40b9 | 3f00 0071 
  0x00000001168015a0: ;   {metadata(method data for {method} {0x00003fe0001b94f0} 'toString' '()Ljava/lang/String;' in 'java/lang/StringBuilder')}
  0x00000001168015a0: 0165 86d2 | 2100 a6f2 | 2100 c0f2 | 0821 80d2 | 0923 80d2 | 0011 899a | 2268 60f8 | 4204 0091 
  0x00000001168015c0: 2268 20f8 | 214e 0054 | 6c02 0014 

  0x00000001168015cc: ;   {metadata(method data for {method} {0x0000000149e14750} 'invoke' '(Ljava/lang/Object;Ljava/lang/Object;Ljava/lang/Object;Ljava/lang/Object;)Ljava/lang/Object;' in 'java/lang/invoke/LambdaForm$MH+0x00003fe0020b3c00')}
  0x00000001168015cc: 0100 88d2 | a145 a9f2 | 2100 c0f2 | 21a0 0b91 

  0x00000001168015dc: ;   {oop(a 'jdk/internal/foreign/abi/SharedUtils$$Lambda+0x00003fe00145d840'{0x0000000c0cee87d0})}
  0x00000001168015dc: 00fa 90d2 | c09d a1f2 | 8001 c0f2 

  0x00000001168015e8: ;   {metadata('jdk/internal/foreign/abi/SharedUtils$$Lambda+0x00003fe00145d840')}
  0x00000001168015e8: 0008 9bd2 | a028 a0f2 | 00fc c7f2 | 2904 40f9 | 0000 09ca | 08f4 7e92 | 0802 00b4 | e001 0837 
  0x0000000116801608: a901 00b4 | 3f05 00f1 | 6001 0054 | bf39 03d5 | 0000 09ca | 2904 40f9 | 0000 09ca | 08f4 7e92 
  0x0000000116801628: c800 00b4 | 2904 40f9 | 2901 7fb2 | 2904 00f9 | 0200 0014 | 2004 00f9 

  0x0000000116801640: ;   {metadata(method data for {method} {0x0000000149e14750} 'invoke' '(Ljava/lang/Object;Ljava/lang/Object;Ljava/lang/Object;Ljava/lang/Object;)Ljava/lang/Object;' in 'java/lang/invoke/LambdaForm$MH+0x00003fe0020b3c00')}
  0x0000000116801640: 0100 88d2 | a145 a9f2 | 2100 c0f2 | 285c 41f9 | 0805 0091 | 285c 01f9 

  0x0000000116801658: ;   {metadata(method data for {method} {0x0000000133eb9e88} 'invokeStatic' '(Ljava/lang/Object;Ljava/lang/Object;Ljava/lang/Object;JJJ)J' in 'java/lang/invoke/LambdaForm$DMH+0x00003fe0017f6c00')}
  0x0000000116801658: 0122 94d2 | 617d a6f2 | 2100 c0f2 | 2090 40b9 | 0008 0011 | 2090 00b9 | 004c 1f12 | 1f00 0071 
  0x0000000116801678: 0064 0054 

  0x000000011680167c: ;   {metadata(method data for {method} {0x0000000133eb9e88} 'invokeStatic' '(Ljava/lang/Object;Ljava/lang/Object;Ljava/lang/Object;JJJ)J' in 'java/lang/invoke/LambdaForm$DMH+0x00003fe0017f6c00')}
  0x000000011680167c: 0122 94d2 | 617d a6f2 | 2100 c0f2 | 286c 40f9 | 0805 0091 | 286c 00f9 

  0x0000000116801694: ;   {metadata(method data for {method} {0x00003fe000200458} 'internalMemberName' '(Ljava/lang/Object;)Ljava/lang/Object;' in 'java/lang/invoke/DirectMethodHandle')}
  0x0000000116801694: 0179 8fd2 | 610d a6f2 | 2100 c0f2 | 2090 40b9 | 0008 0011 | 2090 00b9 | 004c 1f12 | 1f00 0071 
  0x00000001168016b4: 2063 0054 

  0x00000001168016b8: ;   {metadata(method data for {method} {0x0000000133eb9e88} 'invokeStatic' '(Ljava/lang/Object;Ljava/lang/Object;Ljava/lang/Object;JJJ)J' in 'java/lang/invoke/LambdaForm$DMH+0x00003fe0017f6c00')}
  0x00000001168016b8: 0122 94d2 | 617d a6f2 | 2100 c0f2 | 289c 40f9 | 0805 0091 | 289c 00f9 

  0x00000001168016d0: ;   {metadata(method data for {method} {0x0000000133eb9800} 'invoke' '(Ljava/lang/foreign/SegmentAllocator;Ljava/lang/foreign/MemorySegment;JJJ)J' in 'jdk/internal/foreign/abi/DowncallStub+0x00003fe0017f6800')}
  0x00000001168016d0: 0100 9ad2 | 2144 a9f2 | 2100 c0f2 | 2090 40b9 | 0008 0011 | 2090 00b9 | 004c 1f12 | 1f00 0071 
  0x00000001168016f0: 4062 0054 

  0x00000001168016f4: ;   {oop(a 'jdk/internal/foreign/NativeMemorySegmentImpl'{0x0000000c0c67a138})}
  0x00000001168016f4: 1d27 94d2 | fd8c a1f2 | 9d01 c0f2 | e103 1daa 

  0x0000000116801704: ;   {metadata(method data for {method} {0x0000000133eb9800} 'invoke' '(Ljava/lang/foreign/SegmentAllocator;Ljava/lang/foreign/MemorySegment;JJJ)J' in 'jdk/internal/foreign/abi/DowncallStub+0x00003fe0017f6800')}
  0x0000000116801704: 0000 9ad2 | 2044 a9f2 | 2000 c0f2 | 2108 40b9 | 2120 5bd2 | 0888 40f9 | 3f00 08eb | a100 0054 
  0x0000000116801724: 088c 40f9 | 0805 0091 | 088c 00f9 | 1700 0014 | 0890 40f9 | 3f00 08eb | a100 0054 | 0894 40f9 
  0x0000000116801744: 0805 0091 | 0894 00f9 | 1000 0014 | 0888 40f9 | a800 00b5 | 0188 00f9 | e803 40b2 | 088c 00f9 
  0x0000000116801764: 0a00 0014 | 0890 40f9 | a800 00b5 | 0190 00f9 | e803 40b2 | 0894 00f9 | 0400 0014 | 0884 40f9 
  0x0000000116801784: 0805 0091 | 0884 00f9 

  0x000000011680178c: ;   {oop(a 'jdk/internal/foreign/GlobalSession'{0x0000000c0b916ff0})}
  0x000000011680178c: 01fe 8dd2 | 2172 a1f2 | 8101 c0f2 

  0x0000000116801798: ;   {metadata(method data for {method} {0x0000000133eb9800} 'invoke' '(Ljava/lang/foreign/SegmentAllocator;Ljava/lang/foreign/MemorySegment;JJJ)J' in 'jdk/internal/foreign/abi/DowncallStub+0x00003fe0017f6800')}
  0x0000000116801798: 0000 9ad2 | 2044 a9f2 | 2000 c0f2 | 2108 40b9 | 2120 5bd2 | 08a0 40f9 | 3f00 08eb | a100 0054 
  0x00000001168017b8: 08a4 40f9 | 0805 0091 | 08a4 00f9 | 1700 0014 | 08a8 40f9 | 3f00 08eb | a100 0054 | 08ac 40f9 
  0x00000001168017d8: 0805 0091 | 08ac 00f9 | 1000 0014 | 08a0 40f9 | a800 00b5 | 01a0 00f9 | e803 40b2 | 08a4 00f9 
  0x00000001168017f8: 0a00 0014 | 08a8 40f9 | a800 00b5 | 01a8 00f9 | e803 40b2 | 08ac 00f9 | 0400 0014 | 089c 40f9 
  0x0000000116801818: 0805 0091 | 089c 00f9 

  0x0000000116801820: ;   {metadata(method data for {method} {0x00000001325cc170} 'acquire0' '()V' in 'jdk/internal/foreign/GlobalSession')}
  0x0000000116801820: 0181 9cd2 | e133 a9f2 | 2100 c0f2 | 2090 40b9 | 0008 0011 | 2090 00b9 | 004c 1f12 | 1f00 0071 
  0x0000000116801840: c058 0054 

  0x0000000116801844: ;   {metadata(method data for {method} {0x0000000133eb9800} 'invoke' '(Ljava/lang/foreign/SegmentAllocator;Ljava/lang/foreign/MemorySegment;JJJ)J' in 'jdk/internal/foreign/abi/DowncallStub+0x00003fe0017f6800')}
  0x0000000116801844: 0100 9ad2 | 2144 a9f2 | 2100 c0f2 | 28b4 40f9 | 0805 0091 | 28b4 00f9 | e103 1daa 

  0x0000000116801860: ; ImmutableOopMap {rfp=Oop }
                      ;*invokestatic checkNative {reexecute=0 rethrow=0 return_oop=0}
                      ; - jdk.internal.foreign.abi.DowncallStub/0x00003fe0017f6800::invoke@23
                      ; - java.lang.invoke.LambdaForm$DMH/0x00003fe0017f6c00::invokeStatic@18
                      ; - java.lang.invoke.LambdaForm$MH/0x00003fe0020b3c00::invoke@94
                      ;   {static_call}
  0x0000000116801860: e8ed 8597 

  0x0000000116801864: ;   {post_call_nop}
  0x0000000116801864: 1f20 03d5 | 9f6b 82f2 | 1f40 81f2 

  0x0000000116801870: ;   {metadata(method data for {method} {0x0000000133eb9800} 'invoke' '(Ljava/lang/foreign/SegmentAllocator;Ljava/lang/foreign/MemorySegment;JJJ)J' in 'jdk/internal/foreign/abi/DowncallStub+0x00003fe0017f6800')}
  0x0000000116801870: 0100 9ad2 | 2144 a9f2 | 2100 c0f2 | bd0b 40b9 | bd23 5bd2 | 28d8 40f9 | bf03 08eb | a100 0054 
  0x0000000116801890: 28dc 40f9 | 0805 0091 | 28dc 00f9 | 1700 0014 | 28e0 40f9 | bf03 08eb | a100 0054 | 28e4 40f9 
  0x00000001168018b0: 0805 0091 | 28e4 00f9 | 1000 0014 | 28d8 40f9 | a800 00b5 | 3dd8 00f9 | e803 40b2 | 28dc 00f9 
  0x00000001168018d0: 0a00 0014 | 28e0 40f9 | a800 00b5 | 3de0 00f9 | e803 40b2 | 28e4 00f9 | 0400 0014 | 28d4 40f9 
  0x00000001168018f0: 0805 0091 | 28d4 00f9 

  0x00000001168018f8: ;   {metadata(method data for {method} {0x0000000133eb9800} 'invoke' '(Ljava/lang/foreign/SegmentAllocator;Ljava/lang/foreign/MemorySegment;JJJ)J' in 'jdk/internal/foreign/abi/DowncallStub+0x00003fe0017f6800')}
  0x00000001168018f8: 0100 9ad2 | 2144 a9f2 | 2100 c0f2 | 2804 41f9 | 0805 0091 | 2804 01f9 

  0x0000000116801910: ;   {metadata(method data for {method} {0x0000000149de4ab0} 'invokeExact_MT' '(Ljava/lang/Object;JJJJLjava/lang/Object;)J' in 'java/lang/invoke/LambdaForm$MH+0x00003fe0020b2c00')}
  0x0000000116801910: 01a4 89d2 | c13b a9f2 | 2100 c0f2 | 2290 40b9 | 4208 0011 | 2290 00b9 | 424c 1f12 | 5f00 0071 
  0x0000000116801930: 4052 0054 

  0x0000000116801934: ;   {metadata(method data for {method} {0x0000000149de4ab0} 'invokeExact_MT' '(Ljava/lang/Object;JJJJLjava/lang/Object;)J' in 'java/lang/invoke/LambdaForm$MH+0x00003fe0020b2c00')}
  0x0000000116801934: 01a4 89d2 | c13b a9f2 | 2100 c0f2 | 289c 40f9 | 0805 0091 | 289c 00f9 

  0x000000011680194c: ;   {metadata(method data for {method} {0x00003fe000474218} 'checkExactType' '(Ljava/lang/invoke/MethodHandle;Ljava/lang/invoke/MethodType;)V' in 'java/lang/invoke/Invokers')}
  0x000000011680194c: 01b3 87d2 | e110 a6f2 | 2100 c0f2 | 2290 40b9 | 4208 0011 | 2290 00b9 | 424c 1f12 | 5f00 0071 
  0x000000011680196c: 6051 0054 

  0x0000000116801970: ;   {oop(a 'java/lang/invoke/NativeMethodHandle'{0x0000000c0c63efd8})}
  0x0000000116801970: 01fb 9dd2 | 618c a1f2 | 8101 c0f2 

  0x000000011680197c: ;   {metadata(method data for {method} {0x00003fe000474218} 'checkExactType' '(Ljava/lang/invoke/MethodHandle;Ljava/lang/invoke/MethodType;)V' in 'java/lang/invoke/Invokers')}
  0x000000011680197c: 02b3 87d2 | e210 a6f2 | 2200 c0f2 | 2108 40b9 | 2120 5bd2 | 4870 40f9 | 3f00 08eb | a100 0054 
  0x000000011680199c: 4874 40f9 | 0805 0091 | 4874 00f9 | 1700 0014 | 4878 40f9 | 3f00 08eb | a100 0054 | 487c 40f9 
  0x00000001168019bc: 0805 0091 | 487c 00f9 | 1000 0014 | 4870 40f9 | a800 00b5 | 4170 00f9 | e803 40b2 | 4874 00f9 
  0x00000001168019dc: 0a00 0014 | 4878 40f9 | a800 00b5 | 4178 00f9 | e803 40b2 | 487c 00f9 | 0400 0014 | 486c 40f9 
  0x00000001168019fc: 0805 0091 | 486c 00f9 

  0x0000000116801a04: ;   {metadata(method data for {method} {0x00003fe000474218} 'checkExactType' '(Ljava/lang/invoke/MethodHandle;Ljava/lang/invoke/MethodType;)V' in 'java/lang/invoke/Invokers')}
  0x0000000116801a04: 01b3 87d2 | e110 a6f2 | 2100 c0f2 | 2284 40f9 | 4204 0091 | 2284 00f9 

  0x0000000116801a1c: ;   {metadata(method data for {method} {0x0000000149de4ab0} 'invokeExact_MT' '(Ljava/lang/Object;JJJJLjava/lang/Object;)J' in 'java/lang/invoke/LambdaForm$MH+0x00003fe0020b2c00')}
  0x0000000116801a1c: 01a4 89d2 | c13b a9f2 | 2100 c0f2 | 28b8 40f9 | 0805 0091 | 28b8 00f9 

  0x0000000116801a34: ;   {metadata(method data for {method} {0x00003fe000474110} 'checkCustomized' '(Ljava/lang/invoke/MethodHandle;)V' in 'java/lang/invoke/Invokers')}
  0x0000000116801a34: 01e3 87d2 | e110 a6f2 | 2100 c0f2 | 2290 40b9 | 4208 0011 | 2290 00b9 | 424c 1f12 | 5f00 0071 
  0x0000000116801a54: 204b 0054 

  0x0000000116801a58: ;   {metadata(method data for {method} {0x00003fe000474110} 'checkCustomized' '(Ljava/lang/invoke/MethodHandle;)V' in 'java/lang/invoke/Invokers')}
  0x0000000116801a58: 01e3 87d2 | e110 a6f2 | 2100 c0f2 | 286c 40f9 | 0805 0091 | 286c 00f9 

  0x0000000116801a70: ;   {metadata(method data for {method} {0x00003fe0001f9438} 'isCompileConstant' '(Ljava/lang/Object;)Z' in 'java/lang/invoke/MethodHandleImpl')}
  0x0000000116801a70: 01b9 90d2 | 2111 a6f2 | 2100 c0f2 | 2290 40b9 | 4208 0011 | 2290 00b9 | 424c 1f12 | 5f00 0071 
  0x0000000116801a90: 404a 0054 

  0x0000000116801a94: ;   {metadata(method data for {method} {0x00003fe000474110} 'checkCustomized' '(Ljava/lang/invoke/MethodHandle;)V' in 'java/lang/invoke/Invokers')}
  0x0000000116801a94: 01e3 87d2 | e110 a6f2 | 2100 c0f2 | 2274 40f9 | 4204 0091 | 2274 00f9 

  0x0000000116801aac: ;   {metadata(method data for {method} {0x00003fe000474110} 'checkCustomized' '(Ljava/lang/invoke/MethodHandle;)V' in 'java/lang/invoke/Invokers')}
  0x0000000116801aac: 01e3 87d2 | e110 a6f2 | 2100 c0f2 | 2284 40f9 | 4204 0091 | 2284 00f9 

  0x0000000116801ac4: ;   {metadata(method data for {method} {0x0000000149de4ab0} 'invokeExact_MT' '(Ljava/lang/Object;JJJJLjava/lang/Object;)J' in 'java/lang/invoke/LambdaForm$MH+0x00003fe0020b2c00')}
  0x0000000116801ac4: 01a4 89d2 | c13b a9f2 | 2100 c0f2 | 28cc 40f9 | 0805 0091 | 28cc 00f9 

  0x0000000116801adc: ;   {metadata(method data for {method} {0x0000000149e142d0} 'invoke' '(Ljava/lang/Object;JJJJ)J' in 'java/lang/invoke/LambdaForm$MH+0x00003fe0020b3800')}
  0x0000000116801adc: 01b1 89d2 | 213c a9f2 | 2100 c0f2 | 2290 40b9 | 4208 0011 | 2290 00b9 | 424c 1f12 | 5f00 0071 
  0x0000000116801afc: e047 0054 

  0x0000000116801b00: ;   {metadata(method data for {method} {0x0000000149e142d0} 'invoke' '(Ljava/lang/Object;JJJJ)J' in 'java/lang/invoke/LambdaForm$MH+0x00003fe0020b3800')}
  0x0000000116801b00: 01b1 89d2 | 213c a9f2 | 2100 c0f2 | 286c 40f9 | 0805 0091 | 286c 00f9 

  0x0000000116801b18: ;   {metadata(method data for {method} {0x0000000132f0e2b0} 'internalNativeEntryPoint' '(Ljava/lang/Object;)Ljava/lang/Object;' in 'java/lang/invoke/NativeMethodHandle')}
  0x0000000116801b18: 019f 9cd2 | e133 a9f2 | 2100 c0f2 | 2290 40b9 | 4208 0011 | 2290 00b9 | 424c 1f12 | 5f00 0071 
  0x0000000116801b38: 0047 0054 

  0x0000000116801b3c: ;   {metadata(method data for {method} {0x0000000149e142d0} 'invoke' '(Ljava/lang/Object;JJJJ)J' in 'java/lang/invoke/LambdaForm$MH+0x00003fe0020b3800')}
  0x0000000116801b3c: 01b1 89d2 | 213c a9f2 | 2100 c0f2 | 2884 40f9 | 0805 0091 | 2884 00f9 | 813f 80d2 | 41b9 a7f2 
  0x0000000116801b5c: 2100 c0f2 

  0x0000000116801b60: ;   {oop(a 'jdk/internal/foreign/abi/NativeEntryPoint'{0x0000000c0c63f448})}
  0x0000000116801b60: 0589 9ed2 | 658c a1f2 | 8501 c0f2 | e30b 5ba9 | e4e3 40f9 

  0x0000000116801b74: ; ImmutableOopMap {}
                      ;*invokestatic linkToNative {reexecute=0 rethrow=0 return_oop=0}
                      ; - java.lang.invoke.LambdaForm$MH/0x00003fe0020b3800::invoke@18
                      ; - java.lang.invoke.LambdaForm$MH/0x00003fe0020b2c00::invokeExact_MT@25
                      ; - jdk.internal.foreign.abi.DowncallStub/0x00003fe0017f6800::invoke@58
                      ; - java.lang.invoke.LambdaForm$DMH/0x00003fe0017f6c00::invokeStatic@18
                      ; - java.lang.invoke.LambdaForm$MH/0x00003fe0020b3c00::invoke@94
                      ;   {static_call}
  0x0000000116801b74: 535a 7895 

  0x0000000116801b78: ;   {post_call_nop}
  0x0000000116801b78: 1f20 03d5 | 1fce 82f2 | 1f60 81f2 

  0x0000000116801b84: ;   {oop(a 'jdk/internal/foreign/abi/SharedUtils$1'{0x0000000c0cee87e0})}
  0x0000000116801b84: 01fc 90d2 | c19d a1f2 | 8101 c0f2 

  0x0000000116801b90: ;   {metadata(method data for {method} {0x0000000133eb9800} 'invoke' '(Ljava/lang/foreign/SegmentAllocator;Ljava/lang/foreign/MemorySegment;JJJ)J' in 'jdk/internal/foreign/abi/DowncallStub+0x00003fe0017f6800')}
  0x0000000116801b90: 0200 9ad2 | 2244 a9f2 | 2200 c0f2 | 483c 41f9 | 0805 0091 | 483c 01f9 

  0x0000000116801ba8: ;   {metadata(method data for {method} {0x00000001325b1410} 'close' '()V' in 'jdk/internal/foreign/abi/SharedUtils$1')}
  0x0000000116801ba8: 01cf 9fd2 | e133 a9f2 | 2100 c0f2 | 2290 40b9 | 4208 0011 | 2290 00b9 | 424c 1f12 | 5f00 0071 
  0x0000000116801bc8: 8043 0054 

  0x0000000116801bcc: ;   {metadata(method data for {method} {0x0000000133eb9800} 'invoke' '(Ljava/lang/foreign/SegmentAllocator;Ljava/lang/foreign/MemorySegment;JJJ)J' in 'jdk/internal/foreign/abi/DowncallStub+0x00003fe0017f6800')}
  0x0000000116801bcc: 0100 9ad2 | 2144 a9f2 | 2100 c0f2 | 2254 41f9 | 4204 0091 | 2254 01f9 

  0x0000000116801be4: ;   {oop(a 'jdk/internal/foreign/GlobalSession'{0x0000000c0b916ff0})}
  0x0000000116801be4: 01fe 8dd2 | 2172 a1f2 | 8101 c0f2 

  0x0000000116801bf0: ;   {metadata(method data for {method} {0x0000000133eb9800} 'invoke' '(Ljava/lang/foreign/SegmentAllocator;Ljava/lang/foreign/MemorySegment;JJJ)J' in 'jdk/internal/foreign/abi/DowncallStub+0x00003fe0017f6800')}
  0x0000000116801bf0: 0200 9ad2 | 2244 a9f2 | 2200 c0f2 | 2108 40b9 | 2120 5bd2 | 4860 41f9 | 3f00 08eb | a100 0054 
  0x0000000116801c10: 4864 41f9 | 0805 0091 | 4864 01f9 | 1700 0014 | 4868 41f9 | 3f00 08eb | a100 0054 | 486c 41f9 
  0x0000000116801c30: 0805 0091 | 486c 01f9 | 1000 0014 | 4860 41f9 | a800 00b5 | 4160 01f9 | e803 40b2 | 4864 01f9 
  0x0000000116801c50: 0a00 0014 | 4868 41f9 | a800 00b5 | 4168 01f9 | e803 40b2 | 486c 01f9 | 0400 0014 | 485c 41f9 
  0x0000000116801c70: 0805 0091 | 485c 01f9 

  0x0000000116801c78: ;   {metadata(method data for {method} {0x00000001325cc0b0} 'release0' '()V' in 'jdk/internal/foreign/GlobalSession')}
  0x0000000116801c78: 0100 80d2 | 013e a9f2 | 2100 c0f2 | 2290 40b9 | 4208 0011 | 2290 00b9 | 424c 1f12 | 5f00 0071 
  0x0000000116801c98: 003e 0054 | 2100 0014 | 80b7 42f9 | 9fb7 02f9 | 9fbb 02f9 

  0x0000000116801cac: ;   {oop(a 'jdk/internal/foreign/abi/SharedUtils$1'{0x0000000c0cee87e0})}
  0x0000000116801cac: 01fc 90d2 | c19d a1f2 | 8101 c0f2 

  0x0000000116801cb8: ;   {metadata(method data for {method} {0x0000000133eb9800} 'invoke' '(Ljava/lang/foreign/SegmentAllocator;Ljava/lang/foreign/MemorySegment;JJJ)J' in 'jdk/internal/foreign/abi/DowncallStub+0x00003fe0017f6800')}
  0x0000000116801cb8: 0200 9ad2 | 2244 a9f2 | 2200 c0f2 

  0x0000000116801cc4: ;   {metadata('jdk/internal/foreign/abi/SharedUtils$1')}
  0x0000000116801cc4: 088e 9ad2 | a828 a0f2 | 08fc c7f2 | 4890 01f9 | 4894 41f9 | 0805 0091 | 4894 01f9 

  0x0000000116801ce0: ;   {metadata(method data for {method} {0x00000001325b1410} 'close' '()V' in 'jdk/internal/foreign/abi/SharedUtils$1')}
  0x0000000116801ce0: 01cf 9fd2 | e133 a9f2 | 2100 c0f2 | 2290 40b9 | 4208 0011 | 2290 00b9 | 424c 1f12 | 5f00 0071 
  0x0000000116801d00: c03b 0054 

  0x0000000116801d04: ;   {metadata(method data for {method} {0x0000000133eb9800} 'invoke' '(Ljava/lang/foreign/SegmentAllocator;Ljava/lang/foreign/MemorySegment;JJJ)J' in 'jdk/internal/foreign/abi/DowncallStub+0x00003fe0017f6800')}
  0x0000000116801d04: 0100 9ad2 | 2144 a9f2 | 2100 c0f2 | 22ac 41f9 | 4204 0091 | 22ac 01f9 | 6800 0014 

  0x0000000116801d20: ;   {metadata(method data for {method} {0x0000000149e14750} 'invoke' '(Ljava/lang/Object;Ljava/lang/Object;Ljava/lang/Object;Ljava/lang/Object;)Ljava/lang/Object;' in 'java/lang/invoke/LambdaForm$MH+0x00003fe0020b3c00')}
  0x0000000116801d20: 0100 88d2 | a145 a9f2 | 2100 c0f2 | 28a0 41f9 | 0805 0091 | 28a0 01f9 

  0x0000000116801d38: ;   {metadata(method data for {method} {0x00003fe00020eb98} 'invokeStatic' '(Ljava/lang/Object;J)Ljava/lang/Object;' in 'java/lang/invoke/DirectMethodHandle$Holder')}
  0x0000000116801d38: 0185 90d2 | e133 a9f2 | 2100 c0f2 | 2290 40b9 | 4208 0011 | 2290 00b9 | 424c 1f12 | 5f00 0071 
  0x0000000116801d58: 003a 0054 

  0x0000000116801d5c: ;   {metadata(method data for {method} {0x00003fe00020eb98} 'invokeStatic' '(Ljava/lang/Object;J)Ljava/lang/Object;' in 'java/lang/invoke/DirectMethodHandle$Holder')}
  0x0000000116801d5c: 0185 90d2 | e133 a9f2 | 2100 c0f2 | 286c 40f9 | 0805 0091 | 286c 00f9 

  0x0000000116801d74: ;   {metadata(method data for {method} {0x00003fe000200458} 'internalMemberName' '(Ljava/lang/Object;)Ljava/lang/Object;' in 'java/lang/invoke/DirectMethodHandle')}
  0x0000000116801d74: 0179 8fd2 | 610d a6f2 | 2100 c0f2 | 2290 40b9 | 4208 0011 | 2290 00b9 | 424c 1f12 | 5f00 0071 
  0x0000000116801d94: 2039 0054 

  0x0000000116801d98: ;   {metadata(method data for {method} {0x00003fe00020eb98} 'invokeStatic' '(Ljava/lang/Object;J)Ljava/lang/Object;' in 'java/lang/invoke/DirectMethodHandle$Holder')}
  0x0000000116801d98: 0185 90d2 | e133 a9f2 | 2100 c0f2 | 289c 40f9 | 0805 0091 | 289c 00f9 

  0x0000000116801db0: ;   {metadata(method data for {method} {0x00003fe0001c4180} 'boxLong' '(J)Ljava/lang/Long;' in 'sun/invoke/util/ValueConversions')}
  0x0000000116801db0: 01c0 90d2 | e133 a9f2 | 2100 c0f2 | 2290 40b9 | 4208 0011 | 2290 00b9 | 424c 1f12 | 5f00 0071 
  0x0000000116801dd0: 4038 0054 

  0x0000000116801dd4: ;   {metadata(method data for {method} {0x00003fe0001c4180} 'boxLong' '(J)Ljava/lang/Long;' in 'sun/invoke/util/ValueConversions')}
  0x0000000116801dd4: 01c0 90d2 | e133 a9f2 | 2100 c0f2 | 286c 40f9 | 0805 0091 | 286c 00f9 | e103 00aa 

  0x0000000116801df0: ; ImmutableOopMap {}
                      ;*invokestatic valueOf {reexecute=0 rethrow=0 return_oop=0}
                      ; - sun.invoke.util.ValueConversions::boxLong@1 (line 300)
                      ; - java.lang.invoke.DirectMethodHandle$Holder::invokeStatic@10
                      ; - java.lang.invoke.LambdaForm$MH/0x00003fe0020b3c00::invoke@112
                      ;   {static_call}
  0x0000000116801df0: e4e0 7195 

  0x0000000116801df4: ;   {post_call_nop}
  0x0000000116801df4: 1f20 03d5 | 9f1d 83f2 | 1f80 81f2 

  0x0000000116801e00: ;   {metadata(method data for {method} {0x00003fe00020eb98} 'invokeStatic' '(Ljava/lang/Object;J)Ljava/lang/Object;' in 'java/lang/invoke/DirectMethodHandle$Holder')}
  0x0000000116801e00: 0385 90d2 | e333 a9f2 | 2300 c0f2 | 6360 0591 | e403 00aa | 8400 00b5 | 6900 40f9 | 2901 40b2 
  0x0000000116801e20: 6900 00f9 

  0x0000000116801e24: ;   {metadata(method data for {method} {0x0000000149e14750} 'invoke' '(Ljava/lang/Object;Ljava/lang/Object;Ljava/lang/Object;Ljava/lang/Object;)Ljava/lang/Object;' in 'java/lang/invoke/LambdaForm$MH+0x00003fe0020b3c00')}
  0x0000000116801e24: 0300 88d2 | a345 a9f2 | 2300 c0f2 | 63c0 0d91 | e403 00aa | a400 00b5 | 6900 40f9 | 2901 40b2 
  0x0000000116801e44: 6900 00f9 | 1700 0014 

  0x0000000116801e4c: ;   {metadata('java/lang/Long')}
  0x0000000116801e4c: 04ad 87d2 | 4403 a0f2 | 04fc c7f2 | 6900 40f9 | 8400 09ca | 88f4 7e92 | 0802 00b4 | e401 0837 
  0x0000000116801e6c: a901 00b4 | 3f05 00f1 | 6001 0054 | bf39 03d5 | 8400 09ca | 6900 40f9 | 8400 09ca | 88f4 7e92 
  0x0000000116801e8c: c800 00b4 | 6900 40f9 | 2901 7fb2 | 6900 00f9 | 0200 0014 | 6400 00f9 | fd7b 5ea9 | ffc3 0791 
  0x0000000116801eac: ;   {poll_return}
  0x0000000116801eac: 8817 40f9 | ff63 28eb | 2832 0054 | c003 5fd6 

  0x0000000116801ebc: ;   {oop(a 'jdk/internal/foreign/GlobalSession'{0x0000000c0b916ff0})}
  0x0000000116801ebc: 03fe 8dd2 | 2372 a1f2 | 8301 c0f2 

  0x0000000116801ec8: ;   {metadata(method data for {method} {0x0000000133eb9800} 'invoke' '(Ljava/lang/foreign/SegmentAllocator;Ljava/lang/foreign/MemorySegment;JJJ)J' in 'jdk/internal/foreign/abi/DowncallStub+0x00003fe0017f6800')}
  0x0000000116801ec8: 0400 9ad2 | 2444 a9f2 | 2400 c0f2 | 6308 40b9 | 6320 5bd2 | 88b8 41f9 | 7f00 08eb | a100 0054 
  0x0000000116801ee8: 88bc 41f9 | 0805 0091 | 88bc 01f9 | 1700 0014 | 88c0 41f9 | 7f00 08eb | a100 0054 | 88c4 41f9 
  0x0000000116801f08: 0805 0091 | 88c4 01f9 | 1000 0014 | 88b8 41f9 | a800 00b5 | 83b8 01f9 | e803 40b2 | 88bc 01f9 
  0x0000000116801f28: 0a00 0014 | 88c0 41f9 | a800 00b5 | 83c0 01f9 | e803 40b2 | 88c4 01f9 | 0400 0014 | 88b4 41f9 
  0x0000000116801f48: 0805 0091 | 88b4 01f9 

  0x0000000116801f50: ;   {metadata(method data for {method} {0x00000001325cc0b0} 'release0' '()V' in 'jdk/internal/foreign/GlobalSession')}
  0x0000000116801f50: 0300 80d2 | 033e a9f2 | 2300 c0f2 | 6490 40b9 | 8408 0011 | 6490 00b9 | 844c 1f12 | 9f00 0071 
  0x0000000116801f70: a02c 0054 | 7101 0014 

  0x0000000116801f78: ;   {oop(""{0x0000000c0bc01748})}
  0x0000000116801f78: 00e9 82d2 | 0078 a1f2 | 8001 c0f2 | 2100 0014 

  0x0000000116801f88: ;   {metadata('java/lang/String')}
  0x0000000116801f88: 035a 93d2 | e302 a0f2 | 03fc c7f2 | 80e7 40f9 | 0b60 0091 | 88ef 40f9 | 7f01 08eb | 082c 0054 
  0x0000000116801fa8: 8be7 00f9 | ea03 40b2 | 0a00 00f9 | 6a20 5bd2 | 0a7c 0129 | 0a40 0091 | 5f01 00f9 | bf3a 03d5 
  0x0000000116801fc8: e203 00aa 

  0x0000000116801fcc: ;   {metadata(method data for {method} {0x00003fe0001b94f0} 'toString' '()Ljava/lang/String;' in 'java/lang/StringBuilder')}
  0x0000000116801fcc: 0365 86d2 | 2300 a6f2 | 2300 c0f2 | 6894 40f9 | 0805 0091 | 6894 00f9 | e203 1daa | e303 1faa 
  0x0000000116801fec: e103 00aa | fd03 00aa 

  0x0000000116801ff4: ; ImmutableOopMap {rfp=Oop [456]=Oop }
                      ;*invokespecial <init> {reexecute=0 rethrow=0 return_oop=0}
                      ; - java.lang.StringBuilder::toString@16 (line 478)
                      ; - jdk.internal.foreign.abi.SharedUtils::checkSymbol@38 (line 373)
                      ; - java.lang.invoke.LambdaForm$DMH/0x00003fe001045400::invokeStatic@10
                      ; - java.lang.invoke.LambdaForm$MH/0x00003fe0020b3c00::invoke@70
                      ;   {optimized virtual_call}
  0x0000000116801ff4: 83a5 5995 

  0x0000000116801ff8: ;   {post_call_nop}
  0x0000000116801ff8: 1f20 03d5 | 1f5e 83f2 | 1fa0 81f2 | e003 1daa | fde7 40f9 | e203 1daa 

  0x0000000116802010: ;   {metadata(method data for {method} {0x00000001323456b0} 'checkSymbol' '(Ljava/lang/foreign/MemorySegment;)V' in 'jdk/internal/foreign/abi/SharedUtils')}
  0x0000000116802010: 01e5 9bd2 | e133 a9f2 | 2100 c0f2 | 28ec 40f9 | 0805 0091 | 28ec 00f9 | e203 00aa | e103 1daa 
  0x0000000116802030: ; ImmutableOopMap {rfp=Oop }
                      ;*invokespecial <init> {reexecute=0 rethrow=0 return_oop=0}
                      ; - jdk.internal.foreign.abi.SharedUtils::checkSymbol@41 (line 373)
                      ; - java.lang.invoke.LambdaForm$DMH/0x00003fe001045400::invokeStatic@10
                      ; - java.lang.invoke.LambdaForm$MH/0x00003fe0020b3c00::invoke@70
                      ;   {optimized virtual_call}
  0x0000000116802030: 74a5 5995 

  0x0000000116802034: ;   {post_call_nop}
  0x0000000116802034: 1f20 03d5 | 9f65 83f2 | 1fc0 81f2 | e003 1daa | 3d01 0014 

  0x0000000116802048: ;   {metadata({method} {0x0000000149e14750} 'invoke' '(Ljava/lang/Object;Ljava/lang/Object;Ljava/lang/Object;Ljava/lang/Object;)Ljava/lang/Object;' in 'java/lang/invoke/LambdaForm$MH+0x00003fe0020b3c00')}
  0x0000000116802048: 08ea 88d2 | 283c a9f2 | 2800 c0f2 | e807 00f9 | 0800 8092 | e803 00f9 

  0x0000000116802060: ; ImmutableOopMap {c_rarg1=Oop rfp=Oop c_rarg3=Oop c_rarg4=Oop }
                      ;*synchronization entry
                      ; - java.lang.invoke.LambdaForm$MH/0x00003fe0020b3c00::invoke@-1
                      ;   {runtime_call C1 Runtime counter_overflow_blob}
  0x0000000116802060: 88f5 5c95 | baf9 ff17 

  0x0000000116802068: ;   {metadata({method} {0x0000000130b0ba98} 'invoke' '(Ljava/lang/Object;Ljava/lang/Object;)J' in 'java/lang/invoke/LambdaForm$MH+0x00003fe001144400')}
  0x0000000116802068: 0853 97d2 | 0816 a6f2 | 2800 c0f2 | e807 00f9 | 0800 8092 | e803 00f9 

  0x0000000116802080: ; ImmutableOopMap {c_rarg4=Oop c_rarg3=Oop [416]=Oop }
                      ;*synchronization entry
                      ; - java.lang.invoke.LambdaForm$MH/0x00003fe001144400::invoke@-1
                      ; - java.lang.invoke.LambdaForm$MH/0x00003fe0020b3c00::invoke@24
                      ;   {runtime_call C1 Runtime counter_overflow_blob}
  0x0000000116802080: 80f5 5c95 | eaf9 ff17 

  0x0000000116802088: ;   {metadata({method} {0x0000000130b09a80} 'invokeStatic' '(Ljava/lang/Object;Ljava/lang/Object;I)J' in 'java/lang/invoke/LambdaForm$DMH+0x00003fe001143400')}
  0x0000000116802088: 0850 93d2 | 0816 a6f2 | 2800 c0f2 | e807 00f9 | 0800 8092 | e803 00f9 

  0x00000001168020a0: ; ImmutableOopMap {c_rarg4=Oop c_rarg3=Oop [416]=Oop }
                      ;*synchronization entry
                      ; - java.lang.invoke.LambdaForm$DMH/0x00003fe001143400::invokeStatic@-1
                      ; - java.lang.invoke.LambdaForm$MH/0x00003fe001144400::invoke@21
                      ; - java.lang.invoke.LambdaForm$MH/0x00003fe0020b3c00::invoke@24
                      ;   {runtime_call C1 Runtime counter_overflow_blob}
  0x00000001168020a0: 78f5 5c95 | 03fa ff17 

  0x00000001168020a8: ;   {metadata({method} {0x00003fe000200458} 'internalMemberName' '(Ljava/lang/Object;)Ljava/lang/Object;' in 'java/lang/invoke/DirectMethodHandle')}
  0x00000001168020a8: 088b 80d2 | 0804 a0f2 | 08fc c7f2 | e807 00f9 | 0800 8092 | e803 00f9 

  0x00000001168020c0: ; ImmutableOopMap {c_rarg4=Oop c_rarg3=Oop [416]=Oop }
                      ;*synchronization entry
                      ; - java.lang.invoke.DirectMethodHandle::internalMemberName@-1 (line 326)
                      ; - java.lang.invoke.LambdaForm$DMH/0x00003fe001143400::invokeStatic@1
                      ; - java.lang.invoke.LambdaForm$MH/0x00003fe001144400::invoke@21
                      ; - java.lang.invoke.LambdaForm$MH/0x00003fe0020b3c00::invoke@24
                      ;   {runtime_call C1 Runtime counter_overflow_blob}
  0x00000001168020c0: 70f5 5c95 | 0afa ff17 

  0x00000001168020c8: ;   {metadata({method} {0x0000000130b0ba98} 'invoke' '(Ljava/lang/Object;Ljava/lang/Object;)J' in 'java/lang/invoke/LambdaForm$MH+0x00003fe001144400')}
  0x00000001168020c8: 0853 97d2 | 0816 a6f2 | 2800 c0f2 | e807 00f9 | 0800 8092 | e803 00f9 

  0x00000001168020e0: ; ImmutableOopMap {rfp=Oop [416]=Oop [424]=Oop }
                      ;*synchronization entry
                      ; - java.lang.invoke.LambdaForm$MH/0x00003fe001144400::invoke@-1
                      ; - java.lang.invoke.LambdaForm$MH/0x00003fe0020b3c00::invoke@32
                      ;   {runtime_call C1 Runtime counter_overflow_blob}
  0x00000001168020e0: 68f5 5c95 | 56fa ff17 

  0x00000001168020e8: ;   {metadata({method} {0x0000000130b09a80} 'invokeStatic' '(Ljava/lang/Object;Ljava/lang/Object;I)J' in 'java/lang/invoke/LambdaForm$DMH+0x00003fe001143400')}
  0x00000001168020e8: 0850 93d2 | 0816 a6f2 | 2800 c0f2 | e807 00f9 | 0800 8092 | e803 00f9 

  0x0000000116802100: ; ImmutableOopMap {rfp=Oop [416]=Oop [424]=Oop }
                      ;*synchronization entry
                      ; - java.lang.invoke.LambdaForm$DMH/0x00003fe001143400::invokeStatic@-1
                      ; - java.lang.invoke.LambdaForm$MH/0x00003fe001144400::invoke@21
                      ; - java.lang.invoke.LambdaForm$MH/0x00003fe0020b3c00::invoke@32
                      ;   {runtime_call C1 Runtime counter_overflow_blob}
  0x0000000116802100: 60f5 5c95 | 6ffa ff17 

  0x0000000116802108: ;   {metadata({method} {0x00003fe000200458} 'internalMemberName' '(Ljava/lang/Object;)Ljava/lang/Object;' in 'java/lang/invoke/DirectMethodHandle')}
  0x0000000116802108: 088b 80d2 | 0804 a0f2 | 08fc c7f2 | e807 00f9 | 0800 8092 | e803 00f9 

  0x0000000116802120: ; ImmutableOopMap {rfp=Oop [416]=Oop [424]=Oop }
                      ;*synchronization entry
                      ; - java.lang.invoke.DirectMethodHandle::internalMemberName@-1 (line 326)
                      ; - java.lang.invoke.LambdaForm$DMH/0x00003fe001143400::invokeStatic@1
                      ; - java.lang.invoke.LambdaForm$MH/0x00003fe001144400::invoke@21
                      ; - java.lang.invoke.LambdaForm$MH/0x00003fe0020b3c00::invoke@32
                      ;   {runtime_call C1 Runtime counter_overflow_blob}
  0x0000000116802120: 58f5 5c95 | 76fa ff17 

  0x0000000116802128: ;   {metadata({method} {0x0000000130b0ba98} 'invoke' '(Ljava/lang/Object;Ljava/lang/Object;)J' in 'java/lang/invoke/LambdaForm$MH+0x00003fe001144400')}
  0x0000000116802128: 0853 97d2 | 0816 a6f2 | 2800 c0f2 | e807 00f9 | 0800 8092 | e803 00f9 

  0x0000000116802140: ; ImmutableOopMap {c_rarg2=Oop [424]=Oop }
                      ;*synchronization entry
                      ; - java.lang.invoke.LambdaForm$MH/0x00003fe001144400::invoke@-1
                      ; - java.lang.invoke.LambdaForm$MH/0x00003fe0020b3c00::invoke@40
                      ;   {runtime_call C1 Runtime counter_overflow_blob}
  0x0000000116802140: 50f5 5c95 | bdfa ff17 

  0x0000000116802148: ;   {metadata({method} {0x0000000130b09a80} 'invokeStatic' '(Ljava/lang/Object;Ljava/lang/Object;I)J' in 'java/lang/invoke/LambdaForm$DMH+0x00003fe001143400')}
  0x0000000116802148: 0850 93d2 | 0816 a6f2 | 2800 c0f2 | e807 00f9 | 0800 8092 | e803 00f9 

  0x0000000116802160: ; ImmutableOopMap {c_rarg2=Oop [424]=Oop }
                      ;*synchronization entry
                      ; - java.lang.invoke.LambdaForm$DMH/0x00003fe001143400::invokeStatic@-1
                      ; - java.lang.invoke.LambdaForm$MH/0x00003fe001144400::invoke@21
                      ; - java.lang.invoke.LambdaForm$MH/0x00003fe0020b3c00::invoke@40
                      ;   {runtime_call C1 Runtime counter_overflow_blob}
  0x0000000116802160: 48f5 5c95 | d6fa ff17 

  0x0000000116802168: ;   {metadata({method} {0x00003fe000200458} 'internalMemberName' '(Ljava/lang/Object;)Ljava/lang/Object;' in 'java/lang/invoke/DirectMethodHandle')}
  0x0000000116802168: 088b 80d2 | 0804 a0f2 | 08fc c7f2 | e807 00f9 | 0800 8092 | e803 00f9 

  0x0000000116802180: ; ImmutableOopMap {c_rarg2=Oop [424]=Oop }
                      ;*synchronization entry
                      ; - java.lang.invoke.DirectMethodHandle::internalMemberName@-1 (line 326)
                      ; - java.lang.invoke.LambdaForm$DMH/0x00003fe001143400::invokeStatic@1
                      ; - java.lang.invoke.LambdaForm$MH/0x00003fe001144400::invoke@21
                      ; - java.lang.invoke.LambdaForm$MH/0x00003fe0020b3c00::invoke@40
                      ;   {runtime_call C1 Runtime counter_overflow_blob}
  0x0000000116802180: 40f5 5c95 | ddfa ff17 

  0x0000000116802188: ;   {metadata({method} {0x000000013040ca80} 'invokeStatic' '(Ljava/lang/Object;Ljava/lang/Object;)V' in 'java/lang/invoke/LambdaForm$DMH+0x00003fe001045400')}
  0x0000000116802188: 0850 99d2 | 0808 a6f2 | 2800 c0f2 | e807 00f9 | 0800 8092 | e803 00f9 

  0x00000001168021a0: ; ImmutableOopMap {}
                      ;*synchronization entry
                      ; - java.lang.invoke.LambdaForm$DMH/0x00003fe001045400::invokeStatic@-1
                      ; - java.lang.invoke.LambdaForm$MH/0x00003fe0020b3c00::invoke@70
                      ;   {runtime_call C1 Runtime counter_overflow_blob}
  0x00000001168021a0: 38f5 5c95 | 18fb ff17 

  0x00000001168021a8: ;   {metadata({method} {0x00003fe000200458} 'internalMemberName' '(Ljava/lang/Object;)Ljava/lang/Object;' in 'java/lang/invoke/DirectMethodHandle')}
  0x00000001168021a8: 088b 80d2 | 0804 a0f2 | 08fc c7f2 | e807 00f9 | 0800 8092 | e803 00f9 

  0x00000001168021c0: ; ImmutableOopMap {}
                      ;*synchronization entry
                      ; - java.lang.invoke.DirectMethodHandle::internalMemberName@-1 (line 326)
                      ; - java.lang.invoke.LambdaForm$DMH/0x00003fe001045400::invokeStatic@1
                      ; - java.lang.invoke.LambdaForm$MH/0x00003fe0020b3c00::invoke@70
                      ;   {runtime_call C1 Runtime counter_overflow_blob}
  0x00000001168021c0: 30f5 5c95 | 1ffb ff17 

  0x00000001168021c8: ;   {metadata({method} {0x00000001323456b0} 'checkSymbol' '(Ljava/lang/foreign/MemorySegment;)V' in 'jdk/internal/foreign/abi/SharedUtils')}
  0x00000001168021c8: 08d6 8ad2 | 8846 a6f2 | 2800 c0f2 | e807 00f9 | 0800 8092 | e803 00f9 

  0x00000001168021e0: ; ImmutableOopMap {}
                      ;*synchronization entry
                      ; - jdk.internal.foreign.abi.SharedUtils::checkSymbol@-1 (line 371)
                      ; - java.lang.invoke.LambdaForm$DMH/0x00003fe001045400::invokeStatic@10
                      ; - java.lang.invoke.LambdaForm$MH/0x00003fe0020b3c00::invoke@70
                      ;   {runtime_call C1 Runtime counter_overflow_blob}
  0x00000001168021e0: 28f5 5c95 | 26fb ff17 

  0x00000001168021e8: ;   {metadata({method} {0x00003fe00021db70} 'requireNonNull' '(Ljava/lang/Object;)Ljava/lang/Object;' in 'java/util/Objects')}
  0x00000001168021e8: 086e 9bd2 | 2804 a0f2 | 08fc c7f2 | e807 00f9 | 0800 8092 | e803 00f9 

  0x0000000116802200: ; ImmutableOopMap {}
                      ;*synchronization entry
                      ; - java.util.Objects::requireNonNull@-1 (line 219)
                      ; - jdk.internal.foreign.abi.SharedUtils::checkSymbol@1 (line 371)
                      ; - java.lang.invoke.LambdaForm$DMH/0x00003fe001045400::invokeStatic@10
                      ; - java.lang.invoke.LambdaForm$MH/0x00003fe0020b3c00::invoke@70
                      ;   {runtime_call C1 Runtime counter_overflow_blob}
  0x0000000116802200: 20f5 5c95 | 2dfb ff17 

  0x0000000116802208: ; ImmutableOopMap {}
                      ;*new {reexecute=0 rethrow=0 return_oop=0}
                      ; - jdk.internal.foreign.abi.SharedUtils::checkSymbol@17 (line 373)
                      ; - java.lang.invoke.LambdaForm$DMH/0x00003fe001045400::invokeStatic@10
                      ; - java.lang.invoke.LambdaForm$MH/0x00003fe0020b3c00::invoke@70
                      ;   {runtime_call C1 Runtime fast_new_instance_blob}
  0x0000000116802208: 5eeb 5c95 | 78fb ff17 

  0x0000000116802210: ; ImmutableOopMap {[456]=Oop }
                      ;*new {reexecute=0 rethrow=0 return_oop=0}
                      ; - jdk.internal.foreign.abi.SharedUtils::checkSymbol@21 (line 373)
                      ; - java.lang.invoke.LambdaForm$DMH/0x00003fe001045400::invokeStatic@10
                      ; - java.lang.invoke.LambdaForm$MH/0x00003fe0020b3c00::invoke@70
                      ;   {runtime_call C1 Runtime fast_new_instance_blob}
  0x0000000116802210: 5ceb 5c95 | 85fb ff17 

  0x0000000116802218: ;   {metadata({method} {0x00003fe0001baa50} '<init>' '()V' in 'java/lang/StringBuilder')}
  0x0000000116802218: 084a 95d2 | 6803 a0f2 | 08fc c7f2 | e807 00f9 | 0800 8092 | e803 00f9 

  0x0000000116802230: ; ImmutableOopMap {c_rarg0=Oop [456]=Oop }
                      ;*synchronization entry
                      ; - java.lang.StringBuilder::<init>@-1 (line 106)
                      ; - jdk.internal.foreign.abi.SharedUtils::checkSymbol@25 (line 373)
                      ; - java.lang.invoke.LambdaForm$DMH/0x00003fe001045400::invokeStatic@10
                      ; - java.lang.invoke.LambdaForm$MH/0x00003fe0020b3c00::invoke@70
                      ;   {runtime_call C1 Runtime counter_overflow_blob}
  0x0000000116802230: 14f5 5c95 | 8dfb ff17 

  0x0000000116802238: ;   {metadata({method} {0x00003fe0001bac60} 'append' '(Ljava/lang/String;)Ljava/lang/StringBuilder;' in 'java/lang/StringBuilder')}
  0x0000000116802238: 088c 95d2 | 6803 a0f2 | 08fc c7f2 | e807 00f9 | 0800 8092 | e803 00f9 

  0x0000000116802250: ; ImmutableOopMap {rfp=Oop [456]=Oop }
                      ;*synchronization entry
                      ; - java.lang.StringBuilder::append@-1 (line 179)
                      ; - jdk.internal.foreign.abi.SharedUtils::checkSymbol@31 (line 373)
                      ; - java.lang.invoke.LambdaForm$DMH/0x00003fe001045400::invokeStatic@10
                      ; - java.lang.invoke.LambdaForm$MH/0x00003fe0020b3c00::invoke@70
                      ;   {runtime_call C1 Runtime counter_overflow_blob}
  0x0000000116802250: 0cf5 5c95 | bffb ff17 

  0x0000000116802258: ;   {metadata({method} {0x00003fe0001bac08} 'append' '(Ljava/lang/Object;)Ljava/lang/StringBuilder;' in 'java/lang/StringBuilder')}
  0x0000000116802258: 0881 95d2 | 6803 a0f2 | 08fc c7f2 | e807 00f9 | 0800 8092 | e803 00f9 

  0x0000000116802270: ; ImmutableOopMap {rfp=Oop [456]=Oop }
                      ;*synchronization entry
                      ; - java.lang.StringBuilder::append@-1 (line 173)
                      ; - jdk.internal.foreign.abi.SharedUtils::checkSymbol@35 (line 373)
                      ; - java.lang.invoke.LambdaForm$DMH/0x00003fe001045400::invokeStatic@10
                      ; - java.lang.invoke.LambdaForm$MH/0x00003fe0020b3c00::invoke@70
                      ;   {runtime_call C1 Runtime counter_overflow_blob}
  0x0000000116802270: 04f5 5c95 | f2fb ff17 

  0x0000000116802278: ;   {metadata({method} {0x00003fe00049d120} 'valueOf' '(Ljava/lang/Object;)Ljava/lang/String;' in 'java/lang/String')}
  0x0000000116802278: 0824 9ad2 | 2809 a0f2 | 08fc c7f2 | e807 00f9 | 0800 8092 | e803 00f9 

  0x0000000116802290: ; ImmutableOopMap {rfp=Oop [456]=Oop }
                      ;*synchronization entry
                      ; - java.lang.String::valueOf@-1 (line 4530)
                      ; - java.lang.StringBuilder::append@2 (line 173)
                      ; - jdk.internal.foreign.abi.SharedUtils::checkSymbol@35 (line 373)
                      ; - java.lang.invoke.LambdaForm$DMH/0x00003fe001045400::invokeStatic@10
                      ; - java.lang.invoke.LambdaForm$MH/0x00003fe0020b3c00::invoke@70
                      ;   {runtime_call C1 Runtime counter_overflow_blob}
  0x0000000116802290: fcf4 5c95 | f9fb ff17 

  0x0000000116802298: ;   {metadata({method} {0x00003fe0001bac60} 'append' '(Ljava/lang/String;)Ljava/lang/StringBuilder;' in 'java/lang/StringBuilder')}
  0x0000000116802298: 088c 95d2 | 6803 a0f2 | 08fc c7f2 | e807 00f9 | 0800 8092 | e803 00f9 

  0x00000001168022b0: ; ImmutableOopMap {rfp=Oop c_rarg0=Oop [456]=Oop }
                      ;*synchronization entry
                      ; - java.lang.StringBuilder::append@-1 (line 179)
                      ; - java.lang.StringBuilder::append@5 (line 173)
                      ; - jdk.internal.foreign.abi.SharedUtils::checkSymbol@35 (line 373)
                      ; - java.lang.invoke.LambdaForm$DMH/0x00003fe001045400::invokeStatic@10
                      ; - java.lang.invoke.LambdaForm$MH/0x00003fe0020b3c00::invoke@70
                      ;   {runtime_call C1 Runtime counter_overflow_blob}
  0x00000001168022b0: f4f4 5c95 | 4dfc ff17 

  0x00000001168022b8: ;   {metadata({method} {0x00003fe0001b94f0} 'toString' '()Ljava/lang/String;' in 'java/lang/StringBuilder')}
  0x00000001168022b8: 089e 92d2 | 6803 a0f2 | 08fc c7f2 | e807 00f9 | 0800 8092 | e803 00f9 

  0x00000001168022d0: ; ImmutableOopMap {rfp=Oop [456]=Oop }
                      ;*synchronization entry
                      ; - java.lang.StringBuilder::toString@-1 (line 474)
                      ; - jdk.internal.foreign.abi.SharedUtils::checkSymbol@38 (line 373)
                      ; - java.lang.invoke.LambdaForm$DMH/0x00003fe001045400::invokeStatic@10
                      ; - java.lang.invoke.LambdaForm$MH/0x00003fe0020b3c00::invoke@70
                      ;   {runtime_call C1 Runtime counter_overflow_blob}
  0x00000001168022d0: ecf4 5c95 | 7efc ff17 

  0x00000001168022d8: ;   {metadata({method} {0x00003fe0001b9608} 'length' '()I' in 'java/lang/StringBuilder')}
  0x00000001168022d8: 08c1 92d2 | 6803 a0f2 | 08fc c7f2 | e807 00f9 | 0800 8092 | e803 00f9 

  0x00000001168022f0: ; ImmutableOopMap {rfp=Oop [456]=Oop }
                      ;*synchronization entry
                      ; - java.lang.StringBuilder::length@-1 (line 91)
                      ; - java.lang.StringBuilder::toString@1 (line 474)
                      ; - jdk.internal.foreign.abi.SharedUtils::checkSymbol@38 (line 373)
                      ; - java.lang.invoke.LambdaForm$DMH/0x00003fe001045400::invokeStatic@10
                      ; - java.lang.invoke.LambdaForm$MH/0x00003fe0020b3c00::invoke@70
                      ;   {runtime_call C1 Runtime counter_overflow_blob}
  0x00000001168022f0: e4f4 5c95 | a2fc ff17 

  0x00000001168022f8: ;   {metadata({method} {0x0000000133eb9e88} 'invokeStatic' '(Ljava/lang/Object;Ljava/lang/Object;Ljava/lang/Object;JJJ)J' in 'java/lang/invoke/LambdaForm$DMH+0x00003fe0017f6c00')}
  0x00000001168022f8: 08d1 93d2 | 687d a6f2 | 2800 c0f2 | e807 00f9 | 0800 8092 | e803 00f9 

  0x0000000116802310: ; ImmutableOopMap {}
                      ;*synchronization entry
                      ; - java.lang.invoke.LambdaForm$DMH/0x00003fe0017f6c00::invokeStatic@-1
                      ; - java.lang.invoke.LambdaForm$MH/0x00003fe0020b3c00::invoke@94
                      ;   {runtime_call C1 Runtime counter_overflow_blob}
  0x0000000116802310: dcf4 5c95 | dafc ff17 

  0x0000000116802318: ;   {metadata({method} {0x00003fe000200458} 'internalMemberName' '(Ljava/lang/Object;)Ljava/lang/Object;' in 'java/lang/invoke/DirectMethodHandle')}
  0x0000000116802318: 088b 80d2 | 0804 a0f2 | 08fc c7f2 | e807 00f9 | 0800 8092 | e803 00f9 

  0x0000000116802330: ; ImmutableOopMap {}
                      ;*synchronization entry
                      ; - java.lang.invoke.DirectMethodHandle::internalMemberName@-1 (line 326)
                      ; - java.lang.invoke.LambdaForm$DMH/0x00003fe0017f6c00::invokeStatic@1
                      ; - java.lang.invoke.LambdaForm$MH/0x00003fe0020b3c00::invoke@94
                      ;   {runtime_call C1 Runtime counter_overflow_blob}
  0x0000000116802330: d4f4 5c95 | e1fc ff17 

  0x0000000116802338: ;   {metadata({method} {0x0000000133eb9800} 'invoke' '(Ljava/lang/foreign/SegmentAllocator;Ljava/lang/foreign/MemorySegment;JJJ)J' in 'jdk/internal/foreign/abi/DowncallStub+0x00003fe0017f6800')}
  0x0000000116802338: 0800 93d2 | 687d a6f2 | 2800 c0f2 | e807 00f9 | 0800 8092 | e803 00f9 

  0x0000000116802350: ; ImmutableOopMap {}
                      ;*synchronization entry
                      ; - jdk.internal.foreign.abi.DowncallStub/0x00003fe0017f6800::invoke@-1
                      ; - java.lang.invoke.LambdaForm$DMH/0x00003fe0017f6c00::invokeStatic@18
                      ; - java.lang.invoke.LambdaForm$MH/0x00003fe0020b3c00::invoke@94
                      ;   {runtime_call C1 Runtime counter_overflow_blob}
  0x0000000116802350: ccf4 5c95 | e8fc ff17 

  0x0000000116802358: ;   {metadata({method} {0x00000001325cc170} 'acquire0' '()V' in 'jdk/internal/foreign/GlobalSession')}
  0x0000000116802358: 082e 98d2 | 884b a6f2 | 2800 c0f2 | e807 00f9 | 0800 8092 | e803 00f9 

  0x0000000116802370: ; ImmutableOopMap {rfp=Oop }
                      ;*synchronization entry
                      ; - jdk.internal.foreign.GlobalSession::acquire0@-1 (line 54)
                      ; - jdk.internal.foreign.abi.DowncallStub/0x00003fe0017f6800::invoke@17
                      ; - java.lang.invoke.LambdaForm$DMH/0x00003fe0017f6c00::invokeStatic@18
                      ; - java.lang.invoke.LambdaForm$MH/0x00003fe0020b3c00::invoke@94
                      ;   {runtime_call C1 Runtime counter_overflow_blob}
  0x0000000116802370: c4f4 5c95 | 34fd ff17 

  0x0000000116802378: ;   {metadata({method} {0x0000000149de4ab0} 'invokeExact_MT' '(Ljava/lang/Object;JJJJLjava/lang/Object;)J' in 'java/lang/invoke/LambdaForm$MH+0x00003fe0020b2c00')}
  0x0000000116802378: 0856 89d2 | c83b a9f2 | 2800 c0f2 | e807 00f9 | 0800 8092 | e803 00f9 

  0x0000000116802390: ; ImmutableOopMap {}
                      ;*synchronization entry
                      ; - java.lang.invoke.LambdaForm$MH/0x00003fe0020b2c00::invokeExact_MT@-1
                      ; - jdk.internal.foreign.abi.DowncallStub/0x00003fe0017f6800::invoke@58
                      ; - java.lang.invoke.LambdaForm$DMH/0x00003fe0017f6c00::invokeStatic@18
                      ; - java.lang.invoke.LambdaForm$MH/0x00003fe0020b3c00::invoke@94
                      ;   {runtime_call C1 Runtime counter_overflow_blob}
  0x0000000116802390: bcf4 5c95 | 68fd ff17 

  0x0000000116802398: ;   {metadata({method} {0x00003fe000474218} 'checkExactType' '(Ljava/lang/invoke/MethodHandle;Ljava/lang/invoke/MethodType;)V' in 'java/lang/invoke/Invokers')}
  0x0000000116802398: 0843 88d2 | e808 a0f2 | 08fc c7f2 | e807 00f9 | 0800 8092 | e803 00f9 

  0x00000001168023b0: ; ImmutableOopMap {}
                      ;*synchronization entry
                      ; - java.lang.invoke.Invokers::checkExactType@-1 (line 529)
                      ; - java.lang.invoke.LambdaForm$MH/0x00003fe0020b2c00::invokeExact_MT@11
                      ; - jdk.internal.foreign.abi.DowncallStub/0x00003fe0017f6800::invoke@58
                      ; - java.lang.invoke.LambdaForm$DMH/0x00003fe0017f6c00::invokeStatic@18
                      ; - java.lang.invoke.LambdaForm$MH/0x00003fe0020b3c00::invoke@94
                      ;   {runtime_call C1 Runtime counter_overflow_blob}
  0x00000001168023b0: b4f4 5c95 | 6ffd ff17 

  0x00000001168023b8: ;   {metadata({method} {0x00003fe000474110} 'checkCustomized' '(Ljava/lang/invoke/MethodHandle;)V' in 'java/lang/invoke/Invokers')}
  0x00000001168023b8: 0822 88d2 | e808 a0f2 | 08fc c7f2 | e807 00f9 | 0800 8092 | e803 00f9 

  0x00000001168023d0: ; ImmutableOopMap {}
                      ;*synchronization entry
                      ; - java.lang.invoke.Invokers::checkCustomized@-1 (line 622)
                      ; - java.lang.invoke.LambdaForm$MH/0x00003fe0020b2c00::invokeExact_MT@15
                      ; - jdk.internal.foreign.abi.DowncallStub/0x00003fe0017f6800::invoke@58
                      ; - java.lang.invoke.LambdaForm$DMH/0x00003fe0017f6c00::invokeStatic@18
                      ; - java.lang.invoke.LambdaForm$MH/0x00003fe0020b3c00::invoke@94
                      ;   {runtime_call C1 Runtime counter_overflow_blob}
  0x00000001168023d0: acf4 5c95 | a1fd ff17 

  0x00000001168023d8: ;   {metadata({method} {0x00003fe0001f9438} 'isCompileConstant' '(Ljava/lang/Object;)Z' in 'java/lang/invoke/MethodHandleImpl')}
  0x00000001168023d8: 0887 92d2 | e803 a0f2 | 08fc c7f2 | e807 00f9 | 0800 8092 | e803 00f9 

  0x00000001168023f0: ; ImmutableOopMap {}
                      ;*synchronization entry
                      ; - java.lang.invoke.MethodHandleImpl::isCompileConstant@-1 (line 625)
                      ; - java.lang.invoke.Invokers::checkCustomized@1 (line 622)
                      ; - java.lang.invoke.LambdaForm$MH/0x00003fe0020b2c00::invokeExact_MT@15
                      ; - jdk.internal.foreign.abi.DowncallStub/0x00003fe0017f6800::invoke@58
                      ; - java.lang.invoke.LambdaForm$DMH/0x00003fe0017f6c00::invokeStatic@18
                      ; - java.lang.invoke.LambdaForm$MH/0x00003fe0020b3c00::invoke@94
                      ;   {runtime_call C1 Runtime counter_overflow_blob}
  0x00000001168023f0: a4f4 5c95 | a8fd ff17 

  0x00000001168023f8: ;   {metadata({method} {0x0000000149e142d0} 'invoke' '(Ljava/lang/Object;JJJJ)J' in 'java/lang/invoke/LambdaForm$MH+0x00003fe0020b3800')}
  0x00000001168023f8: 085a 88d2 | 283c a9f2 | 2800 c0f2 | e807 00f9 | 0800 8092 | e803 00f9 

  0x0000000116802410: ; ImmutableOopMap {}
                      ;*synchronization entry
                      ; - java.lang.invoke.LambdaForm$MH/0x00003fe0020b3800::invoke@-1
                      ; - java.lang.invoke.LambdaForm$MH/0x00003fe0020b2c00::invokeExact_MT@25
                      ; - jdk.internal.foreign.abi.DowncallStub/0x00003fe0017f6800::invoke@58
                      ; - java.lang.invoke.LambdaForm$DMH/0x00003fe0017f6c00::invokeStatic@18
                      ; - java.lang.invoke.LambdaForm$MH/0x00003fe0020b3c00::invoke@94
                      ;   {runtime_call C1 Runtime counter_overflow_blob}
  0x0000000116802410: 9cf4 5c95 | bbfd ff17 

  0x0000000116802418: ;   {metadata({method} {0x0000000132f0e2b0} 'internalNativeEntryPoint' '(Ljava/lang/Object;)Ljava/lang/Object;' in 'java/lang/invoke/NativeMethodHandle')}
  0x0000000116802418: 0856 9cd2 | 085e a6f2 | 2800 c0f2 | e807 00f9 | 0800 8092 | e803 00f9 

  0x0000000116802430: ; ImmutableOopMap {}
                      ;*synchronization entry
                      ; - java.lang.invoke.NativeMethodHandle::internalNativeEntryPoint@-1 (line 141)
                      ; - java.lang.invoke.LambdaForm$MH/0x00003fe0020b3800::invoke@5
                      ; - java.lang.invoke.LambdaForm$MH/0x00003fe0020b2c00::invokeExact_MT@25
                      ; - jdk.internal.foreign.abi.DowncallStub/0x00003fe0017f6800::invoke@58
                      ; - java.lang.invoke.LambdaForm$DMH/0x00003fe0017f6c00::invokeStatic@18
                      ; - java.lang.invoke.LambdaForm$MH/0x00003fe0020b3c00::invoke@94
                      ;   {runtime_call C1 Runtime counter_overflow_blob}
  0x0000000116802430: 94f4 5c95 | c2fd ff17 

  0x0000000116802438: ;   {metadata({method} {0x00000001325b1410} 'close' '()V' in 'jdk/internal/foreign/abi/SharedUtils$1')}
  0x0000000116802438: 0882 82d2 | 684b a6f2 | 2800 c0f2 | e807 00f9 | 0800 8092 | e803 00f9 

  0x0000000116802450: ; ImmutableOopMap {}
                      ;*synchronization entry
                      ; - jdk.internal.foreign.abi.SharedUtils$1::close@-1 (line 101)
                      ; - jdk.internal.foreign.abi.DowncallStub/0x00003fe0017f6800::invoke@70
                      ; - java.lang.invoke.LambdaForm$DMH/0x00003fe0017f6c00::invokeStatic@18
                      ; - java.lang.invoke.LambdaForm$MH/0x00003fe0020b3c00::invoke@94
                      ;   {runtime_call C1 Runtime counter_overflow_blob}
  0x0000000116802450: 8cf4 5c95 | defd ff17 

  0x0000000116802458: ;   {metadata({method} {0x00000001325cc0b0} 'release0' '()V' in 'jdk/internal/foreign/GlobalSession')}
  0x0000000116802458: 0816 98d2 | 884b a6f2 | 2800 c0f2 | e807 00f9 | 0800 8092 | e803 00f9 

  0x0000000116802470: ; ImmutableOopMap {}
                      ;*synchronization entry
                      ; - jdk.internal.foreign.GlobalSession::release0@-1 (line 48)
                      ; - jdk.internal.foreign.abi.DowncallStub/0x00003fe0017f6800::invoke@82
                      ; - java.lang.invoke.LambdaForm$DMH/0x00003fe0017f6c00::invokeStatic@18
                      ; - java.lang.invoke.LambdaForm$MH/0x00003fe0020b3c00::invoke@94
                      ;   {runtime_call C1 Runtime counter_overflow_blob}
  0x0000000116802470: 84f4 5c95 | 0afe ff17 

  0x0000000116802478: ;   {metadata({method} {0x00000001325b1410} 'close' '()V' in 'jdk/internal/foreign/abi/SharedUtils$1')}
  0x0000000116802478: 0882 82d2 | 684b a6f2 | 2800 c0f2 | e807 00f9 | 0800 8092 | e803 00f9 

  0x0000000116802490: ; ImmutableOopMap {c_rarg0=Oop }
                      ;*synchronization entry
                      ; - jdk.internal.foreign.abi.SharedUtils$1::close@-1 (line 101)
                      ; - jdk.internal.foreign.abi.DowncallStub/0x00003fe0017f6800::invoke@91
                      ; - java.lang.invoke.LambdaForm$DMH/0x00003fe0017f6c00::invokeStatic@18
                      ; - java.lang.invoke.LambdaForm$MH/0x00003fe0020b3c00::invoke@94
                      ;   {runtime_call C1 Runtime counter_overflow_blob}
  0x0000000116802490: 7cf4 5c95 | 1cfe ff17 

  0x0000000116802498: ;   {metadata({method} {0x00003fe00020eb98} 'invokeStatic' '(Ljava/lang/Object;J)Ljava/lang/Object;' in 'java/lang/invoke/DirectMethodHandle$Holder')}
  0x0000000116802498: 0873 9dd2 | 0804 a0f2 | 08fc c7f2 | e807 00f9 | 0800 8092 | e803 00f9 

  0x00000001168024b0: ; ImmutableOopMap {}
                      ;*synchronization entry
                      ; - java.lang.invoke.DirectMethodHandle$Holder::invokeStatic@-1
                      ; - java.lang.invoke.LambdaForm$MH/0x00003fe0020b3c00::invoke@112
                      ;   {runtime_call C1 Runtime counter_overflow_blob}
  0x00000001168024b0: 74f4 5c95 | 2afe ff17 

  0x00000001168024b8: ;   {metadata({method} {0x00003fe000200458} 'internalMemberName' '(Ljava/lang/Object;)Ljava/lang/Object;' in 'java/lang/invoke/DirectMethodHandle')}
  0x00000001168024b8: 088b 80d2 | 0804 a0f2 | 08fc c7f2 | e807 00f9 | 0800 8092 | e803 00f9 

  0x00000001168024d0: ; ImmutableOopMap {}
                      ;*synchronization entry
                      ; - java.lang.invoke.DirectMethodHandle::internalMemberName@-1 (line 326)
                      ; - java.lang.invoke.DirectMethodHandle$Holder::invokeStatic@1
                      ; - java.lang.invoke.LambdaForm$MH/0x00003fe0020b3c00::invoke@112
                      ;   {runtime_call C1 Runtime counter_overflow_blob}
  0x00000001168024d0: 6cf4 5c95 | 31fe ff17 

  0x00000001168024d8: ;   {metadata({method} {0x00003fe0001c4180} 'boxLong' '(J)Ljava/lang/Long;' in 'sun/invoke/util/ValueConversions')}
  0x00000001168024d8: 0830 88d2 | 8803 a0f2 | 08fc c7f2 | e807 00f9 | 0800 8092 | e803 00f9 

  0x00000001168024f0: ; ImmutableOopMap {}
                      ;*synchronization entry
                      ; - sun.invoke.util.ValueConversions::boxLong@-1 (line 300)
                      ; - java.lang.invoke.DirectMethodHandle$Holder::invokeStatic@10
                      ; - java.lang.invoke.LambdaForm$MH/0x00003fe0020b3c00::invoke@112
                      ;   {runtime_call C1 Runtime counter_overflow_blob}
  0x00000001168024f0: 64f4 5c95 | 38fe ff17 

  0x00000001168024f8: ;   {internal_word}
  0x00000001168024f8: a8cd ff10 | 8863 02f9 

  0x0000000116802500: ;   {runtime_call SafepointBlob}
  0x0000000116802500: e0a9 5915 

  0x0000000116802504: ;   {metadata({method} {0x00000001325cc0b0} 'release0' '()V' in 'jdk/internal/foreign/GlobalSession')}
  0x0000000116802504: 0816 98d2 | 884b a6f2 | 2800 c0f2 | e807 00f9 | 0800 8092 | e803 00f9 

  0x000000011680251c: ; ImmutableOopMap {c_rarg0=Oop }
                      ;*synchronization entry
                      ; - jdk.internal.foreign.GlobalSession::release0@-1 (line 48)
                      ; - jdk.internal.foreign.abi.DowncallStub/0x00003fe0017f6800::invoke@103
                      ; - java.lang.invoke.LambdaForm$DMH/0x00003fe0017f6c00::invokeStatic@18
                      ; - java.lang.invoke.LambdaForm$MH/0x00003fe0020b3c00::invoke@94
                      ;   {runtime_call C1 Runtime counter_overflow_blob}
  0x000000011680251c: 59f4 5c95 | 95fe ff17 

  0x0000000116802524: ; ImmutableOopMap {rfp=Oop [456]=Oop }
                      ;*new {reexecute=0 rethrow=0 return_oop=0}
                      ; - java.lang.StringBuilder::toString@10 (line 478)
                      ; - jdk.internal.foreign.abi.SharedUtils::checkSymbol@38 (line 373)
                      ; - java.lang.invoke.LambdaForm$DMH/0x00003fe001045400::invokeStatic@10
                      ; - java.lang.invoke.LambdaForm$MH/0x00003fe0020b3c00::invoke@70
                      ;   {runtime_call C1 Runtime fast_new_instance_blob}
  0x0000000116802524: 97ea 5c95 | a8fe ff17 | 80b7 42f9 | 9fb7 02f9 | 9fbb 02f9 | fd7b 5ea9 | ffc3 0791 

  0x0000000116802540: ;   {runtime_call C1 Runtime unwind_exception_blob}
  0x0000000116802540: 60e7 5c15 | 0000 0000 
[Stub Code]
  0x0000000116802548: ;   {trampoline_stub}
  0x0000000116802548: 4800 0058 | 0001 1fd6 | 8064 401c | 0100 0000 

  0x0000000116802558: ;   {trampoline_stub}
  0x0000000116802558: 4800 0058 | 0001 1fd6 | 8064 401c | 0100 0000 

  0x0000000116802568: ;   {trampoline_stub}
  0x0000000116802568: 4800 0058 | 0001 1fd6 | 8064 401c | 0100 0000 

  0x0000000116802578: ;   {static_stub}
  0x0000000116802578: df3f 03d5 

  0x000000011680257c: ;   {metadata(nullptr)}
  0x000000011680257c: 0c00 80d2 | 0c00 a0f2 | 0c00 c0f2 | 0800 80d2 | 0800 a0f2 | 0800 c0f2 | 0001 1fd6 

  0x0000000116802598: ;   {trampoline_stub}
  0x0000000116802598: 4800 0058 | 0001 1fd6 | 0057 dd15 | 0100 0000 

  0x00000001168025a8: ;   {trampoline_stub}
  0x00000001168025a8: 4800 0058 | 0001 1fd6 | 00b6 e61b | 0100 0000 

  0x00000001168025b8: ;   {static_stub}
  0x00000001168025b8: df3f 03d5 

  0x00000001168025bc: ;   {metadata(nullptr)}
  0x00000001168025bc: 0c00 80d2 | 0c00 a0f2 | 0c00 c0f2 | 0800 80d2 | 0800 a0f2 | 0800 c0f2 | 0001 1fd6 

  0x00000001168025d8: ;   {trampoline_stub}
  0x00000001168025d8: 4800 0058 | 0001 1fd6 | 00b6 e61b | 0100 0000 

  0x00000001168025e8: ;   {static_stub}
  0x00000001168025e8: df3f 03d5 

  0x00000001168025ec: ;   {metadata(nullptr)}
  0x00000001168025ec: 0c00 80d2 | 0c00 a0f2 | 0c00 c0f2 | 0800 80d2 | 0800 a0f2 | 0800 c0f2 | 0001 1fd6 

  0x0000000116802608: ;   {trampoline_stub}
  0x0000000116802608: 4800 0058 | 0001 1fd6 | 00b6 e61b | 0100 0000 

  0x0000000116802618: ;   {static_stub}
  0x0000000116802618: df3f 03d5 

  0x000000011680261c: ;   {metadata(nullptr)}
  0x000000011680261c: 0c00 80d2 | 0c00 a0f2 | 0c00 c0f2 | 0800 80d2 | 0800 a0f2 | 0800 c0f2 | 0001 1fd6 

  0x0000000116802638: ;   {trampoline_stub}
  0x0000000116802638: 4800 0058 | 0001 1fd6 | 00b6 e61b | 0100 0000 

  0x0000000116802648: ;   {trampoline_stub}
  0x0000000116802648: 4800 0058 | 0001 1fd6 | 00d0 9714 | 0100 0000 

  0x0000000116802658: ;   {trampoline_stub}
  0x0000000116802658: 4800 0058 | 0001 1fd6 | c084 611c | 0100 0000 

  0x0000000116802668: ;   {trampoline_stub}
  0x0000000116802668: 4800 0058 | 0001 1fd6 | 80a1 471c | 0100 0000 

  0x0000000116802678: ;   {trampoline_stub}
  0x0000000116802678: 4800 0058 | 0001 1fd6 | 00b6 e61b | 0100 0000 

  0x0000000116802688: ;   {trampoline_stub}
  0x0000000116802688: 4800 0058 | 0001 1fd6 | 00b6 e61b | 0100 0000 

  0x0000000116802698: ;   {static_stub}
  0x0000000116802698: df3f 03d5 

  0x000000011680269c: ;   {metadata(nullptr)}
  0x000000011680269c: 0c00 80d2 | 0c00 a0f2 | 0c00 c0f2 | 0800 80d2 | 0800 a0f2 | 0800 c0f2 | 0001 1fd6 

  0x00000001168026b8: ;   {static_stub}
  0x00000001168026b8: df3f 03d5 

  0x00000001168026bc: ;   {metadata(nullptr)}
  0x00000001168026bc: 0c00 80d2 | 0c00 a0f2 | 0c00 c0f2 | 0800 80d2 | 0800 a0f2 | 0800 c0f2 | 0001 1fd6 

  0x00000001168026d8: ;   {static_stub}
  0x00000001168026d8: df3f 03d5 

  0x00000001168026dc: ;   {metadata(nullptr)}
  0x00000001168026dc: 0c00 80d2 | 0c00 a0f2 | 0c00 c0f2 | 0800 80d2 | 0800 a0f2 | 0800 c0f2 | 0001 1fd6 

  0x00000001168026f8: ;   {static_stub}
  0x00000001168026f8: df3f 03d5 

  0x00000001168026fc: ;   {metadata(nullptr)}
  0x00000001168026fc: 0c00 80d2 | 0c00 a0f2 | 0c00 c0f2 | 0800 80d2 | 0800 a0f2 | 0800 c0f2 | 0001 1fd6 

  0x0000000116802718: ;   {static_stub}
  0x0000000116802718: df3f 03d5 

  0x000000011680271c: ;   {metadata(nullptr)}
  0x000000011680271c: 0c00 80d2 | 0c00 a0f2 | 0c00 c0f2 | 0800 80d2 | 0800 a0f2 | 0800 c0f2 | 0001 1fd6 

  0x0000000116802738: ;   {static_stub}
  0x0000000116802738: df3f 03d5 

  0x000000011680273c: ;   {metadata(nullptr)}
  0x000000011680273c: 0c00 80d2 | 0c00 a0f2 | 0c00 c0f2 | 0800 80d2 | 0800 a0f2 | 0800 c0f2 | 0001 1fd6 

  0x0000000116802758: ;   {static_stub}
  0x0000000116802758: df3f 03d5 

  0x000000011680275c: ;   {metadata(nullptr)}
  0x000000011680275c: 0c00 80d2 | 0c00 a0f2 | 0c00 c0f2 | 0800 80d2 | 0800 a0f2 | 0800 c0f2 | 0001 1fd6 
[Exception Handler]
  0x0000000116802778: ;   {runtime_call C1 Runtime handle_exception_from_callee_blob}
  0x0000000116802778: 12ed 5c95 

  0x000000011680277c: ;   {external_word}
  0x000000011680277c: a0e0 87d2 | 2071 a1f2 | 2000 c0f2 | c1d5 bbd4 
[Deopt Handler Code]
  0x000000011680278c: 1e00 0010 

  0x0000000116802790: ;   {runtime_call DeoptimizationBlob}
  0x0000000116802790: bca9 5915 
[Deopt MH Handler Code]
  0x0000000116802794: 1e00 0010 

  0x0000000116802798: ;   {runtime_call DeoptimizationBlob}
  0x0000000116802798: baa9 5915 | 0000 0000 
[/MachCode]


Compiled method (c1) 47901 26350       3       java.lang.invoke.LambdaForm$MH/0x00003fe0020b1800::invoke (63 bytes)
 total in heap  [0x00000001165ff708,0x0000000116600658] = 3920
 main code      [0x00000001165ff800,0x0000000116600538] = 3384
 stub code      [0x0000000116600538,0x0000000116600650] = 280
 oops           [0x0000000116600650,0x0000000116600658] = 8
 mutable data [0x0000000750f99200,0x0000000750f993d8] = 472
 relocation     [0x0000000750f99200,0x0000000750f99340] = 320
 metadata       [0x0000000750f99340,0x0000000750f993d8] = 152
 immutable data [0x0000000740eea680,0x0000000740eea9a8] = 808
 dependencies   [0x0000000740eea680,0x0000000740eea690] = 16
 nul chk table  [0x0000000740eea690,0x0000000740eea6c0] = 48
 scopes pcs     [0x0000000740eea6c0,0x0000000740eea840] = 384
 scopes data    [0x0000000740eea840,0x0000000740eea9a8] = 360

[Constant Pool (empty)]

[MachCode]
[Verified Entry Point]
  # {method} {0x0000000149de2360} 'invoke' '(Ljava/lang/Object;Ljava/lang/Object;Ljava/lang/Object;)Ljava/lang/Object;' in 'java/lang/invoke/LambdaForm$MH+0x00003fe0020b1800'
  # parm0:    c_rarg1:c_rarg1 
                        = 'java/lang/Object'
  # parm1:    c_rarg2:c_rarg2 
                        = 'java/lang/Object'
  # parm2:    c_rarg3:c_rarg3 
                        = 'java/lang/Object'
  #           [sp+0xb0]  (sp of caller)
  0x00000001165ff800: 1f20 03d5 | e953 40d1 | 3f01 00f9 | ffc3 02d1 | fd7b 0aa9 | 2801 0018 | 8923 40b9 | 1f01 09eb 
  0x00000001165ff820: e000 0054 

  0x00000001165ff824: ;   {runtime_call Stub::method_entry_barrier}
  0x00000001165ff824: 0830 88d2 | e87c a3f2 | 2800 c0f2 | 0001 3fd6 | 0200 0014 | 3f00 0000 | fd03 01aa 

  0x00000001165ff840: ;   {metadata(method data for {method} {0x0000000149de2360} 'invoke' '(Ljava/lang/Object;Ljava/lang/Object;Ljava/lang/Object;)Ljava/lang/Object;' in 'java/lang/invoke/LambdaForm$MH+0x00003fe0020b1800')}
  0x00000001165ff840: 0100 99d2 | 2144 a9f2 | 2100 c0f2 | 21c0 0b91 | e003 1daa | a000 00b5 | 2900 40f9 | 2901 40b2 
  0x00000001165ff860: 2900 00f9 | 1600 0014 | 0008 40b9 | 0020 5bd2 | 2900 40f9 | 0000 09ca | 08f4 7e92 | 0802 00b4 
  0x00000001165ff880: e001 0837 | a901 00b4 | 3f05 00f1 | 6001 0054 | bf39 03d5 | 0000 09ca | 2900 40f9 | 0000 09ca 
  0x00000001165ff8a0: 08f4 7e92 | c800 00b4 | 2900 40f9 | 2901 7fb2 | 2900 00f9 | 0200 0014 | 2000 00f9 | e003 02aa 
  0x00000001165ff8c0: a000 00b5 | 2908 40f9 | 2901 40b2 | 2908 00f9 | 1600 0014 | 0008 40b9 | 0020 5bd2 | 2908 40f9 
  0x00000001165ff8e0: 0000 09ca | 08f4 7e92 | 0802 00b4 | e001 0837 | a901 00b4 | 3f05 00f1 | 6001 0054 | bf39 03d5 
  0x00000001165ff900: 0000 09ca | 2908 40f9 | 0000 09ca | 08f4 7e92 | c800 00b4 | 2908 40f9 | 2901 7fb2 | 2908 00f9 
  0x00000001165ff920: 0200 0014 | 2008 00f9 

  0x00000001165ff928: ;   {metadata(method data for {method} {0x0000000149de2360} 'invoke' '(Ljava/lang/Object;Ljava/lang/Object;Ljava/lang/Object;)Ljava/lang/Object;' in 'java/lang/invoke/LambdaForm$MH+0x00003fe0020b1800')}
  0x00000001165ff928: 0100 99d2 | 2144 a9f2 | 2100 c0f2 | 2090 40b9 | 0008 0011 | 2090 00b9 | 0024 1f12 | 1f00 0071 
  0x00000001165ff948: 8055 0054 | fd8b 05a9 

  0x00000001165ff950: ;   {metadata(method data for {method} {0x0000000149de2360} 'invoke' '(Ljava/lang/Object;Ljava/lang/Object;Ljava/lang/Object;)Ljava/lang/Object;' in 'java/lang/invoke/LambdaForm$MH+0x00003fe0020b1800')}
  0x00000001165ff950: 0100 99d2 | 2144 a9f2 | 2100 c0f2 | 21a0 0391 | e003 03aa | a000 00b5 | 2904 40f9 | 2901 40b2 
  0x00000001165ff970: 2904 00f9 | 1600 0014 | 0008 40b9 | 0020 5bd2 | 2904 40f9 | 0000 09ca | 08f4 7e92 | 0802 00b4 
  0x00000001165ff990: e001 0837 | a901 00b4 | 3f05 00f1 | 6001 0054 | bf39 03d5 | 0000 09ca | 2904 40f9 | 0000 09ca 
  0x00000001165ff9b0: 08f4 7e92 | c800 00b4 | 2904 40f9 | 2901 7fb2 | 2904 00f9 | 0200 0014 | 2004 00f9 

  0x00000001165ff9cc: ;   {metadata(method data for {method} {0x0000000149de2360} 'invoke' '(Ljava/lang/Object;Ljava/lang/Object;Ljava/lang/Object;)Ljava/lang/Object;' in 'java/lang/invoke/LambdaForm$MH+0x00003fe0020b1800')}
  0x00000001165ff9cc: 0100 99d2 | 2144 a9f2 | 2100 c0f2 | 286c 40f9 | 0805 0091 | 286c 00f9 | e103 03aa | e207 0032 
  0x00000001165ff9ec: fd03 03aa 

  0x00000001165ff9f0: ; ImmutableOopMap {rfp=Oop [88]=Oop [96]=Oop }
                      ;*invokestatic checkSpreadArgument {reexecute=0 rethrow=0 return_oop=0}
                      ; - java.lang.invoke.LambdaForm$MH/0x00003fe0020b1800::invoke@2
                      ;   {static_call}
  0x00000001165ff9f0: 94e3 9a95 

  0x00000001165ff9f4: ;   {post_call_nop}
  0x00000001165ff9f4: 1f20 03d5 | 9f5d 80f2 | 1f00 80f2 

  0x00000001165ffa00: ;   {metadata(method data for {method} {0x0000000149de2360} 'invoke' '(Ljava/lang/Object;Ljava/lang/Object;Ljava/lang/Object;)Ljava/lang/Object;' in 'java/lang/invoke/LambdaForm$MH+0x00003fe0020b1800')}
  0x00000001165ffa00: 0300 99d2 | 2344 a9f2 | 2300 c0f2 | bd00 00b5 | 68e4 4339 | 0801 40b2 | 68e4 0339 | 2900 0014 
  0x00000001165ffa20: a00b 40b9 | 0020 5bd2 | 6884 40f9 | 1f00 08eb | a100 0054 | 6888 40f9 | 0805 0091 | 6888 00f9 
  0x00000001165ffa40: 1700 0014 | 688c 40f9 | 1f00 08eb | a100 0054 | 6890 40f9 | 0805 0091 | 6890 00f9 | 1000 0014 
  0x00000001165ffa60: 6884 40f9 | a800 00b5 | 6084 00f9 | e803 40b2 | 6888 00f9 | 0a00 0014 | 688c 40f9 | a800 00b5 
  0x00000001165ffa80: 608c 00f9 | e803 40b2 | 6890 00f9 | 0400 0014 | 6880 40f9 | 0805 0091 | 6880 00f9 

  0x00000001165ffa9c: ;   {metadata('java/lang/Object'[])}
  0x00000001165ffa9c: 004e 8bd2 | e002 a0f2 | 00fc c7f2 | a30b 40b9 | 6320 5bd2 | 681c 40f9 | 1f00 08eb | 014b 0054 
  0x00000001165ffabc: 0100 0014 | e203 1daa 

  0x00000001165ffac4: ; implicit exception: dispatches to 0x0000000116600420
  0x00000001165ffac4: 410c 40b9 | 3f00 0071 | c94a 0054 | 5d10 40b9 | 5d00 00b4 | 7d0f 1d8b | 410c 40b9 | 3f04 0071 
  0x00000001165ffae4: c94a 0054 | 4014 40b9 | 4000 00b4 | 600f 008b | 410c 40b9 | 3f08 0071 | c94a 0054 | 4318 40b9 
  0x00000001165ffb04: 4300 00b4 | 630f 038b | e22f 40f9 

  0x00000001165ffb10: ;   {metadata(method data for {method} {0x0000000149de2360} 'invoke' '(Ljava/lang/Object;Ljava/lang/Object;Ljava/lang/Object;)Ljava/lang/Object;' in 'java/lang/invoke/LambdaForm$MH+0x00003fe0020b1800')}
  0x00000001165ffb10: 0500 99d2 | 2544 a9f2 | 2500 c0f2 | a200 00b5 | a8a4 4439 | 0801 40b2 | a8a4 0439 | 2800 0014 
  0x00000001165ffb30: 4408 40b9 | 8420 5bd2 | a89c 40f9 | 9f00 08eb | a100 0054 | a8a0 40f9 | 0805 0091 | a8a0 00f9 
  0x00000001165ffb50: 1700 0014 | a8a4 40f9 | 9f00 08eb | a100 0054 | a8a8 40f9 | 0805 0091 | a8a8 00f9 | 1000 0014 
  0x00000001165ffb70: a89c 40f9 | a800 00b5 | a49c 00f9 | e803 40b2 | a8a0 00f9 | 0a00 0014 | a8a4 40f9 | a800 00b5 
  0x00000001165ffb90: a4a4 00f9 | e803 40b2 | a8a8 00f9 | 0400 0014 | a898 40f9 | 0805 0091 | a898 00f9 

  0x00000001165ffbac: ;   {metadata('java/lang/invoke/BoundMethodHandle$Species_L')}
  0x00000001165ffbac: 041a 9dd2 | 4406 a0f2 | 04fc c7f2 | 4808 40b9 | 0821 5bd2 | 1f01 04eb | 4145 0054 | 0100 0014 
  0x00000001165ffbcc: ; implicit exception: dispatches to 0x0000000116600474
  0x00000001165ffbcc: 4220 40b9 | 4200 00b4 | 620f 028b | e133 40f9 

  0x00000001165ffbdc: ;   {metadata(method data for {method} {0x0000000149de2360} 'invoke' '(Ljava/lang/Object;Ljava/lang/Object;Ljava/lang/Object;)Ljava/lang/Object;' in 'java/lang/invoke/LambdaForm$MH+0x00003fe0020b1800')}
  0x00000001165ffbdc: 0600 99d2 | 2644 a9f2 | 2600 c0f2 | a100 00b5 | c864 4539 | 0801 40b2 | c864 0539 | 2900 0014 
  0x00000001165ffbfc: 2508 40b9 | a520 5bd2 | c8b4 40f9 | bf00 08eb | a100 0054 | c8b8 40f9 | 0805 0091 | c8b8 00f9 
  0x00000001165ffc1c: 1700 0014 | c8bc 40f9 | bf00 08eb | a100 0054 | c8c0 40f9 | 0805 0091 | c8c0 00f9 | 1000 0014 
  0x00000001165ffc3c: c8b4 40f9 | a800 00b5 | c5b4 00f9 | e803 40b2 | c8b8 00f9 | 0a00 0014 | c8bc 40f9 | a800 00b5 
  0x00000001165ffc5c: c5bc 00f9 | e803 40b2 | c8c0 00f9 | 0400 0014 | c8b0 40f9 | 0805 0091 | c8b0 00f9 

  0x00000001165ffc78: ;   {metadata('java/lang/invoke/MethodHandle')}
  0x00000001165ffc78: 0504 84d2 | e503 a0f2 | 05fc c7f2 | 2608 40b9 | c620 5bd2 | c81c 40f9 | bf00 08eb | 213f 0054 
  0x00000001165ffc98: 0100 0014 | e403 01aa 

  0x00000001165ffca0: ;   {metadata(method data for {method} {0x0000000149de2360} 'invoke' '(Ljava/lang/Object;Ljava/lang/Object;Ljava/lang/Object;)Ljava/lang/Object;' in 'java/lang/invoke/LambdaForm$MH+0x00003fe0020b1800')}
  0x00000001165ffca0: 0600 99d2 | 2644 a9f2 | 2600 c0f2 | a200 00b5 | c824 4639 | 0801 40b2 | c824 0639 | 2800 0014 
  0x00000001165ffcc0: 4108 40b9 | 2120 5bd2 | c8cc 40f9 | 3f00 08eb | a100 0054 | c8d0 40f9 | 0805 0091 | c8d0 00f9 
  0x00000001165ffce0: 1700 0014 | c8d4 40f9 | 3f00 08eb | a100 0054 | c8d8 40f9 | 0805 0091 | c8d8 00f9 | 1000 0014 
  0x00000001165ffd00: c8cc 40f9 | a800 00b5 | c1cc 00f9 | e803 40b2 | c8d0 00f9 | 0a00 0014 | c8d4 40f9 | a800 00b5 
  0x00000001165ffd20: c1d4 00f9 | e803 40b2 | c8d8 00f9 | 0400 0014 | c8c8 40f9 | 0805 0091 | c8c8 00f9 

  0x00000001165ffd3c: ;   {metadata('java/lang/invoke/MethodType')}
  0x00000001165ffd3c: 015e 86d2 | e103 a0f2 | 01fc c7f2 | 4808 40b9 | 0821 5bd2 | 1f01 01eb | 6139 0054 | 0100 0014 
  0x00000001165ffd5c: e503 02aa 

  0x00000001165ffd60: ;   {metadata(method data for {method} {0x0000000149de2360} 'invoke' '(Ljava/lang/Object;Ljava/lang/Object;Ljava/lang/Object;)Ljava/lang/Object;' in 'java/lang/invoke/LambdaForm$MH+0x00003fe0020b1800')}
  0x00000001165ffd60: 0200 99d2 | 2244 a9f2 | 2200 c0f2 | 4240 0791 | e103 04aa | a100 00b5 | 4904 40f9 | 2901 40b2 
  0x00000001165ffd80: 4904 00f9 | 1600 0014 | 2108 40b9 | 2120 5bd2 | 4904 40f9 | 2100 09ca | 28f4 7e92 | 0802 00b4 
  0x00000001165ffda0: e101 0837 | a901 00b4 | 3f05 00f1 | 6001 0054 | bf39 03d5 | 2100 09ca | 4904 40f9 | 2100 09ca 
  0x00000001165ffdc0: 28f4 7e92 | c800 00b4 | 4904 40f9 | 2901 7fb2 | 4904 00f9 | 0200 0014 | 4104 00f9 | e103 05aa 
  0x00000001165ffde0: 8100 00b5 | 490c 40f9 | 2901 40b2 | 490c 00f9 

  0x00000001165ffdf0: ;   {metadata(method data for {method} {0x0000000149de2360} 'invoke' '(Ljava/lang/Object;Ljava/lang/Object;Ljava/lang/Object;)Ljava/lang/Object;' in 'java/lang/invoke/LambdaForm$MH+0x00003fe0020b1800')}
  0x00000001165ffdf0: 0200 99d2 | 2244 a9f2 | 2200 c0f2 | 48e0 40f9 | 0805 0091 | 48e0 00f9 

  0x00000001165ffe08: ;   {metadata(method data for {method} {0x00003fe0004741c0} 'checkGenericType' '(Ljava/lang/invoke/MethodHandle;Ljava/lang/invoke/MethodType;)Ljava/lang/invoke/MethodHandle;' in 'java/lang/invoke/Invokers')}
  0x00000001165ffe08: 0210 8cd2 | 024b a6f2 | 2200 c0f2 | 4190 40b9 | 2108 0011 | 4190 00b9 | 214c 1f12 | 3f00 0071 
  0x00000001165ffe28: 0033 0054 

  0x00000001165ffe2c: ; implicit exception: dispatches to 0x00000001166004a8
  0x00000001165ffe2c: 9f00 40f9 | e203 04aa 

  0x00000001165ffe34: ;   {metadata(method data for {method} {0x00003fe0004741c0} 'checkGenericType' '(Ljava/lang/invoke/MethodHandle;Ljava/lang/invoke/MethodType;)Ljava/lang/invoke/MethodHandle;' in 'java/lang/invoke/Invokers')}
  0x00000001165ffe34: 0110 8cd2 | 014b a6f2 | 2100 c0f2 | 4208 40b9 | 4220 5bd2 | 2870 40f9 | 5f00 08eb | a100 0054 
  0x00000001165ffe54: 2874 40f9 | 0805 0091 | 2874 00f9 | 1700 0014 | 2878 40f9 | 5f00 08eb | a100 0054 | 287c 40f9 
  0x00000001165ffe74: 0805 0091 | 287c 00f9 | 1000 0014 | 2870 40f9 | a800 00b5 | 2270 00f9 | e803 40b2 | 2874 00f9 
  0x00000001165ffe94: 0a00 0014 | 2878 40f9 | a800 00b5 | 2278 00f9 | e803 40b2 | 287c 00f9 | 0400 0014 | 286c 40f9 
  0x00000001165ffeb4: 0805 0091 | 286c 00f9 

  0x00000001165ffebc: ;   {metadata(method data for {method} {0x00003fe00047c590} 'asType' '(Ljava/lang/invoke/MethodType;)Ljava/lang/invoke/MethodHandle;' in 'java/lang/invoke/MethodHandle')}
  0x00000001165ffebc: 026d 92d2 | 2206 a6f2 | 2200 c0f2 | 4190 40b9 | 2108 0011 | 4190 00b9 | 214c 1f12 | 3f00 0071 
  0x00000001165ffedc: 802e 0054 | 8210 40b9 | 4200 00b4 | 620f 028b | bf00 02eb 

  0x00000001165ffef0: ;   {metadata(method data for {method} {0x00003fe00047c590} 'asType' '(Ljava/lang/invoke/MethodType;)Ljava/lang/invoke/MethodHandle;' in 'java/lang/invoke/MethodHandle')}
  0x00000001165ffef0: 026d 92d2 | 2206 a6f2 | 2200 c0f2 | 081d 80d2 | 091b 80d2 | 0101 899a | 4668 61f8 | c604 0091 
  0x00000001165fff10: 4668 21f8 | e08f 07a9 | 8005 0054 | e203 04aa 

  0x00000001165fff20: ;   {metadata(method data for {method} {0x00003fe00047c590} 'asType' '(Ljava/lang/invoke/MethodType;)Ljava/lang/invoke/MethodHandle;' in 'java/lang/invoke/MethodHandle')}
  0x00000001165fff20: 016d 92d2 | 2106 a6f2 | 2100 c0f2 | 287c 40f9 | 0805 0091 | 287c 00f9 | e203 05aa | e103 04aa 
  0x00000001165fff40: e497 06a9 

  0x00000001165fff44: ; ImmutableOopMap {rfp=Oop [104]=Oop [112]=Oop [120]=Oop [128]=Oop }
                      ;*invokevirtual asTypeCached {reexecute=0 rethrow=0 return_oop=0}
                      ; - java.lang.invoke.MethodHandle::asType@12 (line 869)
                      ; - java.lang.invoke.Invokers::checkGenericType@2 (line 541)
                      ; - java.lang.invoke.LambdaForm$MH/0x00003fe0020b1800::invoke@42
                      ;   {optimized virtual_call}
  0x00000001165fff44: afad 6195 

  0x00000001165fff48: ;   {post_call_nop}
  0x00000001165fff48: 1f20 03d5 | 1f08 81f2 | 1f20 80f2 | e203 1faa | 1f00 02eb 

  0x00000001165fff5c: ;   {metadata(method data for {method} {0x00003fe00047c590} 'asType' '(Ljava/lang/invoke/MethodType;)Ljava/lang/invoke/MethodHandle;' in 'java/lang/invoke/MethodHandle')}
  0x00000001165fff5c: 026d 92d2 | 2206 a6f2 | 2200 c0f2 | 0825 80d2 | 0927 80d2 | 0101 899a | 4368 61f8 | 6304 0091 
  0x00000001165fff7c: 4368 21f8 | 6000 0054 | e403 00aa | 1000 0014 | e497 46a9 | e203 04aa 

  0x00000001165fff94: ;   {metadata(method data for {method} {0x00003fe00047c590} 'asType' '(Ljava/lang/invoke/MethodType;)Ljava/lang/invoke/MethodHandle;' in 'java/lang/invoke/MethodHandle')}
  0x00000001165fff94: 016d 92d2 | 2106 a6f2 | 2100 c0f2 | 28a4 40f9 | 0805 0091 | 28a4 00f9 | e203 05aa | e103 04aa 
  0x00000001165fffb4: ; ImmutableOopMap {rfp=Oop [120]=Oop [128]=Oop }
                      ;*invokevirtual setAsTypeCache {reexecute=0 rethrow=0 return_oop=0}
                      ; - java.lang.invoke.MethodHandle::asType@24 (line 873)
                      ; - java.lang.invoke.Invokers::checkGenericType@2 (line 541)
                      ; - java.lang.invoke.LambdaForm$MH/0x00003fe0020b1800::invoke@42
                      ;   {optimized virtual_call}
  0x00000001165fffb4: 93ad 6195 

  0x00000001165fffb8: ;   {post_call_nop}
  0x00000001165fffb8: 1f20 03d5 | 1f16 81f2 | 1f40 80f2 | e403 00aa 

  0x00000001165fffc8: ;   {metadata(method data for {method} {0x0000000149de2360} 'invoke' '(Ljava/lang/Object;Ljava/lang/Object;Ljava/lang/Object;)Ljava/lang/Object;' in 'java/lang/invoke/LambdaForm$MH+0x00003fe0020b1800')}
  0x00000001165fffc8: 0100 99d2 | 2144 a9f2 | 2100 c0f2 | 21c0 0791 | e003 04aa | a000 00b5 | 2900 40f9 | 2901 40b2 
  0x00000001165fffe8: 2900 00f9 | 1600 0014 | 0008 40b9 | 0020 5bd2 | 2900 40f9 | 0000 09ca | 08f4 7e92 | 0802 00b4 
  0x0000000116600008: e001 0837 | a901 00b4 | 3f05 00f1 | 6001 0054 | bf39 03d5 | 0000 09ca | 2900 40f9 | 0000 09ca 
  0x0000000116600028: 08f4 7e92 | c800 00b4 | 2900 40f9 | 2901 7fb2 | 2900 00f9 | 0200 0014 | 2000 00f9 

  0x0000000116600044: ;   {metadata(method data for {method} {0x0000000149de2360} 'invoke' '(Ljava/lang/Object;Ljava/lang/Object;Ljava/lang/Object;)Ljava/lang/Object;' in 'java/lang/invoke/LambdaForm$MH+0x00003fe0020b1800')}
  0x0000000116600044: 0100 99d2 | 2144 a9f2 | 2100 c0f2 | 2140 0891 | e003 04aa | a000 00b5 | 2904 40f9 | 2901 40b2 
  0x0000000116600064: 2904 00f9 | 1600 0014 | 0008 40b9 | 0020 5bd2 | 2904 40f9 | 0000 09ca | 08f4 7e92 | 0802 00b4 
  0x0000000116600084: e001 0837 | a901 00b4 | 3f05 00f1 | 6001 0054 | bf39 03d5 | 0000 09ca | 2904 40f9 | 0000 09ca 
  0x00000001166000a4: 08f4 7e92 | c800 00b4 | 2904 40f9 | 2901 7fb2 | 2904 00f9 | 0200 0014 | 2004 00f9 

  0x00000001166000c0: ;   {metadata(method data for {method} {0x0000000149de2360} 'invoke' '(Ljava/lang/Object;Ljava/lang/Object;Ljava/lang/Object;)Ljava/lang/Object;' in 'java/lang/invoke/LambdaForm$MH+0x00003fe0020b1800')}
  0x00000001166000c0: 0100 99d2 | 2144 a9f2 | 2100 c0f2 | 2800 41f9 | 0805 0091 | 2800 01f9 

  0x00000001166000d8: ;   {metadata(method data for {method} {0x00003fe000474110} 'checkCustomized' '(Ljava/lang/invoke/MethodHandle;)V' in 'java/lang/invoke/Invokers')}
  0x00000001166000d8: 01e3 87d2 | e110 a6f2 | 2100 c0f2 | 2090 40b9 | 0008 0011 | 2090 00b9 | 004c 1f12 | 1f00 0071 
  0x00000001166000f8: a01e 0054 

  0x00000001166000fc: ;   {metadata(method data for {method} {0x00003fe000474110} 'checkCustomized' '(Ljava/lang/invoke/MethodHandle;)V' in 'java/lang/invoke/Invokers')}
  0x00000001166000fc: 01e3 87d2 | e110 a6f2 | 2100 c0f2 | 286c 40f9 | 0805 0091 | 286c 00f9 

  0x0000000116600114: ;   {metadata(method data for {method} {0x00003fe0001f9438} 'isCompileConstant' '(Ljava/lang/Object;)Z' in 'java/lang/invoke/MethodHandleImpl')}
  0x0000000116600114: 01b9 90d2 | 2111 a6f2 | 2100 c0f2 | 2090 40b9 | 0008 0011 | 2090 00b9 | 004c 1f12 | 1f00 0071 
  0x0000000116600134: c01d 0054 

  0x0000000116600138: ;   {metadata(method data for {method} {0x00003fe000474110} 'checkCustomized' '(Ljava/lang/invoke/MethodHandle;)V' in 'java/lang/invoke/Invokers')}
  0x0000000116600138: 01e3 87d2 | e110 a6f2 | 2100 c0f2 | 2074 40f9 | 0004 0091 | 2074 00f9 

  0x0000000116600150: ; implicit exception: dispatches to 0x000000011660050c
  0x0000000116600150: 8114 40b9 | 4100 00b4 | 610f 018b 

  0x000000011660015c: ; implicit exception: dispatches to 0x0000000116600510
  0x000000011660015c: 211c 40b9 | 4100 00b4 | 610f 018b | e003 1faa | 3f00 00eb 

  0x0000000116600170: ;   {metadata(method data for {method} {0x00003fe000474110} 'checkCustomized' '(Ljava/lang/invoke/MethodHandle;)V' in 'java/lang/invoke/Invokers')}
  0x0000000116600170: 01e3 87d2 | e110 a6f2 | 2100 c0f2 | 0823 80d2 | 0921 80d2 | 0001 899a | 2268 60f8 | 4204 0091 
  0x0000000116600190: 2268 20f8 | 6000 0054 | e447 00f9 | 0d00 0014 

  0x00000001166001a0: ;   {metadata(method data for {method} {0x00003fe000474110} 'checkCustomized' '(Ljava/lang/invoke/MethodHandle;)V' in 'java/lang/invoke/Invokers')}
  0x00000001166001a0: 01e3 87d2 | e110 a6f2 | 2100 c0f2 | 2894 40f9 | 0805 0091 | 2894 00f9 | e103 04aa | e447 00f9 
  0x00000001166001c0: ; ImmutableOopMap {rfp=Oop [120]=Oop [128]=Oop [136]=Oop }
                      ;*invokestatic maybeCustomize {reexecute=0 rethrow=0 return_oop=0}
                      ; - java.lang.invoke.Invokers::checkCustomized@19 (line 626)
                      ; - java.lang.invoke.LambdaForm$MH/0x00003fe0020b1800::invoke@49
                      ;   {static_call}
  0x00000001166001c0: 804f 8295 

  0x00000001166001c4: ;   {post_call_nop}
  0x00000001166001c4: 1f20 03d5 | 9f57 81f2 | 1f60 80f2 | e407 48a9 | e03f 40f9 

  0x00000001166001d8: ;   {metadata(method data for {method} {0x0000000149de2360} 'invoke' '(Ljava/lang/Object;Ljava/lang/Object;Ljava/lang/Object;)Ljava/lang/Object;' in 'java/lang/invoke/LambdaForm$MH+0x00003fe0020b1800')}
  0x00000001166001d8: 0200 99d2 | 2244 a9f2 | 2200 c0f2 | 4260 0991 | e303 1daa | a300 00b5 | 4904 40f9 | 2901 40b2 
  0x00000001166001f8: 4904 00f9 | 1600 0014 | 6308 40b9 | 6320 5bd2 | 4904 40f9 | 6300 09ca | 68f4 7e92 | 0802 00b4 
  0x0000000116600218: e301 0837 | a901 00b4 | 3f05 00f1 | 6001 0054 | bf39 03d5 | 6300 09ca | 4904 40f9 | 6300 09ca 
  0x0000000116600238: 68f4 7e92 | c800 00b4 | 4904 40f9 | 2901 7fb2 | 4904 00f9 | 0200 0014 | 4304 00f9 | e303 00aa 
  0x0000000116600258: a300 00b5 | 490c 40f9 | 2901 40b2 | 490c 00f9 | 1600 0014 | 6308 40b9 | 6320 5bd2 | 490c 40f9 
  0x0000000116600278: 6300 09ca | 68f4 7e92 | 0802 00b4 | e301 0837 | a901 00b4 | 3f05 00f1 | 6001 0054 | bf39 03d5 
  0x0000000116600298: 6300 09ca | 490c 40f9 | 6300 09ca | 68f4 7e92 | c800 00b4 | 490c 40f9 | 2901 7fb2 | 490c 00f9 
  0x00000001166002b8: 0200 0014 | 430c 00f9 | e203 01aa 

  0x00000001166002c4: ;   {metadata(method data for {method} {0x0000000149de2360} 'invoke' '(Ljava/lang/Object;Ljava/lang/Object;Ljava/lang/Object;)Ljava/lang/Object;' in 'java/lang/invoke/LambdaForm$MH+0x00003fe0020b1800')}
  0x00000001166002c4: 0300 99d2 | 2344 a9f2 | 2300 c0f2 | 4208 40b9 | 4220 5bd2 | 6818 41f9 | 5f00 08eb | a100 0054 
  0x00000001166002e4: 681c 41f9 | 0805 0091 | 681c 01f9 | 1700 0014 | 6820 41f9 | 5f00 08eb | a100 0054 | 6824 41f9 
  0x0000000116600304: 0805 0091 | 6824 01f9 | 1000 0014 | 6818 41f9 | a800 00b5 | 6218 01f9 | e803 40b2 | 681c 01f9 
  0x0000000116600324: 0a00 0014 | 6820 41f9 | a800 00b5 | 6220 01f9 | e803 40b2 | 6824 01f9 | 0400 0014 | 6814 41f9 
  0x0000000116600344: 0805 0091 | 6814 01f9 | e203 1daa | e303 00aa 

  0x0000000116600354: ; ImmutableOopMap {}
                      ;*invokevirtual invokeBasic {reexecute=0 rethrow=0 return_oop=0}
                      ; - java.lang.invoke.LambdaForm$MH/0x00003fe0020b1800::invoke@59
                      ;   {optimized virtual_call}
  0x0000000116600354: 1b3a 7795 

  0x0000000116600358: ;   {post_call_nop}
  0x0000000116600358: 1f20 03d5 | 1f8a 81f2 | 1f80 80f2 

  0x0000000116600364: ;   {metadata(method data for {method} {0x0000000149de2360} 'invoke' '(Ljava/lang/Object;Ljava/lang/Object;Ljava/lang/Object;)Ljava/lang/Object;' in 'java/lang/invoke/LambdaForm$MH+0x00003fe0020b1800')}
  0x0000000116600364: 0100 99d2 | 2144 a9f2 | 2100 c0f2 | 21e0 0991 | e203 00aa | a200 00b5 | 2900 40f9 | 2901 40b2 
  0x0000000116600384: 2900 00f9 | 1600 0014 | 4208 40b9 | 4220 5bd2 | 2900 40f9 | 4200 09ca | 48f4 7e92 | 0802 00b4 
  0x00000001166003a4: e201 0837 | a901 00b4 | 3f05 00f1 | 6001 0054 | bf39 03d5 | 4200 09ca | 2900 40f9 | 4200 09ca 
  0x00000001166003c4: 48f4 7e92 | c800 00b4 | 2900 40f9 | 2901 7fb2 | 2900 00f9 | 0200 0014 | 2200 00f9 | fd7b 4aa9 
  0x00000001166003e4: ffc3 0291 

  0x00000001166003e8: ;   {poll_return}
  0x00000001166003e8: 8817 40f9 | ff63 28eb | 2809 0054 | c003 5fd6 

  0x00000001166003f8: ;   {metadata({method} {0x0000000149de2360} 'invoke' '(Ljava/lang/Object;Ljava/lang/Object;Ljava/lang/Object;)Ljava/lang/Object;' in 'java/lang/invoke/LambdaForm$MH+0x00003fe0020b1800')}
  0x00000001166003f8: 086c 84d2 | c83b a9f2 | 2800 c0f2 | e807 00f9 | 0800 8092 | e803 00f9 

  0x0000000116600410: ; ImmutableOopMap {rfp=Oop c_rarg2=Oop c_rarg3=Oop }
                      ;*synchronization entry
                      ; - java.lang.invoke.LambdaForm$MH/0x00003fe0020b1800::invoke@-1
                      ;   {runtime_call C1 Runtime counter_overflow_blob}
  0x0000000116600410: 9cfc 6495 | 4efd ff17 | e803 1daa 

  0x000000011660041c: ; ImmutableOopMap {[88]=Oop [96]=Oop }
                      ;*checkcast {reexecute=0 rethrow=0 return_oop=0}
                      ; - java.lang.invoke.LambdaForm$MH/0x00003fe0020b1800::invoke@6
                      ;   {runtime_call C1 Runtime throw_class_cast_exception_blob}
  0x000000011660041c: a9f6 6495 

  0x0000000116600420: ; ImmutableOopMap {c_rarg2=Oop [88]=Oop [96]=Oop }
                      ;*aaload {reexecute=0 rethrow=0 return_oop=0}
                      ; - java.lang.invoke.LambdaForm$MH/0x00003fe0020b1800::invoke@12
                      ;   {runtime_call C1 Runtime throw_null_pointer_exception_blob}
  0x0000000116600420: 88f1 6495 | 0800 80d2 | e903 02aa 

  0x000000011660042c: ;   {runtime_call C1 Runtime throw_range_check_failed_blob}
  0x000000011660042c: 1eb8 98d2 | 7e7e a3f2 | 3e00 c0f2 

  0x0000000116600438: ; ImmutableOopMap {c_rarg2=Oop [88]=Oop [96]=Oop }
                      ;*aaload {reexecute=0 rethrow=0 return_oop=0}
                      ; - java.lang.invoke.LambdaForm$MH/0x00003fe0020b1800::invoke@12
  0x0000000116600438: c003 3fd6 | e803 40b2 | e903 02aa 

  0x0000000116600444: ;   {runtime_call C1 Runtime throw_range_check_failed_blob}
  0x0000000116600444: 1eb8 98d2 | 7e7e a3f2 | 3e00 c0f2 

  0x0000000116600450: ; ImmutableOopMap {c_rarg2=Oop rfp=Oop [88]=Oop [96]=Oop }
                      ;*aaload {reexecute=0 rethrow=0 return_oop=0}
                      ; - java.lang.invoke.LambdaForm$MH/0x00003fe0020b1800::invoke@16
  0x0000000116600450: c003 3fd6 | e803 7fb2 | e903 02aa 

  0x000000011660045c: ;   {runtime_call C1 Runtime throw_range_check_failed_blob}
  0x000000011660045c: 1eb8 98d2 | 7e7e a3f2 | 3e00 c0f2 

  0x0000000116600468: ; ImmutableOopMap {c_rarg2=Oop rfp=Oop c_rarg0=Oop [88]=Oop [96]=Oop }
                      ;*aaload {reexecute=0 rethrow=0 return_oop=0}
                      ; - java.lang.invoke.LambdaForm$MH/0x00003fe0020b1800::invoke@21
  0x0000000116600468: c003 3fd6 | e803 02aa 

  0x0000000116600470: ; ImmutableOopMap {rfp=Oop c_rarg0=Oop c_rarg3=Oop [96]=Oop }
                      ;*checkcast {reexecute=0 rethrow=0 return_oop=0}
                      ; - java.lang.invoke.LambdaForm$MH/0x00003fe0020b1800::invoke@25
                      ;   {runtime_call C1 Runtime throw_class_cast_exception_blob}
  0x0000000116600470: 94f6 6495 

  0x0000000116600474: ; ImmutableOopMap {rfp=Oop c_rarg0=Oop c_rarg3=Oop [96]=Oop }
                      ;*getfield argL0 {reexecute=1 rethrow=0 return_oop=0}
                      ; - (reexecute) java.lang.invoke.LambdaForm$MH/0x00003fe0020b1800::invoke@28
                      ;   {runtime_call C1 Runtime throw_null_pointer_exception_blob}
  0x0000000116600474: 73f1 6495 | e803 01aa 

  0x000000011660047c: ; ImmutableOopMap {rfp=Oop c_rarg0=Oop c_rarg3=Oop c_rarg2=Oop }
                      ;*checkcast {reexecute=0 rethrow=0 return_oop=0}
                      ; - java.lang.invoke.LambdaForm$MH/0x00003fe0020b1800::invoke@34
                      ;   {runtime_call C1 Runtime throw_class_cast_exception_blob}
  0x000000011660047c: 91f6 6495 | e803 02aa 

  0x0000000116600484: ; ImmutableOopMap {rfp=Oop c_rarg0=Oop c_rarg3=Oop c_rarg4=Oop }
                      ;*checkcast {reexecute=0 rethrow=0 return_oop=0}
                      ; - java.lang.invoke.LambdaForm$MH/0x00003fe0020b1800::invoke@39
                      ;   {runtime_call C1 Runtime throw_class_cast_exception_blob}
  0x0000000116600484: 8ff6 6495 

  0x0000000116600488: ;   {metadata({method} {0x00003fe0004741c0} 'checkGenericType' '(Ljava/lang/invoke/MethodHandle;Ljava/lang/invoke/MethodType;)Ljava/lang/invoke/MethodHandle;' in 'java/lang/invoke/Invokers')}
  0x0000000116600488: 0838 88d2 | e808 a0f2 | 08fc c7f2 | e807 00f9 | 0800 8092 | e803 00f9 

  0x00000001166004a0: ; ImmutableOopMap {rfp=Oop c_rarg0=Oop c_rarg3=Oop c_rarg4=Oop c_rarg5=Oop }
                      ;*synchronization entry
                      ; - java.lang.invoke.Invokers::checkGenericType@-1 (line 541)
                      ; - java.lang.invoke.LambdaForm$MH/0x00003fe0020b1800::invoke@42
                      ;   {runtime_call C1 Runtime counter_overflow_blob}
  0x00000001166004a0: 78fc 6495 | 62fe ff17 

  0x00000001166004a8: ; ImmutableOopMap {rfp=Oop c_rarg0=Oop c_rarg3=Oop c_rarg4=Oop c_rarg5=Oop }
                      ;*invokevirtual asType {reexecute=0 rethrow=0 return_oop=0}
                      ; - java.lang.invoke.Invokers::checkGenericType@2 (line 541)
                      ; - java.lang.invoke.LambdaForm$MH/0x00003fe0020b1800::invoke@42
                      ;   {runtime_call C1 Runtime throw_null_pointer_exception_blob}
  0x00000001166004a8: 66f1 6495 

  0x00000001166004ac: ;   {metadata({method} {0x00003fe00047c590} 'asType' '(Ljava/lang/invoke/MethodType;)Ljava/lang/invoke/MethodHandle;' in 'java/lang/invoke/MethodHandle')}
  0x00000001166004ac: 08b2 98d2 | e808 a0f2 | 08fc c7f2 | e807 00f9 | 0800 8092 | e803 00f9 

  0x00000001166004c4: ; ImmutableOopMap {rfp=Oop c_rarg0=Oop c_rarg3=Oop c_rarg4=Oop c_rarg5=Oop }
                      ;*synchronization entry
                      ; - java.lang.invoke.MethodHandle::asType@-1 (line 865)
                      ; - java.lang.invoke.Invokers::checkGenericType@2 (line 541)
                      ; - java.lang.invoke.LambdaForm$MH/0x00003fe0020b1800::invoke@42
                      ;   {runtime_call C1 Runtime counter_overflow_blob}
  0x00000001166004c4: 6ffc 6495 | 86fe ff17 

  0x00000001166004cc: ;   {metadata({method} {0x00003fe000474110} 'checkCustomized' '(Ljava/lang/invoke/MethodHandle;)V' in 'java/lang/invoke/Invokers')}
  0x00000001166004cc: 0822 88d2 | e808 a0f2 | 08fc c7f2 | e807 00f9 | 0800 8092 | e803 00f9 

  0x00000001166004e4: ; ImmutableOopMap {rfp=Oop c_rarg4=Oop [120]=Oop [128]=Oop }
                      ;*synchronization entry
                      ; - java.lang.invoke.Invokers::checkCustomized@-1 (line 622)
                      ; - java.lang.invoke.LambdaForm$MH/0x00003fe0020b1800::invoke@49
                      ;   {runtime_call C1 Runtime counter_overflow_blob}
  0x00000001166004e4: 67fc 6495 | 05ff ff17 

  0x00000001166004ec: ;   {metadata({method} {0x00003fe0001f9438} 'isCompileConstant' '(Ljava/lang/Object;)Z' in 'java/lang/invoke/MethodHandleImpl')}
  0x00000001166004ec: 0887 92d2 | e803 a0f2 | 08fc c7f2 | e807 00f9 | 0800 8092 | e803 00f9 

  0x0000000116600504: ; ImmutableOopMap {rfp=Oop c_rarg4=Oop [120]=Oop [128]=Oop }
                      ;*synchronization entry
                      ; - java.lang.invoke.MethodHandleImpl::isCompileConstant@-1 (line 625)
                      ; - java.lang.invoke.Invokers::checkCustomized@1 (line 622)
                      ; - java.lang.invoke.LambdaForm$MH/0x00003fe0020b1800::invoke@49
                      ;   {runtime_call C1 Runtime counter_overflow_blob}
  0x0000000116600504: 5ffc 6495 | 0cff ff17 

  0x000000011660050c: ; ImmutableOopMap {rfp=Oop c_rarg4=Oop [120]=Oop [128]=Oop }
                      ;*getfield form {reexecute=1 rethrow=0 return_oop=0}
                      ; - (reexecute) java.lang.invoke.Invokers::checkCustomized@9 (line 625)
                      ; - java.lang.invoke.LambdaForm$MH/0x00003fe0020b1800::invoke@49
                      ;   {runtime_call C1 Runtime throw_null_pointer_exception_blob}
  0x000000011660050c: 4df1 6495 

  0x0000000116600510: ; ImmutableOopMap {rfp=Oop c_rarg4=Oop [120]=Oop [128]=Oop }
                      ;*getfield customized {reexecute=1 rethrow=0 return_oop=0}
                      ; - (reexecute) java.lang.invoke.Invokers::checkCustomized@12 (line 625)
                      ; - java.lang.invoke.LambdaForm$MH/0x00003fe0020b1800::invoke@49
                      ;   {runtime_call C1 Runtime throw_null_pointer_exception_blob}
  0x0000000116600510: 4cf1 6495 

  0x0000000116600514: ;   {internal_word}
  0x0000000116600514: a8f6 ff10 | 8863 02f9 

  0x000000011660051c: ;   {runtime_call SafepointBlob}
  0x000000011660051c: d9b1 6115 | 80b7 42f9 | 9fb7 02f9 | 9fbb 02f9 | fd7b 4aa9 | ffc3 0291 

  0x0000000116600534: ;   {runtime_call C1 Runtime unwind_exception_blob}
  0x0000000116600534: 63ef 6415 
[Stub Code]
  0x0000000116600538: ;   {trampoline_stub}
  0x0000000116600538: 4800 0058 | 0001 1fd6 | 4088 cb1c | 0100 0000 

  0x0000000116600548: ;   {trampoline_stub}
  0x0000000116600548: 4800 0058 | 0001 1fd6 | 00b6 e61b | 0100 0000 

  0x0000000116600558: ;   {trampoline_stub}
  0x0000000116600558: 4800 0058 | 0001 1fd6 | 00b6 e61b | 0100 0000 

  0x0000000116600568: ;   {trampoline_stub}
  0x0000000116600568: 4800 0058 | 0001 1fd6 | c03f 691c | 0100 0000 

  0x0000000116600578: ;   {trampoline_stub}
  0x0000000116600578: 4800 0058 | 0001 1fd6 | c0eb 3c1c | 0100 0000 

  0x0000000116600588: ;   {static_stub}
  0x0000000116600588: df3f 03d5 

  0x000000011660058c: ;   {metadata(nullptr)}
  0x000000011660058c: 0c00 80d2 | 0c00 a0f2 | 0c00 c0f2 | 0800 80d2 | 0800 a0f2 | 0800 c0f2 | 0001 1fd6 

  0x00000001166005a8: ;   {static_stub}
  0x00000001166005a8: df3f 03d5 

  0x00000001166005ac: ;   {metadata(nullptr)}
  0x00000001166005ac: 0c00 80d2 | 0c00 a0f2 | 0c00 c0f2 | 0800 80d2 | 0800 a0f2 | 0800 c0f2 | 0001 1fd6 

  0x00000001166005c8: ;   {static_stub}
  0x00000001166005c8: df3f 03d5 

  0x00000001166005cc: ;   {metadata(nullptr)}
  0x00000001166005cc: 0c00 80d2 | 0c00 a0f2 | 0c00 c0f2 | 0800 80d2 | 0800 a0f2 | 0800 c0f2 | 0001 1fd6 

  0x00000001166005e8: ;   {static_stub}
  0x00000001166005e8: df3f 03d5 

  0x00000001166005ec: ;   {metadata(nullptr)}
  0x00000001166005ec: 0c00 80d2 | 0c00 a0f2 | 0c00 c0f2 | 0800 80d2 | 0800 a0f2 | 0800 c0f2 | 0001 1fd6 

  0x0000000116600608: ;   {static_stub}
  0x0000000116600608: df3f 03d5 

  0x000000011660060c: ;   {metadata(nullptr)}
  0x000000011660060c: 0c00 80d2 | 0c00 a0f2 | 0c00 c0f2 | 0800 80d2 | 0800 a0f2 | 0800 c0f2 | 0001 1fd6 
[Exception Handler]
  0x0000000116600628: ;   {runtime_call C1 Runtime handle_exception_from_callee_blob}
  0x0000000116600628: 66f5 6495 

  0x000000011660062c: ;   {external_word}
  0x000000011660062c: a0e0 87d2 | 2071 a1f2 | 2000 c0f2 | c1d5 bbd4 
[Deopt Handler Code]
  0x000000011660063c: 1e00 0010 

  0x0000000116600640: ;   {runtime_call DeoptimizationBlob}
  0x0000000116600640: 10b2 6115 
[Deopt MH Handler Code]
  0x0000000116600644: 1e00 0010 

  0x0000000116600648: ;   {runtime_call DeoptimizationBlob}
  0x0000000116600648: 0eb2 6115 | 0000 0000 
[/MachCode]


---------------  P R O C E S S  ---------------

Threads class SMR info:
_java_thread_list=0x00000007544fa220, length=120, elements={
0x00000001055d7710, 0x0000000747045800, 0x0000000747046000, 0x0000000747046800,
0x0000000747047000, 0x0000000747047800, 0x000000074688e800, 0x000000074688f200,
0x000000074754c000, 0x000000074754d800, 0x000000074754c800, 0x0000000747618800,
0x000000074a83c800, 0x000000074a887800, 0x000000074a4a1800, 0x000000074a4a3000,
0x000000074a8f0800, 0x000000074a8f2000, 0x000000074bdcb000, 0x000000074dff1000,
0x00000007502f4800, 0x00000007502f6000, 0x000000074fb98800, 0x0000000750c98800,
0x00000007514e6000, 0x000000074a1a3000, 0x000000075315c800, 0x000000075315d000,
0x000000075315d800, 0x00000007515b2800, 0x00000007515b3800, 0x0000000750e8f800,
0x000000074a2ad800, 0x000000074a2ad000, 0x000000074a2ac800, 0x000000074a2ac000,
0x000000074d259000, 0x0000000750f69000, 0x000000074d0dc800, 0x0000000750c94000,
0x0000000750c95800, 0x000000074f5b5800, 0x000000074d36a800, 0x000000074f6ed000,
0x0000000751490000, 0x000000074a19e800, 0x000000074a19f000, 0x000000074d32e800,
0x000000074d32c000, 0x000000074d32f800, 0x000000074a19b000, 0x0000000751627000,
0x0000000751626800, 0x0000000750cba800, 0x000000074f760800, 0x000000074eff5000,
0x000000074eff7800, 0x000000074eff5800, 0x000000074a310000, 0x000000074a312800,
0x000000074a313000, 0x000000074a311000, 0x000000074a256000, 0x000000074a257000,
0x000000074a254800, 0x000000074f4b3000, 0x000000074a67f000, 0x0000000750c93000,
0x0000000750c91000, 0x0000000753082800, 0x0000000753083800, 0x0000000750faf800,
0x000000074efc4800, 0x000000074a19d800, 0x000000074efc6000, 0x0000000749b7e000,
0x000000074fb99000, 0x000000074fb98000, 0x000000074a152800, 0x000000074a152000,
0x00000007531b4000, 0x000000074a185800, 0x000000074f5e1800, 0x000000074f5e3000,
0x000000074f5e3800, 0x0000000750708800, 0x000000075070a800, 0x000000075315c000,
0x000000075315f000, 0x000000074cbb2000, 0x00000007514c8000, 0x0000000750c9a000,
0x000000074d116000, 0x000000074bf65800, 0x0000000753069000, 0x0000000753069800,
0x000000075306a000, 0x000000075306a800, 0x000000075306b000, 0x000000075306b800,
0x00000007517fc000, 0x00000007517fc800, 0x00000007517fd000, 0x00000007517fd800,
0x00000007517fe000, 0x00000007517fe800, 0x00000007517ff000, 0x00000007517ff800,
0x000000074a358000, 0x000000074a358800, 0x000000074a359000, 0x000000074a359800,
0x000000074a35a000, 0x000000074a35a800, 0x000000074a35b000, 0x000000074a35b800,
0x000000074a35c000, 0x000000074a35c800, 0x000000074a35d000, 0x000000074a35d800
}

Java Threads: ( => current thread )
  0x00000001055d7710 JavaThread "main"                              [_thread_blocked, id=4611, stack(0x000000016b07c000,0x000000016b27f000) (2060K)]
  0x0000000747045800 JavaThread "Reference Handler"          daemon [_thread_blocked, id=25603, stack(0x000000016c1f4000,0x000000016c3f7000) (2060K)]
  0x0000000747046000 JavaThread "Finalizer"                  daemon [_thread_blocked, id=30211, stack(0x000000016c400000,0x000000016c603000) (2060K)]
  0x0000000747046800 JavaThread "Signal Dispatcher"          daemon [_thread_blocked, id=25859, stack(0x000000016c60c000,0x000000016c80f000) (2060K)]
  0x0000000747047000 JavaThread "Service Thread"             daemon [_thread_blocked, id=26371, stack(0x000000016c818000,0x000000016ca1b000) (2060K)]
  0x0000000747047800 JavaThread "Monitor Deflation Thread"   daemon [_thread_blocked, id=29443, stack(0x000000016ca24000,0x000000016cc27000) (2060K)]
  0x000000074688e800 JavaThread "C2 CompilerThread0"         daemon [_thread_blocked, id=28931, stack(0x000000016cc30000,0x000000016ce33000) (2060K)]
  0x000000074688f200 JavaThread "C1 CompilerThread0"         daemon [_thread_blocked, id=26627, stack(0x000000016ce3c000,0x000000016d03f000) (2060K)]
  0x000000074754c000 JavaThread "Attach Listener"            daemon [_thread_blocked, id=28419, stack(0x000000016d048000,0x000000016d24b000) (2060K)]
  0x000000074754d800 JavaThread "Common-Cleaner"             daemon [_thread_blocked, id=27907, stack(0x000000016d254000,0x000000016d457000) (2060K)]
  0x000000074754c800 JavaThread "IntelliJ Suspend Helper"    daemon [_thread_blocked, id=27395, stack(0x000000016d460000,0x000000016d663000) (2060K)]
  0x0000000747618800 JavaThread "CoarseTimer"                daemon [_thread_blocked, id=32771, stack(0x000000016d66c000,0x000000016d86f000) (2060K)]
  0x000000074a83c800 JavaThread "RMI TCP Accept-0"           daemon [_thread_in_native, id=40963, stack(0x000000016eae4000,0x000000016ece7000) (2060K)]
  0x000000074a887800 JavaThread "RMI TCP Connection(1)-192.168.0.126" daemon [_thread_in_native, id=40707, stack(0x000000016ecf0000,0x000000016eef3000) (2060K)]
  0x000000074a4a1800 JavaThread "RMI Scheduler(0)"           daemon [_thread_blocked, id=36355, stack(0x000000016eefc000,0x000000016f0ff000) (2060K)]
  0x000000074a4a3000 JavaThread "JMX server connection timeout 40" daemon [_thread_blocked, id=40451, stack(0x000000016f108000,0x000000016f30b000) (2060K)]
  0x000000074a8f0800 JavaThread "Monitor Ctrl-Break"         daemon [_thread_in_native, id=40195, stack(0x000000016f314000,0x000000016f517000) (2060K)]
  0x000000074a8f2000 JavaThread "Notification Thread"        daemon [_thread_blocked, id=37379, stack(0x000000016f520000,0x000000016f723000) (2060K)]
  0x000000074bdcb000 JavaThread "JNA Cleaner"                daemon [_thread_blocked, id=38403, stack(0x000000016fd50000,0x000000016ff53000) (2060K)]
  0x000000074dff1000 JavaThread "Cleaner-0"                  daemon [_thread_blocked, id=49155, stack(0x000000017513c000,0x000000017533f000) (2060K)]
  0x00000007502f4800 JavaThread "VirtualThread-unblocker"    daemon [_thread_blocked, id=78607, stack(0x000000017bfc4000,0x000000017c1c7000) (2060K)]
  0x00000007502f6000 JavaThread "ForkJoinPool-1-worker-1"    daemon [_thread_blocked, id=72719, stack(0x000000017c1d0000,0x000000017c3d3000) (2060K)]
  0x000000074fb98800 JavaThread "ForkJoinPool-1-worker-2"    daemon [_thread_blocked, id=130563, stack(0x000000017d854000,0x000000017da57000) (2060K)]
  0x0000000750c98800 JavaThread "ForkJoinPool-1-worker-3"    daemon [_thread_blocked, id=89875, stack(0x000000017e084000,0x000000017e287000) (2060K)]
  0x00000007514e6000 JavaThread "ForkJoinPool-1-worker-4"    daemon [_thread_blocked, id=94723, stack(0x0000000301688000,0x000000030188b000) (2060K)]
  0x000000074a1a3000 JavaThread "ForkJoinPool-1-worker-5"    daemon [_thread_blocked, id=92435, stack(0x0000000300a40000,0x0000000300c43000) (2060K)]
  0x000000075315c800 JavaThread "ForkJoinPool-1-worker-6"    daemon [_thread_blocked, id=70815, stack(0x000000030147c000,0x000000030167f000) (2060K)]
  0x000000075315d000 JavaThread "ForkJoinPool-1-worker-7"    daemon [_thread_blocked, id=54787, stack(0x0000000301894000,0x0000000301a97000) (2060K)]
  0x000000075315d800 JavaThread "ForkJoinPool-1-worker-8"    daemon [_thread_blocked, id=122627, stack(0x0000000301aa0000,0x0000000301ca3000) (2060K)]
  0x00000007515b2800 JavaThread "SUITE-CoordinatorTransportStressIT-seed#[3D986253D4DEBCB5]"        [_thread_blocked, id=38171, stack(0x000000016fb44000,0x000000016fd47000) (2060K)]
  0x00000007515b3800 JavaThread "TEST-CoordinatorTransportStressIT.testCoordinatorHandlesBatchesAcrossAllThreeShards-seed#[3D986253D4DEBCB5]"        [_thread_blocked, id=89339, stack(0x000000016ff5c000,0x000000017015f000) (2060K)]
  0x0000000750e8f800 JavaThread "globalEventExecutor-1-33"          [_thread_blocked, id=24371, stack(0x00000001765b4000,0x00000001767b7000) (2060K)]
  0x000000074a2ad800 JavaThread "opensearch[node_t0][[timer]]" daemon [_thread_blocked, id=79467, stack(0x0000000170168000,0x000000017036b000) (2060K)]
  0x000000074a2ad000 JavaThread "opensearch[node_t0][scheduler][T#1]" daemon [_thread_blocked, id=64475, stack(0x0000000170374000,0x0000000170577000) (2060K)]
  0x000000074a2ac800 JavaThread "opensearch[node_t1][[timer]]" daemon [_thread_blocked, id=124159, stack(0x0000000175348000,0x000000017554b000) (2060K)]
  0x000000074a2ac000 JavaThread "opensearch[node_t1][scheduler][T#1]" daemon [_thread_blocked, id=129875, stack(0x0000000175554000,0x0000000175757000) (2060K)]
  0x000000074d259000 JavaThread "opensearch[node_t2][[timer]]" daemon [_thread_blocked, id=52751, stack(0x0000000170580000,0x0000000170783000) (2060K)]
  0x0000000750f69000 JavaThread "opensearch[node_t2][scheduler][T#1]" daemon [_thread_blocked, id=74211, stack(0x000000017078c000,0x000000017098f000) (2060K)]
  0x000000074d0dc800 JavaThread "os-grpc-boss-ELG-1"         daemon [_thread_in_native, id=123027, stack(0x0000000175d84000,0x0000000175f87000) (2060K)]
  0x0000000750c94000 JavaThread "os-grpc-boss-ELG-1"         daemon [_thread_in_native, id=54315, stack(0x0000000175f90000,0x0000000176193000) (2060K)]
  0x0000000750c95800 JavaThread "os-grpc-boss-ELG-1"         daemon [_thread_in_native, id=48343, stack(0x000000017619c000,0x000000017639f000) (2060K)]
  0x000000074f5b5800 JavaThread "opensearch[node_t2][transport_worker][T#1]" daemon [_thread_in_native, id=126563, stack(0x00000001763a8000,0x00000001765ab000) (2060K)]
  0x000000074d36a800 JavaThread "opensearch[node_t2][transport_worker][T#2]" daemon [_thread_in_native, id=90863, stack(0x00000001767c0000,0x00000001769c3000) (2060K)]
  0x000000074f6ed000 JavaThread "opensearch[node_t1][transport_worker][T#1]" daemon [_thread_in_native, id=77459, stack(0x00000001769cc000,0x0000000176bcf000) (2060K)]
  0x0000000751490000 JavaThread "opensearch[node_t1][transport_worker][T#2]" daemon [_thread_in_native, id=53659, stack(0x0000000176bd8000,0x0000000176ddb000) (2060K)]
  0x000000074a19e800 JavaThread "opensearch[node_t0][transport_worker][T#1]" daemon [_thread_in_native, id=69463, stack(0x0000000176de4000,0x0000000176fe7000) (2060K)]
  0x000000074a19f000 JavaThread "opensearch[node_t0][transport_worker][T#2]" daemon [_thread_in_native, id=84919, stack(0x0000000176ff0000,0x00000001771f3000) (2060K)]
  0x000000074d32e800 JavaThread "opensearch[node_t2][generic][T#1]" daemon [_thread_blocked, id=45571, stack(0x00000001771fc000,0x00000001773ff000) (2060K)]
  0x000000074d32c000 JavaThread "opensearch[node_t0][generic][T#1]" daemon [_thread_blocked, id=55203, stack(0x0000000177408000,0x000000017760b000) (2060K)]
  0x000000074d32f800 JavaThread "opensearch[node_t0][clusterApplierService#updateTask][T#1]" daemon [_thread_blocked, id=75619, stack(0x0000000177614000,0x0000000177817000) (2060K)]
  0x000000074a19b000 JavaThread "opensearch[node_t2][clusterApplierService#updateTask][T#1]" daemon [_thread_blocked, id=65503, stack(0x0000000177820000,0x0000000177a23000) (2060K)]
  0x0000000751627000 JavaThread "opensearch[node_t0][[unicast_configured_hosts_resolver]][T#1]" daemon [_thread_blocked, id=51243, stack(0x0000000177a2c000,0x0000000177c2f000) (2060K)]
  0x0000000751626800 JavaThread "opensearch[node_t0][[unicast_configured_hosts_resolver]][T#2]" daemon [_thread_blocked, id=125051, stack(0x0000000177c38000,0x0000000177e3b000) (2060K)]
  0x0000000750cba800 JavaThread "opensearch[node_t0][[unicast_configured_hosts_resolver]][T#3]" daemon [_thread_blocked, id=91843, stack(0x0000000177e44000,0x0000000178047000) (2060K)]
  0x000000074f760800 JavaThread "opensearch[node_t2][[unicast_configured_hosts_resolver]][T#1]" daemon [_thread_blocked, id=44559, stack(0x0000000178050000,0x0000000178253000) (2060K)]
  0x000000074eff5000 JavaThread "opensearch[node_t2][[unicast_configured_hosts_resolver]][T#2]" daemon [_thread_blocked, id=85651, stack(0x000000017825c000,0x000000017845f000) (2060K)]
  0x000000074eff7800 JavaThread "opensearch[node_t0][generic][T#2]" daemon [_thread_blocked, id=63399, stack(0x0000000178468000,0x000000017866b000) (2060K)]
  0x000000074eff5800 JavaThread "opensearch[node_t0][generic][T#3]" daemon [_thread_blocked, id=87579, stack(0x0000000178674000,0x0000000178877000) (2060K)]
  0x000000074a310000 JavaThread "opensearch[node_t2][generic][T#2]" daemon [_thread_in_native, id=71267, stack(0x0000000178880000,0x0000000178a83000) (2060K)]
  0x000000074a312800 JavaThread "opensearch[node_t2][generic][T#3]" daemon [_thread_blocked, id=125811, stack(0x0000000178a8c000,0x0000000178c8f000) (2060K)]
  0x000000074a313000 JavaThread "opensearch[node_t1][generic][T#1]" daemon [_thread_blocked, id=55363, stack(0x0000000178c98000,0x0000000178e9b000) (2060K)]
  0x000000074a311000 JavaThread "opensearch[node_t0][generic][T#4]" daemon [_thread_in_native, id=129247, stack(0x0000000178ea4000,0x00000001790a7000) (2060K)]
  0x000000074a256000 JavaThread "opensearch[node_t1][clusterApplierService#updateTask][T#1]" daemon [_thread_blocked, id=73231, stack(0x00000001790b0000,0x00000001792b3000) (2060K)]
  0x000000074a257000 JavaThread "opensearch[node_t2][generic][T#4]" daemon [_thread_blocked, id=63187, stack(0x00000001792bc000,0x00000001794bf000) (2060K)]
  0x000000074a254800 JavaThread "opensearch[node_t1][[unicast_configured_hosts_resolver]][T#1]" daemon [_thread_blocked, id=72307, stack(0x00000001794c8000,0x00000001796cb000) (2060K)]
  0x000000074f4b3000 JavaThread "opensearch[node_t1][[unicast_configured_hosts_resolver]][T#2]" daemon [_thread_blocked, id=45315, stack(0x00000001796d4000,0x00000001798d7000) (2060K)]
  0x000000074a67f000 JavaThread "opensearch[node_t1][generic][T#2]" daemon [_thread_blocked, id=45271, stack(0x00000001798e0000,0x0000000179ae3000) (2060K)]
  0x0000000750c93000 JavaThread "opensearch[node_t1][generic][T#3]" daemon [_thread_blocked, id=43971, stack(0x0000000179aec000,0x0000000179cef000) (2060K)]
  0x0000000750c91000 JavaThread "opensearch[node_t1][generic][T#4]" daemon [_thread_in_native, id=62035, stack(0x0000000179cf8000,0x0000000179efb000) (2060K)]
  0x0000000753082800 JavaThread "opensearch[node_t1][generic][T#5]" daemon [_thread_blocked, id=50927, stack(0x0000000179f04000,0x000000017a107000) (2060K)]
  0x0000000753083800 JavaThread "opensearch[node_t1][clusterManagerService#updateTask][T#1]" daemon [_thread_blocked, id=90907, stack(0x000000017a110000,0x000000017a313000) (2060K)]
  0x0000000750faf800 JavaThread "opensearch[node_t1][management][T#1]" daemon [_thread_blocked, id=79911, stack(0x0000000175760000,0x0000000175963000) (2060K)]
  0x000000074efc4800 JavaThread "opensearch[node_t1][management][T#2]" daemon [_thread_blocked, id=81315, stack(0x0000000175b78000,0x0000000175d7b000) (2060K)]
  0x000000074a19d800 JavaThread "opensearch[node_t1][management][T#3]" daemon [_thread_blocked, id=70043, stack(0x000000017a31c000,0x000000017a51f000) (2060K)]
  0x000000074efc6000 JavaThread "opensearch[node_t1][management][T#4]" daemon [_thread_blocked, id=58619, stack(0x000000017596c000,0x0000000175b6f000) (2060K)]
  0x0000000749b7e000 JavaThread "opensearch[node_t2][management][T#1]" daemon [_thread_blocked, id=129579, stack(0x000000017a940000,0x000000017ab43000) (2060K)]
  0x000000074fb99000 JavaThread "opensearch[node_t0][management][T#1]" daemon [_thread_blocked, id=83243, stack(0x000000017ab4c000,0x000000017ad4f000) (2060K)]
  0x000000074fb98000 JavaThread "opensearch[node_t0][management][T#2]" daemon [_thread_blocked, id=57043, stack(0x000000017ad58000,0x000000017af5b000) (2060K)]
  0x000000074a152800 JavaThread "opensearch[node_t0][DanglingIndices#updateTask][T#1]" daemon [_thread_blocked, id=67287, stack(0x000000017af64000,0x000000017b167000) (2060K)]
  0x000000074a152000 JavaThread "opensearch[node_t2][DanglingIndices#updateTask][T#1]" daemon [_thread_blocked, id=62627, stack(0x000000017b170000,0x000000017b373000) (2060K)]
  0x00000007531b4000 JavaThread "opensearch[node_t1][DanglingIndices#updateTask][T#1]" daemon [_thread_blocked, id=72011, stack(0x000000017b37c000,0x000000017b57f000) (2060K)]
  0x000000074a185800 JavaThread "opensearch[node_t0][write][T#1]" daemon [_thread_blocked, id=44235, stack(0x000000017b588000,0x000000017b78b000) (2060K)]
  0x000000074f5e1800 JavaThread "opensearch[node_t2][write][T#1]" daemon [_thread_blocked, id=59039, stack(0x000000017b794000,0x000000017b997000) (2060K)]
  0x000000074f5e3000 JavaThread "opensearch[node_t0][write][T#2]" daemon [_thread_blocked, id=93711, stack(0x000000017b9a0000,0x000000017bba3000) (2060K)]
  0x000000074f5e3800 JavaThread "opensearch[node_t1][write][T#1]" daemon [_thread_blocked, id=52195, stack(0x000000017bbac000,0x000000017bdaf000) (2060K)]
  0x0000000750708800 JavaThread "opensearch[node_t2][write][T#2]" daemon [_thread_blocked, id=80331, stack(0x000000017bdb8000,0x000000017bfbb000) (2060K)]
  0x000000075070a800 JavaThread "opensearch[node_t1][write][T#2]" daemon [_thread_blocked, id=124595, stack(0x000000017c3dc000,0x000000017c5df000) (2060K)]
  0x000000075315c000 JavaThread "opensearch[node_t2][write][T#3]" daemon [_thread_blocked, id=123411, stack(0x000000017c5e8000,0x000000017c7eb000) (2060K)]
  0x000000075315f000 JavaThread "opensearch[node_t2][refresh][T#1]" daemon [_thread_blocked, id=56323, stack(0x000000017c7f4000,0x000000017c9f7000) (2060K)]
  0x000000074cbb2000 JavaThread "opensearch[node_t1][refresh][T#1]" daemon [_thread_blocked, id=61811, stack(0x000000017ca00000,0x000000017cc03000) (2060K)]
  0x00000007514c8000 JavaThread "opensearch[node_t0][refresh][T#1]" daemon [_thread_blocked, id=91251, stack(0x000000017cc0c000,0x000000017ce0f000) (2060K)]
  0x0000000750c9a000 JavaThread "opensearch[node_t2][flush][T#1]" daemon [_thread_blocked, id=126391, stack(0x000000017d230000,0x000000017d433000) (2060K)]
  0x000000074d116000 JavaThread "opensearch[node_t0][flush][T#1]" daemon [_thread_blocked, id=93231, stack(0x000000017d43c000,0x000000017d63f000) (2060K)]
  0x000000074bf65800 JavaThread "opensearch[node_t1][flush][T#1]" daemon [_thread_blocked, id=45911, stack(0x000000017d648000,0x000000017d84b000) (2060K)]
  0x0000000753069000 JavaThread "opensearch[node_t2][search][T#1]" daemon [_thread_blocked, id=74403, stack(0x000000017da60000,0x000000017dc63000) (2060K)]
  0x0000000753069800 JavaThread "opensearch[node_t2][search][T#2]" daemon [_thread_blocked, id=82259, stack(0x000000017dc6c000,0x000000017de6f000) (2060K)]
  0x000000075306a000 JavaThread "os-grpc-worker-ELG-1"       daemon [_thread_in_native, id=86883, stack(0x000000017de78000,0x000000017e07b000) (2060K)]
  0x000000075306a800 JavaThread "os-grpc-worker-ELG-2"       daemon [_thread_in_native, id=74935, stack(0x000000017e290000,0x000000017e493000) (2060K)]
  0x000000075306b000 JavaThread "os-grpc-worker-ELG-3"       daemon [_thread_in_native, id=51663, stack(0x000000017e49c000,0x000000017e69f000) (2060K)]
  0x000000075306b800 JavaThread "os-grpc-worker-ELG-4"       daemon [_thread_in_native, id=94083, stack(0x000000017e6a8000,0x000000017e8ab000) (2060K)]
  0x00000007517fc000 JavaThread "os-grpc-worker-ELG-5"       daemon [_thread_in_native, id=88359, stack(0x000000017e8b4000,0x000000017eab7000) (2060K)]
  0x00000007517fc800 JavaThread "os-grpc-worker-ELG-6"       daemon [_thread_in_native, id=61635, stack(0x000000017eac0000,0x000000017ecc3000) (2060K)]
  0x00000007517fd000 JavaThread "os-grpc-worker-ELG-7"       daemon [_thread_in_native, id=127067, stack(0x000000017eccc000,0x000000017eecf000) (2060K)]
  0x00000007517fd800 JavaThread "os-grpc-worker-ELG-1"       daemon [_thread_in_native, id=48523, stack(0x000000017eed8000,0x000000017f0db000) (2060K)]
  0x00000007517fe000 JavaThread "os-grpc-worker-ELG-1"       daemon [_thread_in_native, id=124403, stack(0x000000017f0e4000,0x000000017f2e7000) (2060K)]
  0x00000007517fe800 JavaThread "opensearch[node_t2][flight-client][T#1]" daemon [_thread_blocked, id=57411, stack(0x000000017f2f0000,0x000000017f4f3000) (2060K)]
  0x00000007517ff000 JavaThread "opensearch[node_t2][flight-client][T#2]" daemon [_thread_blocked, id=130855, stack(0x000000017f4fc000,0x000000017f6ff000) (2060K)]
  0x00000007517ff800 JavaThread "opensearch[node_t0][flight-grpc][T#1]" daemon [_thread_blocked, id=62435, stack(0x000000017f708000,0x000000017f90b000) (2060K)]
  0x000000074a358000 JavaThread "opensearch[node_t2][flight-grpc][T#1]" daemon [_thread_blocked, id=61099, stack(0x000000017f914000,0x000000017fb17000) (2060K)]
  0x000000074a358800 JavaThread "opensearch[node_t1][flight-grpc][T#1]" daemon [_thread_blocked, id=68471, stack(0x000000017fb20000,0x000000017fd23000) (2060K)]
  0x000000074a359000 JavaThread "opensearch[node_t2][flight-server][T#1]" daemon [_thread_blocked, id=61355, stack(0x000000017fd2c000,0x000000017ff2f000) (2060K)]
  0x000000074a359800 JavaThread "opensearch[node_t0][flight-server][T#1]" daemon [_thread_blocked, id=92811, stack(0x0000000300004000,0x0000000300207000) (2060K)]
  0x000000074a35a000 JavaThread "opensearch[node_t1][flight-server][T#1]" daemon [_thread_blocked, id=78123, stack(0x0000000300210000,0x0000000300413000) (2060K)]
  0x000000074a35a800 JavaThread "flight-eventloop-0"         daemon [_thread_blocked, id=57679, stack(0x000000030041c000,0x000000030061f000) (2060K)]
  0x000000074a35b000 JavaThread "flight-eventloop-0"         daemon [_thread_blocked, id=92027, stack(0x0000000300628000,0x000000030082b000) (2060K)]
  0x000000074a35b800 JavaThread "flight-eventloop-0"         daemon [_thread_blocked, id=88787, stack(0x0000000300834000,0x0000000300a37000) (2060K)]
  0x000000074a35c000 JavaThread "opensearch[node_t2][flight-client][T#3]" daemon [_thread_blocked, id=56207, stack(0x0000000300c4c000,0x0000000300e4f000) (2060K)]
  0x000000074a35c800 JavaThread "opensearch[node_t2][search][T#3]" daemon [_thread_blocked, id=60551, stack(0x0000000300e58000,0x000000030105b000) (2060K)]
=>0x000000074a35d000 JavaThread "opensearch[node_t2][search][T#4]" daemon [_thread_in_native, id=46627, stack(0x0000000301064000,0x0000000301267000) (2060K)]
  0x000000074a35d800 JavaThread "opensearch[node_t2][search][T#5]" daemon [_thread_blocked, id=52615, stack(0x0000000301270000,0x0000000301473000) (2060K)]
Total: 120

Other Threads:
  0x00000007468ee800 VMThread "VM Thread"                           [id=20227, stack(0x000000016bed0000,0x000000016c0d3000) (2060K)]
  0x00000007468edc00 WatcherThread "VM Periodic Task Thread"        [id=17167, stack(0x000000016bcc4000,0x000000016bec7000) (2060K)]
  0x00000007468d4000 WorkerThread "GC Thread#0"                     [id=12035, stack(0x000000016b288000,0x000000016b48b000) (2060K)]
  0x0000000745c34500 WorkerThread "GC Thread#1"                     [id=43011, stack(0x000000016d878000,0x000000016da7b000) (2060K)]
  0x0000000745c34a00 WorkerThread "GC Thread#2"                     [id=33283, stack(0x000000016da84000,0x000000016dc87000) (2060K)]
  0x0000000745c34f00 WorkerThread "GC Thread#3"                     [id=33795, stack(0x000000016dc90000,0x000000016de93000) (2060K)]
  0x0000000745c35400 WorkerThread "GC Thread#4"                     [id=42499, stack(0x000000016de9c000,0x000000016e09f000) (2060K)]
  0x0000000745c35900 WorkerThread "GC Thread#5"                     [id=34307, stack(0x000000016e0a8000,0x000000016e2ab000) (2060K)]
  0x0000000745c35e00 WorkerThread "GC Thread#6"                     [id=34563, stack(0x000000016e2b4000,0x000000016e4b7000) (2060K)]
  0x0000000745c36300 WorkerThread "GC Thread#7"                     [id=41731, stack(0x000000016e4c0000,0x000000016e6c3000) (2060K)]
  0x0000000745c36800 WorkerThread "GC Thread#8"                     [id=35331, stack(0x000000016e6cc000,0x000000016e8cf000) (2060K)]
  0x0000000745c36d00 WorkerThread "GC Thread#9"                     [id=41475, stack(0x000000016e8d8000,0x000000016eadb000) (2060K)]
  0x00000007468d4500 ConcurrentGCThread "G1 Main Marker"            [id=13571, stack(0x000000016b494000,0x000000016b697000) (2060K)]
  0x00000007468d4a00 WorkerThread "G1 Conc#0"                       [id=12803, stack(0x000000016b6a0000,0x000000016b8a3000) (2060K)]
  0x0000000744804500 WorkerThread "G1 Conc#1"                       [id=37635, stack(0x000000016f72c000,0x000000016f92f000) (2060K)]
  0x0000000744804f00 WorkerThread "G1 Conc#2"                       [id=39427, stack(0x000000016f938000,0x000000016fb3b000) (2060K)]
  0x00000007468d4f00 ConcurrentGCThread "G1 Refine#0"               [id=21507, stack(0x000000016b8ac000,0x000000016baaf000) (2060K)]
  0x00000007468d5400 ConcurrentGCThread "G1 Service"                [id=16643, stack(0x000000016bab8000,0x000000016bcbb000) (2060K)]
Total: 18

Threads with active compile tasks:
Total: 0

VM state: not at safepoint (normal execution)

VM Mutex/Monitor currently owned by a thread: None

Heap address: 0x0000000c0b800000, size: 8192 MB, Compressed Oops mode: Non-zero based: 0x0000000c0b000000, Oop shift amount: 3

CDS archive(s) mapped at: [0x00003fe000000000-0x00003fe000d94000-0x00003fe000d94000), size 14237696, SharedBaseAddress: 0x00003fe000000000, ArchiveRelocationMode: 1.
Compressed class space mapped at: 0x00003fe001000000-0x00003fe041000000, reserved size: 1073741824
UseCompressedClassPointers 1, UseCompactObjectHeaders 0
Narrow klass pointer bits 32, Max shift 3
Narrow klass base: 0x00003fe000000000, Narrow klass shift: 0
Encoding Range: [0x00003fe000000000 - 0x00003fe100000000), (4294967296 bytes)
Klass Range:    [0x00003fe000004000 - 0x00003fe041000000), (1090502656 bytes)
Klass ID Range:  [16384 - 1090519033) (1090502649)
Protection zone: [0x00003fe000000000 - 0x00003fe000004000), (16384 bytes)

GC Precious Log:
 CardTable entry size: 512
 Card Set container configuration: InlinePtr #cards 4 size 8 Array Of Cards #cards 32 size 80 Howl #buckets 8 coarsen threshold 7372 Howl Bitmap #cards 1024 size 144 coarsen threshold 921 Card regions per heap region 1 cards per card region 8192
 CPUs: 12 total, 12 available
 Memory: 32768M
 Large Page Support: Disabled
 NUMA Support: Disabled
 Compressed Oops: Enabled (Non-zero based)
 Heap Region Size: 4M
 Heap Min Capacity: 8M
 Heap Initial Capacity: 512M
 Heap Max Capacity: 8G
 Pre-touch: Disabled
 Parallel Workers: 10
 Concurrent Workers: 3
 Concurrent Refinement Workers: 10
 Periodic GC: Disabled

Heap:
 garbage-first heap   total reserved 8388608K, committed 1044480K, used 656414K [0x0000000c0b800000, 0x0000000e0b800000)
  region size 4096K, 13 young (53248K), 9 survivors (36864K)

Heap Regions: E=young(eden), S=young(survivor), O=old, HS=humongous(starts), HC=humongous(continues), CS=collection set, F=free, TAMS=top-at-mark-start, PB=parsable bottom
|   0|0x0000000c0b800000, 0x0000000c0bc00000, 0x0000000c0bc00000|100%| O|  |TAMS 0x0000000c0b800000| PB 0x0000000c0b800000| Untracked |  0
|   1|0x0000000c0bc00000, 0x0000000c0c000000, 0x0000000c0c000000|100%| O|  |TAMS 0x0000000c0bc00000| PB 0x0000000c0bc00000| Untracked |  0
|   2|0x0000000c0c000000, 0x0000000c0c400000, 0x0000000c0c400000|100%| O|  |TAMS 0x0000000c0c000000| PB 0x0000000c0c000000| Untracked |  0
|   3|0x0000000c0c400000, 0x0000000c0c800000, 0x0000000c0c800000|100%| O|  |TAMS 0x0000000c0c400000| PB 0x0000000c0c400000| Untracked |  0
|   4|0x0000000c0c800000, 0x0000000c0cbd04d8, 0x0000000c0cc00000| 95%| O|  |TAMS 0x0000000c0c800000| PB 0x0000000c0c800000| Untracked |  0
|   5|0x0000000c0cc00000, 0x0000000c0d000000, 0x0000000c0d000000|100%| O|  |TAMS 0x0000000c0cc00000| PB 0x0000000c0cc00000| Untracked |  0
|   6|0x0000000c0d000000, 0x0000000c0d400000, 0x0000000c0d400000|100%| O|  |TAMS 0x0000000c0d000000| PB 0x0000000c0d000000| Untracked |  0
|   7|0x0000000c0d400000, 0x0000000c0d800000, 0x0000000c0d800000|100%| O|  |TAMS 0x0000000c0d400000| PB 0x0000000c0d400000| Untracked |  0
|   8|0x0000000c0d800000, 0x0000000c0dc00000, 0x0000000c0dc00000|100%| O|  |TAMS 0x0000000c0d800000| PB 0x0000000c0d800000| Untracked |  0
|   9|0x0000000c0dc00000, 0x0000000c0e000000, 0x0000000c0e000000|100%| O|  |TAMS 0x0000000c0dc00000| PB 0x0000000c0dc00000| Untracked |  0
|  10|0x0000000c0e000000, 0x0000000c0e400000, 0x0000000c0e400000|100%| O|  |TAMS 0x0000000c0e000000| PB 0x0000000c0e000000| Untracked |  0
|  11|0x0000000c0e400000, 0x0000000c0e800000, 0x0000000c0e800000|100%| O|  |TAMS 0x0000000c0e400000| PB 0x0000000c0e400000| Untracked |  0
|  12|0x0000000c0e800000, 0x0000000c0ec00000, 0x0000000c0ec00000|100%| O|  |TAMS 0x0000000c0e800000| PB 0x0000000c0e800000| Untracked |  0
|  13|0x0000000c0ec00000, 0x0000000c0f000000, 0x0000000c0f000000|100%| O|  |TAMS 0x0000000c0ec00000| PB 0x0000000c0ec00000| Untracked |  0
|  14|0x0000000c0f000000, 0x0000000c0f400000, 0x0000000c0f400000|100%| O|  |TAMS 0x0000000c0f000000| PB 0x0000000c0f000000| Untracked |  0
|  15|0x0000000c0f400000, 0x0000000c0f800000, 0x0000000c0f800000|100%| O|  |TAMS 0x0000000c0f400000| PB 0x0000000c0f400000| Untracked |  0
|  16|0x0000000c0f800000, 0x0000000c0fc00000, 0x0000000c0fc00000|100%| O|  |TAMS 0x0000000c0f800000| PB 0x0000000c0f800000| Untracked |  0
|  17|0x0000000c0fc00000, 0x0000000c10000000, 0x0000000c10000000|100%| O|  |TAMS 0x0000000c0fc00000| PB 0x0000000c0fc00000| Untracked |  0
|  18|0x0000000c10000000, 0x0000000c10400000, 0x0000000c10400000|100%| O|  |TAMS 0x0000000c10000000| PB 0x0000000c10000000| Untracked |  0
|  19|0x0000000c10400000, 0x0000000c10800000, 0x0000000c10800000|100%| O|  |TAMS 0x0000000c10400000| PB 0x0000000c10400000| Untracked |  0
|  20|0x0000000c10800000, 0x0000000c10c00000, 0x0000000c10c00000|100%| O|  |TAMS 0x0000000c10800000| PB 0x0000000c10800000| Untracked |  0
|  21|0x0000000c10c00000, 0x0000000c11000000, 0x0000000c11000000|100%| O|  |TAMS 0x0000000c10c00000| PB 0x0000000c10c00000| Untracked |  0
|  22|0x0000000c11000000, 0x0000000c11400000, 0x0000000c11400000|100%| O|  |TAMS 0x0000000c11000000| PB 0x0000000c11000000| Untracked |  0
|  23|0x0000000c11400000, 0x0000000c11800000, 0x0000000c11800000|100%| O|  |TAMS 0x0000000c11400000| PB 0x0000000c11400000| Untracked |  0
|  24|0x0000000c11800000, 0x0000000c11c00000, 0x0000000c11c00000|100%| O|  |TAMS 0x0000000c11800000| PB 0x0000000c11800000| Untracked |  0
|  25|0x0000000c11c00000, 0x0000000c12000000, 0x0000000c12000000|100%| O|  |TAMS 0x0000000c11c00000| PB 0x0000000c11c00000| Untracked |  0
|  26|0x0000000c12000000, 0x0000000c12400000, 0x0000000c12400000|100%| O|  |TAMS 0x0000000c12000000| PB 0x0000000c12000000| Untracked |  0
|  27|0x0000000c12400000, 0x0000000c12800000, 0x0000000c12800000|100%| O|  |TAMS 0x0000000c12400000| PB 0x0000000c12400000| Untracked |  0
|  28|0x0000000c12800000, 0x0000000c12c00000, 0x0000000c12c00000|100%| O|  |TAMS 0x0000000c12800000| PB 0x0000000c12800000| Untracked |  0
|  29|0x0000000c12c00000, 0x0000000c13000000, 0x0000000c13000000|100%| O|  |TAMS 0x0000000c12c00000| PB 0x0000000c12c00000| Untracked |  0
|  30|0x0000000c13000000, 0x0000000c13400000, 0x0000000c13400000|100%| O|  |TAMS 0x0000000c13000000| PB 0x0000000c13000000| Untracked |  0
|  31|0x0000000c13400000, 0x0000000c13800000, 0x0000000c13800000|100%| O|  |TAMS 0x0000000c13400000| PB 0x0000000c13400000| Untracked |  0
|  32|0x0000000c13800000, 0x0000000c13c00000, 0x0000000c13c00000|100%| O|  |TAMS 0x0000000c13800000| PB 0x0000000c13800000| Untracked |  0
|  33|0x0000000c13c00000, 0x0000000c14000000, 0x0000000c14000000|100%| O|  |TAMS 0x0000000c13c00000| PB 0x0000000c13c00000| Untracked |  0
|  34|0x0000000c14000000, 0x0000000c14400000, 0x0000000c14400000|100%| O|  |TAMS 0x0000000c14000000| PB 0x0000000c14000000| Untracked |  0
|  35|0x0000000c14400000, 0x0000000c14800000, 0x0000000c14800000|100%| O|  |TAMS 0x0000000c14400000| PB 0x0000000c14400000| Untracked |  0
|  36|0x0000000c14800000, 0x0000000c14c00000, 0x0000000c14c00000|100%| O|  |TAMS 0x0000000c14800000| PB 0x0000000c14800000| Untracked |  0
|  37|0x0000000c14c00000, 0x0000000c15000000, 0x0000000c15000000|100%| O|  |TAMS 0x0000000c14c00000| PB 0x0000000c14c00000| Untracked |  0
|  38|0x0000000c15000000, 0x0000000c15400000, 0x0000000c15400000|100%| O|  |TAMS 0x0000000c15000000| PB 0x0000000c15000000| Untracked |  0
|  39|0x0000000c15400000, 0x0000000c15800000, 0x0000000c15800000|100%| O|  |TAMS 0x0000000c15400000| PB 0x0000000c15400000| Untracked |  0
|  40|0x0000000c15800000, 0x0000000c15c00000, 0x0000000c15c00000|100%| O|  |TAMS 0x0000000c15800000| PB 0x0000000c15800000| Untracked |  0
|  41|0x0000000c15c00000, 0x0000000c16000000, 0x0000000c16000000|100%| O|  |TAMS 0x0000000c15c00000| PB 0x0000000c15c00000| Untracked |  0
|  42|0x0000000c16000000, 0x0000000c16400000, 0x0000000c16400000|100%| O|  |TAMS 0x0000000c16000000| PB 0x0000000c16000000| Untracked |  0
|  43|0x0000000c16400000, 0x0000000c16800000, 0x0000000c16800000|100%| O|  |TAMS 0x0000000c16400000| PB 0x0000000c16400000| Untracked |  0
|  44|0x0000000c16800000, 0x0000000c16c00000, 0x0000000c16c00000|100%| O|  |TAMS 0x0000000c16800000| PB 0x0000000c16800000| Untracked |  0
|  45|0x0000000c16c00000, 0x0000000c17000000, 0x0000000c17000000|100%| O|  |TAMS 0x0000000c16c00000| PB 0x0000000c16c00000| Untracked |  0
|  46|0x0000000c17000000, 0x0000000c17400000, 0x0000000c17400000|100%| O|  |TAMS 0x0000000c17000000| PB 0x0000000c17000000| Untracked |  0
|  47|0x0000000c17400000, 0x0000000c17800000, 0x0000000c17800000|100%| O|  |TAMS 0x0000000c17400000| PB 0x0000000c17400000| Untracked |  0
|  48|0x0000000c17800000, 0x0000000c17c00000, 0x0000000c17c00000|100%| O|  |TAMS 0x0000000c17800000| PB 0x0000000c17800000| Untracked |  0
|  49|0x0000000c17c00000, 0x0000000c18000000, 0x0000000c18000000|100%| O|  |TAMS 0x0000000c17c00000| PB 0x0000000c17c00000| Untracked |  0
|  50|0x0000000c18000000, 0x0000000c18400000, 0x0000000c18400000|100%| O|  |TAMS 0x0000000c18000000| PB 0x0000000c18000000| Untracked |  0
|  51|0x0000000c18400000, 0x0000000c18800000, 0x0000000c18800000|100%| O|  |TAMS 0x0000000c18400000| PB 0x0000000c18400000| Untracked |  0
|  52|0x0000000c18800000, 0x0000000c18c00000, 0x0000000c18c00000|100%| O|  |TAMS 0x0000000c18800000| PB 0x0000000c18800000| Untracked |  0
|  53|0x0000000c18c00000, 0x0000000c19000000, 0x0000000c19000000|100%| O|  |TAMS 0x0000000c18c00000| PB 0x0000000c18c00000| Untracked |  0
|  54|0x0000000c19000000, 0x0000000c19400000, 0x0000000c19400000|100%| O|  |TAMS 0x0000000c19000000| PB 0x0000000c19000000| Untracked |  0
|  55|0x0000000c19400000, 0x0000000c19800000, 0x0000000c19800000|100%| O|  |TAMS 0x0000000c19400000| PB 0x0000000c19400000| Untracked |  0
|  56|0x0000000c19800000, 0x0000000c19c00000, 0x0000000c19c00000|100%| O|  |TAMS 0x0000000c19800000| PB 0x0000000c19800000| Untracked |  0
|  57|0x0000000c19c00000, 0x0000000c1a000000, 0x0000000c1a000000|100%| O|  |TAMS 0x0000000c19c00000| PB 0x0000000c19c00000| Untracked |  0
|  58|0x0000000c1a000000, 0x0000000c1a400000, 0x0000000c1a400000|100%| O|  |TAMS 0x0000000c1a000000| PB 0x0000000c1a000000| Untracked |  0
|  59|0x0000000c1a400000, 0x0000000c1a800000, 0x0000000c1a800000|100%| O|  |TAMS 0x0000000c1a400000| PB 0x0000000c1a400000| Untracked |  0
|  60|0x0000000c1a800000, 0x0000000c1ac00000, 0x0000000c1ac00000|100%| O|  |TAMS 0x0000000c1a800000| PB 0x0000000c1a800000| Untracked |  0
|  61|0x0000000c1ac00000, 0x0000000c1b000000, 0x0000000c1b000000|100%| O|  |TAMS 0x0000000c1ac00000| PB 0x0000000c1ac00000| Untracked |  0
|  62|0x0000000c1b000000, 0x0000000c1b400000, 0x0000000c1b400000|100%| O|  |TAMS 0x0000000c1b000000| PB 0x0000000c1b000000| Untracked |  0
|  63|0x0000000c1b400000, 0x0000000c1b800000, 0x0000000c1b800000|100%| O|  |TAMS 0x0000000c1b400000| PB 0x0000000c1b400000| Untracked |  0
|  64|0x0000000c1b800000, 0x0000000c1bc00000, 0x0000000c1bc00000|100%| O|Cm|TAMS 0x0000000c1b800000| PB 0x0000000c1b800000| Complete |  0
|  65|0x0000000c1bc00000, 0x0000000c1c000000, 0x0000000c1c000000|100%| O|  |TAMS 0x0000000c1bc00000| PB 0x0000000c1bc00000| Untracked |  0
|  66|0x0000000c1c000000, 0x0000000c1c400000, 0x0000000c1c400000|100%| O|  |TAMS 0x0000000c1c000000| PB 0x0000000c1c000000| Untracked |  0
|  67|0x0000000c1c400000, 0x0000000c1c800000, 0x0000000c1c800000|100%| O|  |TAMS 0x0000000c1c400000| PB 0x0000000c1c400000| Untracked |  0
|  68|0x0000000c1c800000, 0x0000000c1cc00000, 0x0000000c1cc00000|100%| O|  |TAMS 0x0000000c1c800000| PB 0x0000000c1c800000| Untracked |  0
|  69|0x0000000c1cc00000, 0x0000000c1d000000, 0x0000000c1d000000|100%| O|  |TAMS 0x0000000c1cc00000| PB 0x0000000c1cc00000| Untracked |  0
|  70|0x0000000c1d000000, 0x0000000c1d400000, 0x0000000c1d400000|100%| O|  |TAMS 0x0000000c1d000000| PB 0x0000000c1d000000| Untracked |  0
|  71|0x0000000c1d400000, 0x0000000c1d800000, 0x0000000c1d800000|100%| O|  |TAMS 0x0000000c1d400000| PB 0x0000000c1d400000| Untracked |  0
|  72|0x0000000c1d800000, 0x0000000c1dc00000, 0x0000000c1dc00000|100%| O|  |TAMS 0x0000000c1d800000| PB 0x0000000c1d800000| Untracked |  0
|  73|0x0000000c1dc00000, 0x0000000c1e000000, 0x0000000c1e000000|100%| O|  |TAMS 0x0000000c1dc00000| PB 0x0000000c1dc00000| Untracked |  0
|  74|0x0000000c1e000000, 0x0000000c1e400000, 0x0000000c1e400000|100%| O|  |TAMS 0x0000000c1e000000| PB 0x0000000c1e000000| Untracked |  0
|  75|0x0000000c1e400000, 0x0000000c1e800000, 0x0000000c1e800000|100%| O|  |TAMS 0x0000000c1e400000| PB 0x0000000c1e400000| Untracked |  0
|  76|0x0000000c1e800000, 0x0000000c1ec00000, 0x0000000c1ec00000|100%| O|  |TAMS 0x0000000c1e800000| PB 0x0000000c1e800000| Untracked |  0
|  77|0x0000000c1ec00000, 0x0000000c1f000000, 0x0000000c1f000000|100%| O|  |TAMS 0x0000000c1ec00000| PB 0x0000000c1ec00000| Untracked |  0
|  78|0x0000000c1f000000, 0x0000000c1f400000, 0x0000000c1f400000|100%| O|  |TAMS 0x0000000c1f000000| PB 0x0000000c1f000000| Untracked |  0
|  79|0x0000000c1f400000, 0x0000000c1f800000, 0x0000000c1f800000|100%| O|  |TAMS 0x0000000c1f400000| PB 0x0000000c1f400000| Untracked |  0
|  80|0x0000000c1f800000, 0x0000000c1fc00000, 0x0000000c1fc00000|100%| O|  |TAMS 0x0000000c1f800000| PB 0x0000000c1f800000| Untracked |  0
|  81|0x0000000c1fc00000, 0x0000000c20000000, 0x0000000c20000000|100%| O|  |TAMS 0x0000000c1fc00000| PB 0x0000000c1fc00000| Untracked |  0
|  82|0x0000000c20000000, 0x0000000c20400000, 0x0000000c20400000|100%| O|Cm|TAMS 0x0000000c20000000| PB 0x0000000c20000000| Complete |  0
|  83|0x0000000c20400000, 0x0000000c20800000, 0x0000000c20800000|100%| O|Cm|TAMS 0x0000000c20400000| PB 0x0000000c20400000| Complete |  0
|  84|0x0000000c20800000, 0x0000000c20c00000, 0x0000000c20c00000|100%| O|Cm|TAMS 0x0000000c20800000| PB 0x0000000c20800000| Complete |  0
|  85|0x0000000c20c00000, 0x0000000c21000000, 0x0000000c21000000|100%| O|  |TAMS 0x0000000c20c00000| PB 0x0000000c20c00000| Untracked |  0
|  86|0x0000000c21000000, 0x0000000c21400000, 0x0000000c21400000|100%| O|  |TAMS 0x0000000c21000000| PB 0x0000000c21000000| Untracked |  0
|  87|0x0000000c21400000, 0x0000000c21800000, 0x0000000c21800000|100%| O|  |TAMS 0x0000000c21400000| PB 0x0000000c21400000| Untracked |  0
|  88|0x0000000c21800000, 0x0000000c21c00000, 0x0000000c21c00000|100%| O|  |TAMS 0x0000000c21800000| PB 0x0000000c21800000| Untracked |  0
|  89|0x0000000c21c00000, 0x0000000c22000000, 0x0000000c22000000|100%| O|  |TAMS 0x0000000c21c00000| PB 0x0000000c21c00000| Untracked |  0
|  90|0x0000000c22000000, 0x0000000c22400000, 0x0000000c22400000|100%| O|  |TAMS 0x0000000c22000000| PB 0x0000000c22000000| Untracked |  0
|  91|0x0000000c22400000, 0x0000000c22800000, 0x0000000c22800000|100%| O|  |TAMS 0x0000000c22400000| PB 0x0000000c22400000| Untracked |  0
|  92|0x0000000c22800000, 0x0000000c22c00000, 0x0000000c22c00000|100%| O|  |TAMS 0x0000000c22800000| PB 0x0000000c22800000| Untracked |  0
|  93|0x0000000c22c00000, 0x0000000c23000000, 0x0000000c23000000|100%| O|  |TAMS 0x0000000c22c00000| PB 0x0000000c22c00000| Untracked |  0
|  94|0x0000000c23000000, 0x0000000c23400000, 0x0000000c23400000|100%| O|  |TAMS 0x0000000c23000000| PB 0x0000000c23000000| Untracked |  0
|  95|0x0000000c23400000, 0x0000000c23800000, 0x0000000c23800000|100%| O|  |TAMS 0x0000000c23400000| PB 0x0000000c23400000| Untracked |  0
|  96|0x0000000c23800000, 0x0000000c23c00000, 0x0000000c23c00000|100%| O|Cm|TAMS 0x0000000c23800000| PB 0x0000000c23800000| Complete |  0
|  97|0x0000000c23c00000, 0x0000000c24000000, 0x0000000c24000000|100%| O|  |TAMS 0x0000000c23c00000| PB 0x0000000c23c00000| Untracked |  0
|  98|0x0000000c24000000, 0x0000000c24400000, 0x0000000c24400000|100%| O|  |TAMS 0x0000000c24000000| PB 0x0000000c24000000| Untracked |  0
|  99|0x0000000c24400000, 0x0000000c24800000, 0x0000000c24800000|100%| O|  |TAMS 0x0000000c24400000| PB 0x0000000c24400000| Untracked |  0
| 100|0x0000000c24800000, 0x0000000c24c00000, 0x0000000c24c00000|100%| O|  |TAMS 0x0000000c24800000| PB 0x0000000c24800000| Untracked |  0
| 101|0x0000000c24c00000, 0x0000000c25000000, 0x0000000c25000000|100%| O|  |TAMS 0x0000000c24c00000| PB 0x0000000c24c00000| Untracked |  0
| 102|0x0000000c25000000, 0x0000000c25400000, 0x0000000c25400000|100%| O|  |TAMS 0x0000000c25000000| PB 0x0000000c25000000| Untracked |  0
| 103|0x0000000c25400000, 0x0000000c25800000, 0x0000000c25800000|100%| O|  |TAMS 0x0000000c25400000| PB 0x0000000c25400000| Untracked |  0
| 104|0x0000000c25800000, 0x0000000c25c00000, 0x0000000c25c00000|100%| O|  |TAMS 0x0000000c25800000| PB 0x0000000c25800000| Untracked |  0
| 105|0x0000000c25c00000, 0x0000000c26000000, 0x0000000c26000000|100%| O|  |TAMS 0x0000000c25c00000| PB 0x0000000c25c00000| Untracked |  0
| 106|0x0000000c26000000, 0x0000000c26400000, 0x0000000c26400000|100%| O|  |TAMS 0x0000000c26000000| PB 0x0000000c26000000| Untracked |  0
| 107|0x0000000c26400000, 0x0000000c26800000, 0x0000000c26800000|100%| O|  |TAMS 0x0000000c26400000| PB 0x0000000c26400000| Untracked |  0
| 108|0x0000000c26800000, 0x0000000c26c00000, 0x0000000c26c00000|100%| O|  |TAMS 0x0000000c26800000| PB 0x0000000c26800000| Untracked |  0
| 109|0x0000000c26c00000, 0x0000000c27000000, 0x0000000c27000000|100%| O|  |TAMS 0x0000000c26c00000| PB 0x0000000c26c00000| Untracked |  0
| 110|0x0000000c27000000, 0x0000000c27400000, 0x0000000c27400000|100%| O|  |TAMS 0x0000000c27000000| PB 0x0000000c27000000| Untracked |  0
| 111|0x0000000c27400000, 0x0000000c27800000, 0x0000000c27800000|100%| O|  |TAMS 0x0000000c27400000| PB 0x0000000c27400000| Untracked |  0
| 112|0x0000000c27800000, 0x0000000c27c00000, 0x0000000c27c00000|100%| O|Cm|TAMS 0x0000000c27800000| PB 0x0000000c27800000| Complete |  0
| 113|0x0000000c27c00000, 0x0000000c28000000, 0x0000000c28000000|100%| O|Cm|TAMS 0x0000000c27c00000| PB 0x0000000c27c00000| Complete |  0
| 114|0x0000000c28000000, 0x0000000c28400000, 0x0000000c28400000|100%| O|Cm|TAMS 0x0000000c28000000| PB 0x0000000c28000000| Complete |  0
| 115|0x0000000c28400000, 0x0000000c28800000, 0x0000000c28800000|100%| O|  |TAMS 0x0000000c28400000| PB 0x0000000c28400000| Untracked |  0
| 116|0x0000000c28800000, 0x0000000c28c00000, 0x0000000c28c00000|100%| O|  |TAMS 0x0000000c28800000| PB 0x0000000c28800000| Untracked |  0
| 117|0x0000000c28c00000, 0x0000000c29000000, 0x0000000c29000000|100%| O|  |TAMS 0x0000000c28c00000| PB 0x0000000c28c00000| Untracked |  0
| 118|0x0000000c29000000, 0x0000000c29400000, 0x0000000c29400000|100%| O|  |TAMS 0x0000000c29000000| PB 0x0000000c29000000| Untracked |  0
| 119|0x0000000c29400000, 0x0000000c29800000, 0x0000000c29800000|100%| O|  |TAMS 0x0000000c29400000| PB 0x0000000c29400000| Untracked |  0
| 120|0x0000000c29800000, 0x0000000c29c00000, 0x0000000c29c00000|100%| O|  |TAMS 0x0000000c29800000| PB 0x0000000c29800000| Untracked |  0
| 121|0x0000000c29c00000, 0x0000000c2a000000, 0x0000000c2a000000|100%| O|  |TAMS 0x0000000c29c00000| PB 0x0000000c29c00000| Untracked |  0
| 122|0x0000000c2a000000, 0x0000000c2a400000, 0x0000000c2a400000|100%| O|Cm|TAMS 0x0000000c2a000000| PB 0x0000000c2a000000| Complete |  0
| 123|0x0000000c2a400000, 0x0000000c2a800000, 0x0000000c2a800000|100%| O|  |TAMS 0x0000000c2a400000| PB 0x0000000c2a400000| Untracked |  0
| 124|0x0000000c2a800000, 0x0000000c2ac00000, 0x0000000c2ac00000|100%| O|  |TAMS 0x0000000c2a800000| PB 0x0000000c2a800000| Untracked |  0
| 125|0x0000000c2ac00000, 0x0000000c2b000000, 0x0000000c2b000000|100%| O|  |TAMS 0x0000000c2ac00000| PB 0x0000000c2ac00000| Untracked |  0
| 126|0x0000000c2b000000, 0x0000000c2b400000, 0x0000000c2b400000|100%| O|  |TAMS 0x0000000c2b000000| PB 0x0000000c2b000000| Untracked |  0
| 127|0x0000000c2b400000, 0x0000000c2b800000, 0x0000000c2b800000|100%| O|Cm|TAMS 0x0000000c2b400000| PB 0x0000000c2b400000| Complete |  0
| 128|0x0000000c2b800000, 0x0000000c2b800000, 0x0000000c2bc00000|  0%| F|  |TAMS 0x0000000c2b800000| PB 0x0000000c2b800000| Untracked |  0
| 129|0x0000000c2bc00000, 0x0000000c2bc00000, 0x0000000c2c000000|  0%| F|  |TAMS 0x0000000c2bc00000| PB 0x0000000c2bc00000| Untracked |  0
| 130|0x0000000c2c000000, 0x0000000c2c400000, 0x0000000c2c400000|100%| O|  |TAMS 0x0000000c2c000000| PB 0x0000000c2c000000| Untracked |  0
| 131|0x0000000c2c400000, 0x0000000c2c800000, 0x0000000c2c800000|100%| O|  |TAMS 0x0000000c2c400000| PB 0x0000000c2c400000| Untracked |  0
| 132|0x0000000c2c800000, 0x0000000c2cc00000, 0x0000000c2cc00000|100%| O|  |TAMS 0x0000000c2c800000| PB 0x0000000c2c800000| Untracked |  0
| 133|0x0000000c2cc00000, 0x0000000c2d000000, 0x0000000c2d000000|100%| O|  |TAMS 0x0000000c2cc00000| PB 0x0000000c2cc00000| Untracked |  0
| 134|0x0000000c2d000000, 0x0000000c2d400000, 0x0000000c2d400000|100%| O|  |TAMS 0x0000000c2d000000| PB 0x0000000c2d000000| Untracked |  0
| 135|0x0000000c2d400000, 0x0000000c2d800000, 0x0000000c2d800000|100%| O|  |TAMS 0x0000000c2d400000| PB 0x0000000c2d400000| Untracked |  0
| 136|0x0000000c2d800000, 0x0000000c2dc00000, 0x0000000c2dc00000|100%| O|  |TAMS 0x0000000c2d800000| PB 0x0000000c2d800000| Untracked |  0
| 137|0x0000000c2dc00000, 0x0000000c2e000000, 0x0000000c2e000000|100%| O|  |TAMS 0x0000000c2dc00000| PB 0x0000000c2dc00000| Untracked |  0
| 138|0x0000000c2e000000, 0x0000000c2e400000, 0x0000000c2e400000|100%| O|  |TAMS 0x0000000c2e000000| PB 0x0000000c2e000000| Untracked |  0
| 139|0x0000000c2e400000, 0x0000000c2e800000, 0x0000000c2e800000|100%| O|  |TAMS 0x0000000c2e400000| PB 0x0000000c2e400000| Untracked |  0
| 140|0x0000000c2e800000, 0x0000000c2ec00000, 0x0000000c2ec00000|100%| O|  |TAMS 0x0000000c2e800000| PB 0x0000000c2e800000| Untracked |  0
| 141|0x0000000c2ec00000, 0x0000000c2f000000, 0x0000000c2f000000|100%| O|  |TAMS 0x0000000c2ec00000| PB 0x0000000c2ec00000| Untracked |  0
| 142|0x0000000c2f000000, 0x0000000c2f400000, 0x0000000c2f400000|100%| O|  |TAMS 0x0000000c2f000000| PB 0x0000000c2f000000| Untracked |  0
| 143|0x0000000c2f400000, 0x0000000c2f800000, 0x0000000c2f800000|100%| O|  |TAMS 0x0000000c2f400000| PB 0x0000000c2f400000| Untracked |  0
| 144|0x0000000c2f800000, 0x0000000c2fc00000, 0x0000000c2fc00000|100%| O|Cm|TAMS 0x0000000c2f800000| PB 0x0000000c2f800000| Complete |  0
| 145|0x0000000c2fc00000, 0x0000000c30000000, 0x0000000c30000000|100%| O|  |TAMS 0x0000000c2fc00000| PB 0x0000000c2fc00000| Untracked |  0
| 146|0x0000000c30000000, 0x0000000c30400000, 0x0000000c30400000|100%| O|  |TAMS 0x0000000c30000000| PB 0x0000000c30000000| Untracked |  0
| 147|0x0000000c30400000, 0x0000000c30800000, 0x0000000c30800000|100%| O|  |TAMS 0x0000000c30400000| PB 0x0000000c30400000| Untracked |  0
| 148|0x0000000c30800000, 0x0000000c30c00000, 0x0000000c30c00000|100%|HS|  |TAMS 0x0000000c30800000| PB 0x0000000c30800000| Complete |  0
| 149|0x0000000c30c00000, 0x0000000c31000000, 0x0000000c31000000|100%|HS|  |TAMS 0x0000000c30c00000| PB 0x0000000c30c00000| Complete |  0
| 150|0x0000000c31000000, 0x0000000c31000000, 0x0000000c31400000|  0%| F|  |TAMS 0x0000000c31000000| PB 0x0000000c31000000| Untracked |  0
| 151|0x0000000c31400000, 0x0000000c31400000, 0x0000000c31800000|  0%| F|  |TAMS 0x0000000c31400000| PB 0x0000000c31400000| Untracked |  0
| 152|0x0000000c31800000, 0x0000000c31800000, 0x0000000c31c00000|  0%| F|  |TAMS 0x0000000c31800000| PB 0x0000000c31800000| Untracked |  0
| 153|0x0000000c31c00000, 0x0000000c31c00000, 0x0000000c32000000|  0%| F|  |TAMS 0x0000000c31c00000| PB 0x0000000c31c00000| Untracked |  0
| 154|0x0000000c32000000, 0x0000000c32000000, 0x0000000c32400000|  0%| F|  |TAMS 0x0000000c32000000| PB 0x0000000c32000000| Untracked |  0
| 155|0x0000000c32400000, 0x0000000c32400000, 0x0000000c32800000|  0%| F|  |TAMS 0x0000000c32400000| PB 0x0000000c32400000| Untracked |  0
| 156|0x0000000c32800000, 0x0000000c32800000, 0x0000000c32c00000|  0%| F|  |TAMS 0x0000000c32800000| PB 0x0000000c32800000| Untracked |  0
| 157|0x0000000c32c00000, 0x0000000c32c00000, 0x0000000c33000000|  0%| F|  |TAMS 0x0000000c32c00000| PB 0x0000000c32c00000| Untracked |  0
| 158|0x0000000c33000000, 0x0000000c33000000, 0x0000000c33400000|  0%| F|  |TAMS 0x0000000c33000000| PB 0x0000000c33000000| Untracked |  0
| 159|0x0000000c33400000, 0x0000000c33400000, 0x0000000c33800000|  0%| F|  |TAMS 0x0000000c33400000| PB 0x0000000c33400000| Untracked |  0
| 160|0x0000000c33800000, 0x0000000c33800000, 0x0000000c33c00000|  0%| F|  |TAMS 0x0000000c33800000| PB 0x0000000c33800000| Untracked |  0
| 161|0x0000000c33c00000, 0x0000000c33c00000, 0x0000000c34000000|  0%| F|  |TAMS 0x0000000c33c00000| PB 0x0000000c33c00000| Untracked |  0
| 162|0x0000000c34000000, 0x0000000c34000000, 0x0000000c34400000|  0%| F|  |TAMS 0x0000000c34000000| PB 0x0000000c34000000| Untracked |  0
| 163|0x0000000c34400000, 0x0000000c34400000, 0x0000000c34800000|  0%| F|  |TAMS 0x0000000c34400000| PB 0x0000000c34400000| Untracked |  0
| 164|0x0000000c34800000, 0x0000000c34800000, 0x0000000c34c00000|  0%| F|  |TAMS 0x0000000c34800000| PB 0x0000000c34800000| Untracked |  0
| 165|0x0000000c34c00000, 0x0000000c34c00000, 0x0000000c35000000|  0%| F|  |TAMS 0x0000000c34c00000| PB 0x0000000c34c00000| Untracked |  0
| 166|0x0000000c35000000, 0x0000000c35000000, 0x0000000c35400000|  0%| F|  |TAMS 0x0000000c35000000| PB 0x0000000c35000000| Untracked |  0
| 167|0x0000000c35400000, 0x0000000c35400000, 0x0000000c35800000|  0%| F|  |TAMS 0x0000000c35400000| PB 0x0000000c35400000| Untracked |  0
| 168|0x0000000c35800000, 0x0000000c35800000, 0x0000000c35c00000|  0%| F|  |TAMS 0x0000000c35800000| PB 0x0000000c35800000| Untracked |  0
| 169|0x0000000c35c00000, 0x0000000c35c00000, 0x0000000c36000000|  0%| F|  |TAMS 0x0000000c35c00000| PB 0x0000000c35c00000| Untracked |  0
| 170|0x0000000c36000000, 0x0000000c36000000, 0x0000000c36400000|  0%| F|  |TAMS 0x0000000c36000000| PB 0x0000000c36000000| Untracked |  0
| 171|0x0000000c36400000, 0x0000000c36400000, 0x0000000c36800000|  0%| F|  |TAMS 0x0000000c36400000| PB 0x0000000c36400000| Untracked |  0
| 172|0x0000000c36800000, 0x0000000c36800000, 0x0000000c36c00000|  0%| F|  |TAMS 0x0000000c36800000| PB 0x0000000c36800000| Untracked |  0
| 173|0x0000000c36c00000, 0x0000000c36c00000, 0x0000000c37000000|  0%| F|  |TAMS 0x0000000c36c00000| PB 0x0000000c36c00000| Untracked |  0
| 174|0x0000000c37000000, 0x0000000c37137500, 0x0000000c37400000| 30%| S|CS|TAMS 0x0000000c37000000| PB 0x0000000c37000000| Complete |  0
| 175|0x0000000c37400000, 0x0000000c37800000, 0x0000000c37800000|100%| S|CS|TAMS 0x0000000c37400000| PB 0x0000000c37400000| Complete |  0
| 176|0x0000000c37800000, 0x0000000c37c00000, 0x0000000c37c00000|100%| S|CS|TAMS 0x0000000c37800000| PB 0x0000000c37800000| Complete |  0
| 177|0x0000000c37c00000, 0x0000000c38000000, 0x0000000c38000000|100%| S|CS|TAMS 0x0000000c37c00000| PB 0x0000000c37c00000| Complete |  0
| 178|0x0000000c38000000, 0x0000000c38400000, 0x0000000c38400000|100%| S|CS|TAMS 0x0000000c38000000| PB 0x0000000c38000000| Complete |  0
| 179|0x0000000c38400000, 0x0000000c38800000, 0x0000000c38800000|100%| S|CS|TAMS 0x0000000c38400000| PB 0x0000000c38400000| Complete |  0
| 180|0x0000000c38800000, 0x0000000c38c00000, 0x0000000c38c00000|100%| S|CS|TAMS 0x0000000c38800000| PB 0x0000000c38800000| Complete |  0
| 181|0x0000000c38c00000, 0x0000000c39000000, 0x0000000c39000000|100%| S|CS|TAMS 0x0000000c38c00000| PB 0x0000000c38c00000| Complete |  0
| 182|0x0000000c39000000, 0x0000000c39400000, 0x0000000c39400000|100%| S|CS|TAMS 0x0000000c39000000| PB 0x0000000c39000000| Complete |  0
| 183|0x0000000c39400000, 0x0000000c39400000, 0x0000000c39800000|  0%| F|  |TAMS 0x0000000c39400000| PB 0x0000000c39400000| Untracked |  0
| 184|0x0000000c39800000, 0x0000000c39800000, 0x0000000c39c00000|  0%| F|  |TAMS 0x0000000c39800000| PB 0x0000000c39800000| Untracked |  0
| 185|0x0000000c39c00000, 0x0000000c39c00000, 0x0000000c3a000000|  0%| F|  |TAMS 0x0000000c39c00000| PB 0x0000000c39c00000| Untracked |  0
| 186|0x0000000c3a000000, 0x0000000c3a000000, 0x0000000c3a400000|  0%| F|  |TAMS 0x0000000c3a000000| PB 0x0000000c3a000000| Untracked |  0
| 187|0x0000000c3a400000, 0x0000000c3a400000, 0x0000000c3a800000|  0%| F|  |TAMS 0x0000000c3a400000| PB 0x0000000c3a400000| Untracked |  0
| 188|0x0000000c3a800000, 0x0000000c3a800000, 0x0000000c3ac00000|  0%| F|  |TAMS 0x0000000c3a800000| PB 0x0000000c3a800000| Untracked |  0
| 189|0x0000000c3ac00000, 0x0000000c3ac00000, 0x0000000c3b000000|  0%| F|  |TAMS 0x0000000c3ac00000| PB 0x0000000c3ac00000| Untracked |  0
| 190|0x0000000c3b000000, 0x0000000c3b000000, 0x0000000c3b400000|  0%| F|  |TAMS 0x0000000c3b000000| PB 0x0000000c3b000000| Untracked |  0
| 191|0x0000000c3b400000, 0x0000000c3b400000, 0x0000000c3b800000|  0%| F|  |TAMS 0x0000000c3b400000| PB 0x0000000c3b400000| Untracked |  0
| 192|0x0000000c3b800000, 0x0000000c3b800000, 0x0000000c3bc00000|  0%| F|  |TAMS 0x0000000c3b800000| PB 0x0000000c3b800000| Untracked |  0
| 193|0x0000000c3bc00000, 0x0000000c3bc00000, 0x0000000c3c000000|  0%| F|  |TAMS 0x0000000c3bc00000| PB 0x0000000c3bc00000| Untracked |  0
| 194|0x0000000c3c000000, 0x0000000c3c000000, 0x0000000c3c400000|  0%| F|  |TAMS 0x0000000c3c000000| PB 0x0000000c3c000000| Untracked |  0
| 195|0x0000000c3c400000, 0x0000000c3c400000, 0x0000000c3c800000|  0%| F|  |TAMS 0x0000000c3c400000| PB 0x0000000c3c400000| Untracked |  0
| 196|0x0000000c3c800000, 0x0000000c3c800000, 0x0000000c3cc00000|  0%| F|  |TAMS 0x0000000c3c800000| PB 0x0000000c3c800000| Untracked |  0
| 197|0x0000000c3cc00000, 0x0000000c3cc00000, 0x0000000c3d000000|  0%| F|  |TAMS 0x0000000c3cc00000| PB 0x0000000c3cc00000| Untracked |  0
| 198|0x0000000c3d000000, 0x0000000c3d000000, 0x0000000c3d400000|  0%| F|  |TAMS 0x0000000c3d000000| PB 0x0000000c3d000000| Untracked |  0
| 199|0x0000000c3d400000, 0x0000000c3d400000, 0x0000000c3d800000|  0%| F|  |TAMS 0x0000000c3d400000| PB 0x0000000c3d400000| Untracked |  0
| 200|0x0000000c3d800000, 0x0000000c3d800000, 0x0000000c3dc00000|  0%| F|  |TAMS 0x0000000c3d800000| PB 0x0000000c3d800000| Untracked |  0
| 201|0x0000000c3dc00000, 0x0000000c3dc00000, 0x0000000c3e000000|  0%| F|  |TAMS 0x0000000c3dc00000| PB 0x0000000c3dc00000| Untracked |  0
| 202|0x0000000c3e000000, 0x0000000c3e000000, 0x0000000c3e400000|  0%| F|  |TAMS 0x0000000c3e000000| PB 0x0000000c3e000000| Untracked |  0
| 203|0x0000000c3e400000, 0x0000000c3e400000, 0x0000000c3e800000|  0%| F|  |TAMS 0x0000000c3e400000| PB 0x0000000c3e400000| Untracked |  0
| 204|0x0000000c3e800000, 0x0000000c3e800000, 0x0000000c3ec00000|  0%| F|  |TAMS 0x0000000c3e800000| PB 0x0000000c3e800000| Untracked |  0
| 205|0x0000000c3ec00000, 0x0000000c3ec00000, 0x0000000c3f000000|  0%| F|  |TAMS 0x0000000c3ec00000| PB 0x0000000c3ec00000| Untracked |  0
| 206|0x0000000c3f000000, 0x0000000c3f000000, 0x0000000c3f400000|  0%| F|  |TAMS 0x0000000c3f000000| PB 0x0000000c3f000000| Untracked |  0
| 207|0x0000000c3f400000, 0x0000000c3f400000, 0x0000000c3f800000|  0%| F|  |TAMS 0x0000000c3f400000| PB 0x0000000c3f400000| Untracked |  0
| 208|0x0000000c3f800000, 0x0000000c3f800000, 0x0000000c3fc00000|  0%| F|  |TAMS 0x0000000c3f800000| PB 0x0000000c3f800000| Untracked |  0
| 209|0x0000000c3fc00000, 0x0000000c3fc00000, 0x0000000c40000000|  0%| F|  |TAMS 0x0000000c3fc00000| PB 0x0000000c3fc00000| Untracked |  0
| 210|0x0000000c40000000, 0x0000000c40000000, 0x0000000c40400000|  0%| F|  |TAMS 0x0000000c40000000| PB 0x0000000c40000000| Untracked |  0
| 211|0x0000000c40400000, 0x0000000c40400000, 0x0000000c40800000|  0%| F|  |TAMS 0x0000000c40400000| PB 0x0000000c40400000| Untracked |  0
| 212|0x0000000c40800000, 0x0000000c40800000, 0x0000000c40c00000|  0%| F|  |TAMS 0x0000000c40800000| PB 0x0000000c40800000| Untracked |  0
| 213|0x0000000c40c00000, 0x0000000c40c00000, 0x0000000c41000000|  0%| F|  |TAMS 0x0000000c40c00000| PB 0x0000000c40c00000| Untracked |  0
| 214|0x0000000c41000000, 0x0000000c41000000, 0x0000000c41400000|  0%| F|  |TAMS 0x0000000c41000000| PB 0x0000000c41000000| Untracked |  0
| 215|0x0000000c41400000, 0x0000000c41400000, 0x0000000c41800000|  0%| F|  |TAMS 0x0000000c41400000| PB 0x0000000c41400000| Untracked |  0
| 216|0x0000000c41800000, 0x0000000c41800000, 0x0000000c41c00000|  0%| F|  |TAMS 0x0000000c41800000| PB 0x0000000c41800000| Untracked |  0
| 217|0x0000000c41c00000, 0x0000000c41c00000, 0x0000000c42000000|  0%| F|  |TAMS 0x0000000c41c00000| PB 0x0000000c41c00000| Untracked |  0
| 218|0x0000000c42000000, 0x0000000c42000000, 0x0000000c42400000|  0%| F|  |TAMS 0x0000000c42000000| PB 0x0000000c42000000| Untracked |  0
| 219|0x0000000c42400000, 0x0000000c42400000, 0x0000000c42800000|  0%| F|  |TAMS 0x0000000c42400000| PB 0x0000000c42400000| Untracked |  0
| 220|0x0000000c42800000, 0x0000000c42800000, 0x0000000c42c00000|  0%| F|  |TAMS 0x0000000c42800000| PB 0x0000000c42800000| Untracked |  0
| 221|0x0000000c42c00000, 0x0000000c42c00000, 0x0000000c43000000|  0%| F|  |TAMS 0x0000000c42c00000| PB 0x0000000c42c00000| Untracked |  0
| 222|0x0000000c43000000, 0x0000000c43000000, 0x0000000c43400000|  0%| F|  |TAMS 0x0000000c43000000| PB 0x0000000c43000000| Untracked |  0
| 223|0x0000000c43400000, 0x0000000c43400000, 0x0000000c43800000|  0%| F|  |TAMS 0x0000000c43400000| PB 0x0000000c43400000| Untracked |  0
| 224|0x0000000c43800000, 0x0000000c43800000, 0x0000000c43c00000|  0%| F|  |TAMS 0x0000000c43800000| PB 0x0000000c43800000| Untracked |  0
| 225|0x0000000c43c00000, 0x0000000c43c00000, 0x0000000c44000000|  0%| F|  |TAMS 0x0000000c43c00000| PB 0x0000000c43c00000| Untracked |  0
| 226|0x0000000c44000000, 0x0000000c44000000, 0x0000000c44400000|  0%| F|  |TAMS 0x0000000c44000000| PB 0x0000000c44000000| Untracked |  0
| 227|0x0000000c44400000, 0x0000000c44400000, 0x0000000c44800000|  0%| F|  |TAMS 0x0000000c44400000| PB 0x0000000c44400000| Untracked |  0
| 228|0x0000000c44800000, 0x0000000c44800000, 0x0000000c44c00000|  0%| F|  |TAMS 0x0000000c44800000| PB 0x0000000c44800000| Untracked |  0
| 229|0x0000000c44c00000, 0x0000000c44c00000, 0x0000000c45000000|  0%| F|  |TAMS 0x0000000c44c00000| PB 0x0000000c44c00000| Untracked |  0
| 230|0x0000000c45000000, 0x0000000c45000000, 0x0000000c45400000|  0%| F|  |TAMS 0x0000000c45000000| PB 0x0000000c45000000| Untracked |  0
| 231|0x0000000c45400000, 0x0000000c45400000, 0x0000000c45800000|  0%| F|  |TAMS 0x0000000c45400000| PB 0x0000000c45400000| Untracked |  0
| 232|0x0000000c45800000, 0x0000000c45800000, 0x0000000c45c00000|  0%| F|  |TAMS 0x0000000c45800000| PB 0x0000000c45800000| Untracked |  0
| 233|0x0000000c45c00000, 0x0000000c45c00000, 0x0000000c46000000|  0%| F|  |TAMS 0x0000000c45c00000| PB 0x0000000c45c00000| Untracked |  0
| 234|0x0000000c46000000, 0x0000000c46000000, 0x0000000c46400000|  0%| F|  |TAMS 0x0000000c46000000| PB 0x0000000c46000000| Untracked |  0
| 235|0x0000000c46400000, 0x0000000c46400000, 0x0000000c46800000|  0%| F|  |TAMS 0x0000000c46400000| PB 0x0000000c46400000| Untracked |  0
| 236|0x0000000c46800000, 0x0000000c46800000, 0x0000000c46c00000|  0%| F|  |TAMS 0x0000000c46800000| PB 0x0000000c46800000| Untracked |  0
| 237|0x0000000c46c00000, 0x0000000c46c00000, 0x0000000c47000000|  0%| F|  |TAMS 0x0000000c46c00000| PB 0x0000000c46c00000| Untracked |  0
| 238|0x0000000c47000000, 0x0000000c47000000, 0x0000000c47400000|  0%| F|  |TAMS 0x0000000c47000000| PB 0x0000000c47000000| Untracked |  0
| 239|0x0000000c47400000, 0x0000000c47400000, 0x0000000c47800000|  0%| F|  |TAMS 0x0000000c47400000| PB 0x0000000c47400000| Untracked |  0
| 240|0x0000000c47800000, 0x0000000c47800000, 0x0000000c47c00000|  0%| F|  |TAMS 0x0000000c47800000| PB 0x0000000c47800000| Untracked |  0
| 241|0x0000000c47c00000, 0x0000000c47c00000, 0x0000000c48000000|  0%| F|  |TAMS 0x0000000c47c00000| PB 0x0000000c47c00000| Untracked |  0
| 242|0x0000000c48000000, 0x0000000c48000000, 0x0000000c48400000|  0%| F|  |TAMS 0x0000000c48000000| PB 0x0000000c48000000| Untracked |  0
| 243|0x0000000c48400000, 0x0000000c48400000, 0x0000000c48800000|  0%| F|  |TAMS 0x0000000c48400000| PB 0x0000000c48400000| Untracked |  0
| 244|0x0000000c48800000, 0x0000000c48800000, 0x0000000c48c00000|  0%| F|  |TAMS 0x0000000c48800000| PB 0x0000000c48800000| Untracked |  0
| 245|0x0000000c48c00000, 0x0000000c48c00000, 0x0000000c49000000|  0%| F|  |TAMS 0x0000000c48c00000| PB 0x0000000c48c00000| Untracked |  0
| 246|0x0000000c49000000, 0x0000000c49000000, 0x0000000c49400000|  0%| F|  |TAMS 0x0000000c49000000| PB 0x0000000c49000000| Untracked |  0
|2040|0x0000000e09800000, 0x0000000e09800000, 0x0000000e09c00000|  0%| F|  |TAMS 0x0000000e09800000| PB 0x0000000e09800000| Untracked |  0
|2041|0x0000000e09c00000, 0x0000000e09c00000, 0x0000000e0a000000|  0%| F|  |TAMS 0x0000000e09c00000| PB 0x0000000e09c00000| Untracked |  0
|2042|0x0000000e0a000000, 0x0000000e0a400000, 0x0000000e0a400000|100%| O|  |TAMS 0x0000000e0a000000| PB 0x0000000e0a000000| Untracked |  0
|2043|0x0000000e0a400000, 0x0000000e0a44ced0, 0x0000000e0a800000|  7%| E|  |TAMS 0x0000000e0a400000| PB 0x0000000e0a400000| Complete |  0
|2044|0x0000000e0a800000, 0x0000000e0ac00000, 0x0000000e0ac00000|100%| E|CS|TAMS 0x0000000e0a800000| PB 0x0000000e0a800000| Complete |  0
|2045|0x0000000e0ac00000, 0x0000000e0b000000, 0x0000000e0b000000|100%| E|CS|TAMS 0x0000000e0ac00000| PB 0x0000000e0ac00000| Complete |  0
|2046|0x0000000e0b000000, 0x0000000e0b400000, 0x0000000e0b400000|100%| E|CS|TAMS 0x0000000e0b000000| PB 0x0000000e0b000000| Complete |  0
|2047|0x0000000e0b400000, 0x0000000e0b800000, 0x0000000e0b800000|100%| E|CS|TAMS 0x0000000e0b400000| PB 0x0000000e0b400000| Complete |  0

Card table byte_map: [0x00000001248fc000,0x00000001258fc000] _byte_map_base: 0x000000011e8a0000

Marking Bits: (CMBitMap*) 0x00000001055e2180
 Bits: [0x00000001258fc000, 0x000000012d8fc000)

Polling page: 0x0000000104e38000

Metaspace:
Metaspace        used 151128K, committed 153152K, reserved 1245184K
 class space     used 16322K, committed 17216K, reserved 1048576K

Usage:
  Non-class:    131.65 MB used.
      Class:     15.94 MB used.
       Both:    147.59 MB used.

Virtual space:
  Non-class space:      192.00 MB reserved,     132.75 MB ( 69%) committed,  3 nodes.
      Class space:        1.00 GB reserved,      16.81 MB (  2%) committed,  1 nodes.
             Both:        1.19 GB reserved,     149.56 MB ( 12%) committed. 

Chunk freelists:
   Non-Class:  10.35 MB
       Class:  15.07 MB
        Both:  25.42 MB

MaxMetaspaceSize: unlimited
CompressedClassSpaceSize: 1.00 GB
Initial GC threshold: 21.00 MB
Current GC threshold: 248.88 MB
CDS: on
 - commit_granule_bytes: 65536.
 - commit_granule_words: 8192.
 - virtual_space_node_default_size: 8388608.
 - enlarge_chunks_in_place: 1.
UseCompressedClassPointers 1, UseCompactObjectHeaders 0
Narrow klass pointer bits 32, Max shift 3
Narrow klass base: 0x00003fe000000000, Narrow klass shift: 0
Encoding Range: [0x00003fe000000000 - 0x00003fe100000000), (4294967296 bytes)
Klass Range:    [0x00003fe000004000 - 0x00003fe041000000), (1090502656 bytes)
Klass ID Range:  [16384 - 1090519033) (1090502649)
Protection zone: [0x00003fe000000000 - 0x00003fe000004000), (16384 bytes)


Internal statistics:

num_allocs_failed_limit: 9.
num_arena_births: 3712.
num_arena_deaths: 132.
num_vsnodes_births: 4.
num_vsnodes_deaths: 0.
num_space_committed: 2393.
num_space_uncommitted: 0.
num_chunks_returned_to_freelist: 197.
num_chunks_taken_from_freelist: 9101.
num_chunk_merges: 64.
num_chunk_splits: 6330.
num_chunks_enlarged: 4535.
num_inconsistent_stats: 0.

CodeHeap 'non-profiled nmethods': size=120048Kb used=11477Kb max_used=11477Kb free=108570Kb
 bounds [0x000000011c3c0000, 0x000000011cf00000, 0x00000001238fc000]
CodeHeap 'profiled nmethods': size=120016Kb used=37594Kb max_used=37594Kb free=82421Kb
 bounds [0x00000001148fc000, 0x0000000116dcc000, 0x000000011be30000]
CodeHeap 'non-nmethods': size=5696Kb used=2120Kb max_used=2303Kb free=3575Kb
 bounds [0x000000011be30000, 0x000000011c0a0000, 0x000000011c3c0000]
CodeCache: size=245760Kb, used=51191Kb, max_used=51374Kb, free=194566Kb
 total_blobs=26820, nmethods=25380, adapters=1319, full_count=0
Compilation: enabled, stopped_count=0, restarted_count=0

Compilation events (20 events):
Event: 47.765 Thread 0x000000074688f200 33694       3       io.netty.handler.codec.http2.Http2Flags::ack (7 bytes)
Event: 47.765 Thread 0x000000074688f200 nmethod 33694 0x0000000116dacd88 code [0x0000000116dace80, 0x0000000116dad0d0]
Event: 47.765 Thread 0x000000074688f200 33706       3       org.opensearch.core.common.io.stream.StreamInput::readByteArray (27 bytes)
Event: 47.765 Thread 0x000000074688f200 nmethod 33706 0x0000000116dad108 code [0x0000000116dad200, 0x0000000116dad570]
Event: 47.765 Thread 0x000000074688f200 33681       3       io.netty.util.collection.CharObjectHashMap$EntrySet::<init> (6 bytes)
Event: 47.765 Thread 0x000000074688f200 nmethod 33681 0x0000000116dad588 code [0x0000000116dad680, 0x0000000116dad978]
Event: 47.765 Thread 0x000000074688f200 33682       3       io.netty.util.collection.CharObjectHashMap$1::<init> (10 bytes)
Event: 47.765 Thread 0x000000074688f200 nmethod 33682 0x0000000116dad988 code [0x0000000116dada80, 0x0000000116dadc58]
Event: 47.765 Thread 0x000000074688f200 33704       3       io.netty.buffer.AdvancedLeakAwareByteBuf::readLong (12 bytes)
Event: 47.765 Thread 0x000000074688f200 nmethod 33704 0x0000000116dadc88 code [0x0000000116dadd80, 0x0000000116dae160]
Event: 47.765 Thread 0x000000074688f200 33705       1       io.grpc.netty.AbstractNettyHandler$FlowControlPinger::payload (4 bytes)
Event: 47.765 Thread 0x000000074688f200 nmethod 33705 0x000000011ceebd08 code [0x000000011ceebe00, 0x000000011ceebee0]
Event: 47.770 Thread 0x000000074688f200 33713       3       io.netty.buffer.AbstractByteBuf::readLong (28 bytes)
Event: 47.770 Thread 0x000000074688f200 nmethod 33713 0x0000000116dae188 code [0x0000000116dae280, 0x0000000116dae4f0]
Event: 47.770 Thread 0x000000074688f200 33714       3       io.netty.buffer.UnpooledSlicedByteBuf::_getLong (13 bytes)
Event: 47.770 Thread 0x000000074688f200 nmethod 33714 0x0000000116dae508 code [0x0000000116dae600, 0x0000000116daea98]
Event: 47.770 Thread 0x000000074688f200 33715       1       io.netty.handler.codec.http2.DefaultHttp2ConnectionDecoder::access$1100 (5 bytes)
Event: 47.770 Thread 0x000000074688f200 nmethod 33715 0x000000011ceebf08 code [0x000000011ceec000, 0x000000011ceec0a8]
Event: 47.770 Thread 0x000000074688f200 33716       3       io.netty.handler.codec.http2.Http2Settings::<init> (7 bytes)
Event: 47.770 Thread 0x000000074688f200 nmethod 33716 0x0000000116daeac8 code [0x0000000116daebc0, 0x0000000116daee00]

GC Heap Usage History (20 events):
Event: 39.890 {heap Before GC invocations=124 (full 0):
 garbage-first heap   total reserved 8388608K, committed 757760K, used 670343K [0x0000000c0b800000, 0x0000000e0b800000)
  region size 4096K, 56 young (229376K), 8 survivors (32768K)
}
Event: 39.904 {heap After GC invocations=125 (full 0):
 garbage-first heap   total reserved 8388608K, committed 757760K, used 496263K [0x0000000c0b800000, 0x0000000e0b800000)
  region size 4096K, 5 young (20480K), 5 survivors (20480K)
}
Event: 40.450 {heap Before GC invocations=126 (full 0):
 garbage-first heap   total reserved 8388608K, committed 794624K, used 660103K [0x0000000c0b800000, 0x0000000e0b800000)
  region size 4096K, 50 young (204800K), 5 survivors (20480K)
}
Event: 40.460 {heap After GC invocations=127 (full 0):
 garbage-first heap   total reserved 8388608K, committed 794624K, used 501827K [0x0000000c0b800000, 0x0000000e0b800000)
  region size 4096K, 6 young (24576K), 6 survivors (24576K)
}
Event: 41.094 {heap Before GC invocations=127 (full 0):
 garbage-first heap   total reserved 8388608K, committed 794624K, used 710723K [0x0000000c0b800000, 0x0000000e0b800000)
  region size 4096K, 58 young (237568K), 6 survivors (24576K)
}
Event: 41.112 {heap After GC invocations=128 (full 0):
 garbage-first heap   total reserved 8388608K, committed 954368K, used 502319K [0x0000000c0b800000, 0x0000000e0b800000)
  region size 4096K, 6 young (24576K), 6 survivors (24576K)
}
Event: 41.600 {heap Before GC invocations=128 (full 0):
 garbage-first heap   total reserved 8388608K, committed 954368K, used 682543K [0x0000000c0b800000, 0x0000000e0b800000)
  region size 4096K, 52 young (212992K), 6 survivors (24576K)
}
Event: 41.611 {heap After GC invocations=129 (full 0):
 garbage-first heap   total reserved 8388608K, committed 954368K, used 517772K [0x0000000c0b800000, 0x0000000e0b800000)
  region size 4096K, 10 young (40960K), 10 survivors (40960K)
}
Event: 42.762 {heap Before GC invocations=130 (full 0):
 garbage-first heap   total reserved 8388608K, committed 954368K, used 829068K [0x0000000c0b800000, 0x0000000e0b800000)
  region size 4096K, 83 young (339968K), 10 survivors (40960K)
}
Event: 42.785 {heap After GC invocations=131 (full 0):
 garbage-first heap   total reserved 8388608K, committed 954368K, used 568188K [0x0000000c0b800000, 0x0000000e0b800000)
  region size 4096K, 11 young (45056K), 11 survivors (45056K)
}
Event: 43.628 {heap Before GC invocations=131 (full 0):
 garbage-first heap   total reserved 8388608K, committed 954368K, used 850812K [0x0000000c0b800000, 0x0000000e0b800000)
  region size 4096K, 77 young (315392K), 11 survivors (45056K)
}
Event: 43.684 {heap After GC invocations=132 (full 0):
 garbage-first heap   total reserved 8388608K, committed 958464K, used 600309K [0x0000000c0b800000, 0x0000000e0b800000)
  region size 4096K, 10 young (40960K), 10 survivors (40960K)
}
Event: 44.402 {heap Before GC invocations=132 (full 0):
 garbage-first heap   total reserved 8388608K, committed 958464K, used 850165K [0x0000000c0b800000, 0x0000000e0b800000)
  region size 4096K, 71 young (290816K), 10 survivors (40960K)
}
Event: 44.418 {heap After GC invocations=133 (full 0):
 garbage-first heap   total reserved 8388608K, committed 958464K, used 630854K [0x0000000c0b800000, 0x0000000e0b800000)
  region size 4096K, 9 young (36864K), 9 survivors (36864K)
}
Event: 45.292 {heap Before GC invocations=134 (full 0):
 garbage-first heap   total reserved 8388608K, committed 991232K, used 815174K [0x0000000c0b800000, 0x0000000e0b800000)
  region size 4096K, 65 young (266240K), 9 survivors (36864K)
}
Event: 45.302 {heap After GC invocations=135 (full 0):
 garbage-first heap   total reserved 8388608K, committed 991232K, used 608828K [0x0000000c0b800000, 0x0000000e0b800000)
  region size 4096K, 6 young (24576K), 6 survivors (24576K)
}
Event: 46.650 {heap Before GC invocations=135 (full 0):
 garbage-first heap   total reserved 8388608K, committed 991232K, used 887356K [0x0000000c0b800000, 0x0000000e0b800000)
  region size 4096K, 73 young (299008K), 6 survivors (24576K)
}
Event: 46.671 {heap After GC invocations=136 (full 0):
 garbage-first heap   total reserved 8388608K, committed 991232K, used 609633K [0x0000000c0b800000, 0x0000000e0b800000)
  region size 4096K, 10 young (40960K), 10 survivors (40960K)
}
Event: 46.938 {heap Before GC invocations=136 (full 0):
 garbage-first heap   total reserved 8388608K, committed 991232K, used 679265K [0x0000000c0b800000, 0x0000000e0b800000)
  region size 4096K, 28 young (114688K), 10 survivors (40960K)
}
Event: 46.952 {heap After GC invocations=137 (full 0):
 garbage-first heap   total reserved 8388608K, committed 991232K, used 625892K [0x0000000c0b800000, 0x0000000e0b800000)
  region size 4096K, 4 young (16384K), 4 survivors (16384K)
}

Metaspace Usage History (20 events):
Event: 39.890 {metaspace Before GC invocations=124 (full 0):
 Metaspace       used 149934K, committed 151936K, reserved 1245184K
  class space    used 16312K, committed 17216K, reserved 1048576K
}
Event: 39.904 {metaspace After GC invocations=125 (full 0):
 Metaspace       used 149934K, committed 151936K, reserved 1245184K
  class space    used 16312K, committed 17216K, reserved 1048576K
}
Event: 40.450 {metaspace Before GC invocations=126 (full 0):
 Metaspace       used 149987K, committed 152000K, reserved 1245184K
  class space    used 16312K, committed 17216K, reserved 1048576K
}
Event: 40.460 {metaspace After GC invocations=127 (full 0):
 Metaspace       used 149987K, committed 152000K, reserved 1245184K
  class space    used 16312K, committed 17216K, reserved 1048576K
}
Event: 41.094 {metaspace Before GC invocations=127 (full 0):
 Metaspace       used 150087K, committed 152128K, reserved 1245184K
  class space    used 16312K, committed 17216K, reserved 1048576K
}
Event: 41.112 {metaspace After GC invocations=128 (full 0):
 Metaspace       used 150087K, committed 152128K, reserved 1245184K
  class space    used 16312K, committed 17216K, reserved 1048576K
}
Event: 41.600 {metaspace Before GC invocations=128 (full 0):
 Metaspace       used 150156K, committed 152192K, reserved 1245184K
  class space    used 16312K, committed 17216K, reserved 1048576K
}
Event: 41.611 {metaspace After GC invocations=129 (full 0):
 Metaspace       used 150156K, committed 152192K, reserved 1245184K
  class space    used 16312K, committed 17216K, reserved 1048576K
}
Event: 42.762 {metaspace Before GC invocations=130 (full 0):
 Metaspace       used 150237K, committed 152256K, reserved 1245184K
  class space    used 16314K, committed 17216K, reserved 1048576K
}
Event: 42.785 {metaspace After GC invocations=131 (full 0):
 Metaspace       used 150237K, committed 152256K, reserved 1245184K
  class space    used 16314K, committed 17216K, reserved 1048576K
}
Event: 43.628 {metaspace Before GC invocations=131 (full 0):
 Metaspace       used 150372K, committed 152448K, reserved 1245184K
  class space    used 16315K, committed 17216K, reserved 1048576K
}
Event: 43.684 {metaspace After GC invocations=132 (full 0):
 Metaspace       used 150372K, committed 152448K, reserved 1245184K
  class space    used 16315K, committed 17216K, reserved 1048576K
}
Event: 44.402 {metaspace Before GC invocations=132 (full 0):
 Metaspace       used 150542K, committed 152576K, reserved 1245184K
  class space    used 16315K, committed 17216K, reserved 1048576K
}
Event: 44.418 {metaspace After GC invocations=133 (full 0):
 Metaspace       used 150542K, committed 152576K, reserved 1245184K
  class space    used 16315K, committed 17216K, reserved 1048576K
}
Event: 45.292 {metaspace Before GC invocations=134 (full 0):
 Metaspace       used 150776K, committed 152768K, reserved 1245184K
  class space    used 16316K, committed 17216K, reserved 1048576K
}
Event: 45.302 {metaspace After GC invocations=135 (full 0):
 Metaspace       used 150776K, committed 152768K, reserved 1245184K
  class space    used 16316K, committed 17216K, reserved 1048576K
}
Event: 46.650 {metaspace Before GC invocations=135 (full 0):
 Metaspace       used 150834K, committed 152832K, reserved 1245184K
  class space    used 16317K, committed 17216K, reserved 1048576K
}
Event: 46.671 {metaspace After GC invocations=136 (full 0):
 Metaspace       used 150834K, committed 152832K, reserved 1245184K
  class space    used 16317K, committed 17216K, reserved 1048576K
}
Event: 46.938 {metaspace Before GC invocations=136 (full 0):
 Metaspace       used 150881K, committed 152896K, reserved 1245184K
  class space    used 16317K, committed 17216K, reserved 1048576K
}
Event: 46.952 {metaspace After GC invocations=137 (full 0):
 Metaspace       used 150881K, committed 152896K, reserved 1245184K
  class space    used 16317K, committed 17216K, reserved 1048576K
}

Dll operation events (15 events):
Event: 0.010 Loaded shared library /Users/handalm/.sdkman/candidates/java/25-tem/lib/libjava.dylib
Event: 0.012 Loaded shared library /Users/handalm/.sdkman/candidates/java/25-tem/lib/libzip.dylib
Event: 0.050 Loaded shared library /Users/handalm/.sdkman/candidates/java/25-tem/lib/libinstrument.dylib
Event: 0.057 Loaded shared library /Users/handalm/.sdkman/candidates/java/25-tem/lib/libnio.dylib
Event: 0.058 Loaded shared library /Users/handalm/.sdkman/candidates/java/25-tem/lib/libnet.dylib
Event: 0.062 Loaded shared library /Users/handalm/.sdkman/candidates/java/25-tem/lib/libverify.dylib
Event: 0.082 Loaded shared library /Users/handalm/.sdkman/candidates/java/25-tem/lib/libzip.dylib
Event: 0.164 Loaded shared library /Users/handalm/.sdkman/candidates/java/25-tem/lib/libjimage.dylib
Event: 0.197 Loaded shared library /Users/handalm/.sdkman/candidates/java/25-tem/lib/libmanagement.dylib
Event: 0.206 Loaded shared library /Users/handalm/.sdkman/candidates/java/25-tem/lib/libmanagement_ext.dylib
Event: 0.501 Loaded shared library /Users/handalm/.sdkman/candidates/java/25-tem/lib/libextnet.dylib
Event: 1.513 Loaded shared library /Users/handalm/Library/Caches/JNA/temp/jna12428089152687370065.tmp
Event: 3.721 Loaded shared library /Users/handalm/.sdkman/candidates/java/25-tem/lib/libsyslookup.dylib
Event: 6.609 Loaded shared library /Users/handalm/.cargo-target-shared/debug/libopensearch_native.dylib
Event: 11.524 Loaded shared library /private/var/folders/l0/l_bx7s_s1vx2ty5bjkwlrxt80000gr/T/jnilib-14463248132914513869.tmp

Deoptimization events (20 events):
Event: 42.849 Thread 0x000000074f955000 DEOPT PACKING pc=0x000000011cde1eec sp=0x000000017015cbe0
Event: 42.849 Thread 0x000000074f955000 DEOPT UNPACKING pc=0x000000011bf42f9c sp=0x000000017015ca30 mode 2
Event: 43.381 Thread 0x0000000753068000 Uncommon trap: trap_request=0xffffff45 fr.pc=0x000000011ca595ec relative=0x00000000000000ec
Event: 43.381 Thread 0x0000000753068000 Uncommon trap: reason=unstable_if action=reinterpret pc=0x000000011ca595ec method=io.netty.util.internal.RefCnt$UnsafeRefCnt.release0(Lio/netty/util/internal/RefCnt;I)Z @ 48 c2
Event: 43.381 Thread 0x0000000753068000 DEOPT PACKING pc=0x000000011ca595ec sp=0x000000017e69d210
Event: 43.381 Thread 0x0000000753068000 DEOPT UNPACKING pc=0x000000011bf42f9c sp=0x000000017e69d030 mode 2
Event: 44.291 Thread 0x000000074f955000 DEOPT PACKING pc=0x0000000115c6f2a4 sp=0x000000017015c9b0
Event: 44.291 Thread 0x000000074f955000 DEOPT UNPACKING pc=0x000000011be6d0bc sp=0x000000017015c730 mode 0
Event: 46.287 Thread 0x00000007515b3800 DEOPT PACKING pc=0x0000000116669128 sp=0x000000017015c850
Event: 46.287 Thread 0x00000007515b3800 DEOPT UNPACKING pc=0x000000011be6d0bc sp=0x000000017015c530 mode 0
Event: 46.293 Thread 0x00000007515b3800 DEOPT PACKING pc=0x000000011683ef68 sp=0x000000017015ce40
Event: 46.293 Thread 0x00000007515b3800 DEOPT UNPACKING pc=0x000000011be6d0bc sp=0x000000017015cb20 mode 0
Event: 46.589 Thread 0x0000000750708800 DEOPT PACKING pc=0x0000000115eeea38 sp=0x0000000177c2d4b0
Event: 46.589 Thread 0x0000000750708800 DEOPT UNPACKING pc=0x000000011be6d0bc sp=0x0000000177c2d200 mode 0
Event: 46.917 Thread 0x00000007531b7000 DEOPT PACKING pc=0x0000000115bb173c sp=0x000000017d01a260
Event: 46.917 Thread 0x00000007531b7000 DEOPT UNPACKING pc=0x000000011be6d0bc sp=0x000000017d019ec0 mode 0
Event: 47.171 Thread 0x00000007515b3800 Uncommon trap: trap_request=0xffffff66 fr.pc=0x000000011cec8230 relative=0x0000000000000130
Event: 47.171 Thread 0x00000007515b3800 Uncommon trap: reason=loop_limit_check action=maybe_recompile pc=0x000000011cec8230 method=java.util.BitSet.hashCode()I @ 13 c2
Event: 47.171 Thread 0x00000007515b3800 DEOPT PACKING pc=0x000000011cec8230 sp=0x000000017015b420
Event: 47.171 Thread 0x00000007515b3800 DEOPT UNPACKING pc=0x000000011bf42f9c sp=0x000000017015b380 mode 2

Classes loaded (20 events):
Event: 47.233 Loading class io/grpc/census/InternalCensusTracingAccessor
Event: 47.233 Loading class io/grpc/census/InternalCensusTracingAccessor done
Event: 47.460 Loading class io/grpc/census/InternalCensusTracingAccessor
Event: 47.460 Loading class io/grpc/census/InternalCensusTracingAccessor done
Event: 47.460 Loading class io/grpc/census/InternalCensusTracingAccessor
Event: 47.460 Loading class io/grpc/census/InternalCensusTracingAccessor done
Event: 47.461 Loading class io/grpc/census/InternalCensusTracingAccessor
Event: 47.461 Loading class io/grpc/census/InternalCensusTracingAccessor done
Event: 47.461 Loading class io/grpc/census/InternalCensusTracingAccessor
Event: 47.461 Loading class io/grpc/census/InternalCensusTracingAccessor done
Event: 47.461 Loading class io/grpc/census/InternalCensusTracingAccessor
Event: 47.461 Loading class io/grpc/census/InternalCensusTracingAccessor done
Event: 47.461 Loading class io/grpc/census/InternalCensusTracingAccessor
Event: 47.461 Loading class io/grpc/census/InternalCensusTracingAccessor done
Event: 47.461 Loading class io/grpc/census/InternalCensusTracingAccessor
Event: 47.461 Loading class io/grpc/census/InternalCensusTracingAccessor done
Event: 47.462 Loading class io/grpc/census/InternalCensusTracingAccessor
Event: 47.462 Loading class io/grpc/census/InternalCensusTracingAccessor done
Event: 47.462 Loading class io/grpc/census/InternalCensusTracingAccessor
Event: 47.462 Loading class io/grpc/census/InternalCensusTracingAccessor done

Classes unloaded (20 events):
Event: 11.964 Thread 0x00000007468ee800 Unloading class 0x00003fe001b89400 'java/lang/invoke/LambdaForm$DMH+0x00003fe001b89400'
Event: 11.964 Thread 0x00000007468ee800 Unloading class 0x00003fe001b88800 'java/lang/invoke/LambdaForm$DMH+0x00003fe001b88800'
Event: 11.964 Thread 0x00000007468ee800 Unloading class 0x00003fe001b88400 'java/lang/invoke/LambdaForm$DMH+0x00003fe001b88400'
Event: 11.964 Thread 0x00000007468ee800 Unloading class 0x00003fe001b73c00 'java/lang/invoke/LambdaForm$MH+0x00003fe001b73c00'
Event: 11.964 Thread 0x00000007468ee800 Unloading class 0x00003fe001b73800 'java/lang/invoke/LambdaForm$DMH+0x00003fe001b73800'
Event: 11.964 Thread 0x00000007468ee800 Unloading class 0x00003fe001b73400 'java/lang/invoke/LambdaForm$MH+0x00003fe001b73400'
Event: 11.964 Thread 0x00000007468ee800 Unloading class 0x00003fe001b73000 'java/lang/invoke/LambdaForm$MH+0x00003fe001b73000'
Event: 11.964 Thread 0x00000007468ee800 Unloading class 0x00003fe001b72c00 'java/lang/invoke/LambdaForm$MH+0x00003fe001b72c00'
Event: 11.964 Thread 0x00000007468ee800 Unloading class 0x00003fe001b72800 'java/lang/invoke/LambdaForm$MH+0x00003fe001b72800'
Event: 11.964 Thread 0x00000007468ee800 Unloading class 0x00003fe001b72000 'java/lang/invoke/LambdaForm$DMH+0x00003fe001b72000'
Event: 11.964 Thread 0x00000007468ee800 Unloading class 0x00003fe001b71400 'java/lang/invoke/LambdaForm$DMH+0x00003fe001b71400'
Event: 11.964 Thread 0x00000007468ee800 Unloading class 0x00003fe001b71000 'java/lang/invoke/LambdaForm$DMH+0x00003fe001b71000'
Event: 11.964 Thread 0x00000007468ee800 Unloading class 0x00003fe001b70c00 'java/lang/invoke/LambdaForm$DMH+0x00003fe001b70c00'
Event: 11.964 Thread 0x00000007468ee800 Unloading class 0x00003fe001b70800 'java/lang/invoke/LambdaForm$DMH+0x00003fe001b70800'
Event: 11.964 Thread 0x00000007468ee800 Unloading class 0x00003fe001b70400 'java/lang/invoke/LambdaForm$DMH+0x00003fe001b70400'
Event: 21.508 Thread 0x00000007468ee800 Unloading class 0x00003fe0020c9000 'java/lang/String$$StringConcat+0x00003fe0020c9000'
Event: 21.508 Thread 0x00000007468ee800 Unloading class 0x00003fe0020c7000 'java/lang/invoke/LambdaForm$DMH+0x00003fe0020c7000'
Event: 21.508 Thread 0x00000007468ee800 Unloading class 0x00003fe0020c6800 'java/lang/invoke/LambdaForm$BMH+0x00003fe0020c6800'
Event: 21.508 Thread 0x00000007468ee800 Unloading class 0x00003fe0020c5800 'java/lang/String$$StringConcat+0x00003fe0020c5800'
Event: 21.508 Thread 0x00000007468ee800 Unloading class 0x00003fe0020c5400 'java/lang/invoke/LambdaForm$DMH+0x00003fe0020c5400'

Classes redefined (15 events):
Event: 0.069 Thread 0x00000007468ee800 redefined class name=java.lang.Throwable, count=1
Event: 0.652 Thread 0x00000007468ee800 redefined class name=javax.security.auth.Subject, count=1
Event: 0.652 Thread 0x00000007468ee800 redefined class name=java.net.Socket, count=1
Event: 0.652 Thread 0x00000007468ee800 redefined class name=sun.nio.ch.SocketChannelImpl, count=1
Event: 0.652 Thread 0x00000007468ee800 redefined class name=java.nio.channels.SocketChannel, count=1
Event: 0.652 Thread 0x00000007468ee800 redefined class name=sun.nio.ch.FileChannelImpl, count=1
Event: 0.652 Thread 0x00000007468ee800 redefined class name=java.nio.channels.FileChannel, count=1
Event: 0.652 Thread 0x00000007468ee800 redefined class name=java.nio.file.Files, count=1
Event: 0.652 Thread 0x00000007468ee800 redefined class name=sun.nio.fs.MacOSXFileSystemProvider, count=1
Event: 0.652 Thread 0x00000007468ee800 redefined class name=sun.nio.fs.BsdFileSystemProvider, count=1
Event: 0.652 Thread 0x00000007468ee800 redefined class name=sun.nio.fs.UnixFileSystemProvider, count=1
Event: 0.652 Thread 0x00000007468ee800 redefined class name=sun.nio.fs.AbstractFileSystemProvider, count=1
Event: 0.652 Thread 0x00000007468ee800 redefined class name=java.nio.file.spi.FileSystemProvider, count=1
Event: 0.652 Thread 0x00000007468ee800 redefined class name=java.lang.Runtime, count=1
Event: 0.652 Thread 0x00000007468ee800 redefined class name=java.lang.System, count=1

Internal exceptions (20 events):
Event: 47.631 Thread 0x0000000750c91000 Exception <a 'sun/nio/fs/UnixException'{0x0000000c3d5492a8}> (0x0000000c3d5492a8) 
thrown [src/hotspot/share/prims/jni.cpp, line 516]
Event: 47.632 Thread 0x0000000750c91000 Exception <a 'sun/nio/fs/UnixException'{0x0000000c3d55cbb0}> (0x0000000c3d55cbb0) 
thrown [src/hotspot/share/prims/jni.cpp, line 516]
Event: 47.643 Thread 0x000000074eff5800 Exception <a 'sun/nio/fs/UnixException'{0x0000000c3d7b2d30}> (0x0000000c3d7b2d30) 
thrown [src/hotspot/share/prims/jni.cpp, line 516]
Event: 47.643 Thread 0x000000074d32e800 Exception <a 'sun/nio/fs/UnixException'{0x0000000c3d7bd510}> (0x0000000c3d7bd510) 
thrown [src/hotspot/share/prims/jni.cpp, line 516]
Event: 47.655 Thread 0x0000000750c91000 Exception <a 'sun/nio/fs/UnixException'{0x0000000c3cc43538}> (0x0000000c3cc43538) 
thrown [src/hotspot/share/prims/jni.cpp, line 516]
Event: 47.678 Thread 0x000000074a152000 Exception <a 'sun/nio/fs/UnixException'{0x0000000c3ca9ae70}> (0x0000000c3ca9ae70) 
thrown [src/hotspot/share/prims/jni.cpp, line 516]
Event: 47.678 Thread 0x000000074a152800 Exception <a 'sun/nio/fs/UnixException'{0x0000000c3cab5510}> (0x0000000c3cab5510) 
thrown [src/hotspot/share/prims/jni.cpp, line 516]
Event: 47.680 Thread 0x00000007531b4000 Exception <a 'sun/nio/fs/UnixException'{0x0000000c3e084758}> (0x0000000c3e084758) 
thrown [src/hotspot/share/prims/jni.cpp, line 516]
Event: 47.681 Thread 0x000000074a152000 Exception <a 'sun/nio/fs/UnixException'{0x0000000c3cbc2c48}> (0x0000000c3cbc2c48) 
thrown [src/hotspot/share/prims/jni.cpp, line 516]
Event: 47.681 Thread 0x000000074a152800 Exception <a 'sun/nio/fs/UnixException'{0x0000000c3cbdd2d8}> (0x0000000c3cbdd2d8) 
thrown [src/hotspot/share/prims/jni.cpp, line 516]
Event: 47.682 Thread 0x00000007531b4000 Exception <a 'sun/nio/fs/UnixException'{0x0000000c3c45bd08}> (0x0000000c3c45bd08) 
thrown [src/hotspot/share/prims/jni.cpp, line 516]
Event: 47.709 Thread 0x000000074a152800 Exception <a 'sun/nio/fs/UnixException'{0x0000000c3bcd8130}> (0x0000000c3bcd8130) 
thrown [src/hotspot/share/prims/jni.cpp, line 516]
Event: 47.709 Thread 0x000000074a152000 Exception <a 'sun/nio/fs/UnixException'{0x0000000c3bcf2760}> (0x0000000c3bcf2760) 
thrown [src/hotspot/share/prims/jni.cpp, line 516]
Event: 47.710 Thread 0x00000007531b4000 Exception <a 'sun/nio/fs/UnixException'{0x0000000c3c4e0678}> (0x0000000c3c4e0678) 
thrown [src/hotspot/share/prims/jni.cpp, line 516]
Event: 47.711 Thread 0x000000074a152000 Exception <a 'sun/nio/fs/UnixException'{0x0000000c3bd954e0}> (0x0000000c3bd954e0) 
thrown [src/hotspot/share/prims/jni.cpp, line 516]
Event: 47.712 Thread 0x000000074a152800 Exception <a 'sun/nio/fs/UnixException'{0x0000000c3bdafba0}> (0x0000000c3bdafba0) 
thrown [src/hotspot/share/prims/jni.cpp, line 516]
Event: 47.712 Thread 0x00000007531b4000 Exception <a 'sun/nio/fs/UnixException'{0x0000000c3bdd13f0}> (0x0000000c3bdd13f0) 
thrown [src/hotspot/share/prims/jni.cpp, line 516]
Event: 47.750 Thread 0x000000074bf65800 Exception <a 'sun/nio/fs/UnixException'{0x0000000c3bae5bd8}> (0x0000000c3bae5bd8) 
thrown [src/hotspot/share/prims/jni.cpp, line 516]
Event: 47.750 Thread 0x000000074d116000 Exception <a 'sun/nio/fs/UnixException'{0x0000000c3bb002c8}> (0x0000000c3bb002c8) 
thrown [src/hotspot/share/prims/jni.cpp, line 516]
Event: 47.750 Thread 0x0000000750c9a000 Exception <a 'sun/nio/fs/UnixException'{0x0000000c3bb1ae80}> (0x0000000c3bb1ae80) 
thrown [src/hotspot/share/prims/jni.cpp, line 516]

VM Operations (20 events):
Event: 42.762 Executing safepoint VM operation: G1CollectForAllocation (G1 Evacuation Pause)
Event: 42.786 Executing safepoint VM operation: G1CollectForAllocation (G1 Evacuation Pause) done
Event: 43.628 Executing safepoint VM operation: G1CollectForAllocation (G1 Evacuation Pause)
Event: 43.684 Executing safepoint VM operation: G1CollectForAllocation (G1 Evacuation Pause) done
Event: 44.402 Executing safepoint VM operation: G1CollectForAllocation (G1 Evacuation Pause)
Event: 44.418 Executing safepoint VM operation: G1CollectForAllocation (G1 Evacuation Pause) done
Event: 44.558 Executing safepoint VM operation: G1PauseRemark
Event: 44.566 Executing safepoint VM operation: G1PauseRemark done
Event: 44.624 Executing safepoint VM operation: G1PauseCleanup
Event: 44.624 Executing safepoint VM operation: G1PauseCleanup done
Event: 45.292 Executing safepoint VM operation: G1CollectForAllocation (G1 Evacuation Pause)
Event: 45.303 Executing safepoint VM operation: G1CollectForAllocation (G1 Evacuation Pause) done
Event: 46.650 Executing safepoint VM operation: G1CollectForAllocation (G1 Evacuation Pause)
Event: 46.671 Executing safepoint VM operation: G1CollectForAllocation (G1 Evacuation Pause) done
Event: 46.938 Executing safepoint VM operation: G1TryInitiateConcMark (G1 Humongous Allocation)
Event: 46.952 Executing safepoint VM operation: G1TryInitiateConcMark (G1 Humongous Allocation) done
Event: 47.104 Executing safepoint VM operation: G1PauseRemark
Event: 47.111 Executing safepoint VM operation: G1PauseRemark done
Event: 47.175 Executing safepoint VM operation: G1PauseCleanup
Event: 47.175 Executing safepoint VM operation: G1PauseCleanup done

Memory protections (20 events):
Event: 47.760 Protecting memory [0x000000017e8b4000,0x000000017e8c0000] with protection modes 0
Event: 47.760 Protecting memory [0x000000017eac0000,0x000000017eacc000] with protection modes 0
Event: 47.761 Protecting memory [0x000000017eccc000,0x000000017ecd8000] with protection modes 0
Event: 47.761 Protecting memory [0x000000017eed8000,0x000000017eee4000] with protection modes 0
Event: 47.762 Protecting memory [0x000000017f0e4000,0x000000017f0f0000] with protection modes 0
Event: 47.762 Protecting memory [0x000000017f2f0000,0x000000017f2fc000] with protection modes 0
Event: 47.763 Protecting memory [0x000000017f4fc000,0x000000017f508000] with protection modes 0
Event: 47.763 Protecting memory [0x000000017f708000,0x000000017f714000] with protection modes 0
Event: 47.763 Protecting memory [0x000000017f914000,0x000000017f920000] with protection modes 0
Event: 47.763 Protecting memory [0x000000017fb20000,0x000000017fb2c000] with protection modes 0
Event: 47.764 Protecting memory [0x000000017fd2c000,0x000000017fd38000] with protection modes 0
Event: 47.764 Protecting memory [0x0000000300004000,0x0000000300010000] with protection modes 0
Event: 47.764 Protecting memory [0x0000000300210000,0x000000030021c000] with protection modes 0
Event: 47.764 Protecting memory [0x000000030041c000,0x0000000300428000] with protection modes 0
Event: 47.764 Protecting memory [0x0000000300628000,0x0000000300634000] with protection modes 0
Event: 47.765 Protecting memory [0x0000000300834000,0x0000000300840000] with protection modes 0
Event: 47.767 Protecting memory [0x0000000300c4c000,0x0000000300c58000] with protection modes 0
Event: 47.769 Protecting memory [0x0000000300e58000,0x0000000300e64000] with protection modes 0
Event: 47.770 Protecting memory [0x0000000301064000,0x0000000301070000] with protection modes 0
Event: 47.770 Protecting memory [0x0000000301270000,0x000000030127c000] with protection modes 0

Nmethod flushes (20 events):
Event: 47.110 Thread 0x00000007468ee800 flushing  nmethod 0x0000000115eadc88
Event: 47.110 Thread 0x00000007468ee800 flushing  nmethod 0x0000000115ed1fc8
Event: 47.110 Thread 0x00000007468ee800 flushing  nmethod 0x0000000115efd0c8
Event: 47.110 Thread 0x00000007468ee800 flushing  nmethod 0x0000000115efd308
Event: 47.110 Thread 0x00000007468ee800 flushing  nmethod 0x0000000115efe008
Event: 47.110 Thread 0x00000007468ee800 flushing  nmethod 0x0000000115fda308
Event: 47.110 Thread 0x00000007468ee800 flushing  nmethod 0x0000000115fda748
Event: 47.110 Thread 0x00000007468ee800 flushing  nmethod 0x0000000115fdb588
Event: 47.110 Thread 0x00000007468ee800 flushing  nmethod 0x0000000115fdb908
Event: 47.110 Thread 0x00000007468ee800 flushing  nmethod 0x0000000115fdc548
Event: 47.110 Thread 0x00000007468ee800 flushing  nmethod 0x0000000115fdca48
Event: 47.110 Thread 0x00000007468ee800 flushing  nmethod 0x00000001160d0288
Event: 47.110 Thread 0x00000007468ee800 flushing  nmethod 0x00000001160d2c48
Event: 47.110 Thread 0x00000007468ee800 flushing  nmethod 0x00000001163eaf48
Event: 47.110 Thread 0x00000007468ee800 flushing  nmethod 0x00000001163ec8c8
Event: 47.110 Thread 0x00000007468ee800 flushing  nmethod 0x00000001163f4708
Event: 47.110 Thread 0x00000007468ee800 flushing  nmethod 0x000000011665b4c8
Event: 47.110 Thread 0x00000007468ee800 flushing  nmethod 0x00000001166ef308
Event: 47.110 Thread 0x00000007468ee800 flushing  nmethod 0x00000001169fcc48
Event: 47.110 Thread 0x00000007468ee800 flushing  nmethod 0x0000000116b45248

Events (20 events):
Event: 47.760 Thread 0x000000074a1a3000 Thread added: 0x00000007517fc000
Event: 47.760 Thread 0x00000007514e6000 Thread added: 0x00000007517fc800
Event: 47.761 Thread 0x000000074d0dc800 Thread added: 0x00000007517fd000
Event: 47.761 Thread 0x0000000750c94000 Thread added: 0x00000007517fd800
Event: 47.761 Thread 0x0000000750c95800 Thread added: 0x00000007517fe000
Event: 47.762 Thread 0x00000007517fc000 Thread added: 0x00000007517fe800
Event: 47.763 Thread 0x000000075306b800 Thread added: 0x00000007517ff000
Event: 47.763 Thread 0x00000007517fd800 Thread added: 0x00000007517ff800
Event: 47.763 Thread 0x00000007517fd000 Thread added: 0x000000074a358000
Event: 47.763 Thread 0x00000007517fe000 Thread added: 0x000000074a358800
Event: 47.764 Thread 0x000000074a358000 Thread added: 0x000000074a359000
Event: 47.764 Thread 0x00000007517ff800 Thread added: 0x000000074a359800
Event: 47.764 Thread 0x000000074a358800 Thread added: 0x000000074a35a000
Event: 47.764 Thread 0x000000074a359000 Thread added: 0x000000074a35a800
Event: 47.764 Thread 0x000000074a359800 Thread added: 0x000000074a35b000
Event: 47.764 Thread 0x000000074a35a000 Thread added: 0x000000074a35b800
Event: 47.767 Thread 0x00000007517fc800 Thread added: 0x000000074a35c000
Event: 47.768 Thread 0x00000007514e6000 Thread added: 0x000000074a35c800
Event: 47.770 Thread 0x00000007514e6000 Thread added: 0x000000074a35d000
Event: 47.770 Thread 0x000000074a1a3000 Thread added: 0x000000074a35d800


Dynamic libraries:
0x0000000104e50000 	/Users/handalm/.sdkman/candidates/java/25-tem/lib/libjli.dylib
0x00000001a1782000 	/System/Library/Frameworks/ApplicationServices.framework/Versions/A/ApplicationServices
0x000000018b9a3000 	/System/Library/Frameworks/CoreGraphics.framework/Versions/A/CoreGraphics
0x0000000187b2d000 	/System/Library/Frameworks/CoreText.framework/Versions/A/CoreText
0x0000000191d34000 	/System/Library/Frameworks/ImageIO.framework/Versions/A/ImageIO
0x000000018c0f8000 	/System/Library/Frameworks/ColorSync.framework/Versions/A/ColorSync
0x0000000198be0000 	/System/Library/Frameworks/ApplicationServices.framework/Versions/A/Frameworks/ATS.framework/Versions/A/ATS
0x000000019d0c2000 	/System/Library/Frameworks/CoreServices.framework/Versions/A/CoreServices
0x000000018c2a0000 	/System/Library/Frameworks/ApplicationServices.framework/Versions/A/Frameworks/HIServices.framework/Versions/A/HIServices
0x00000001972b4000 	/System/Library/Frameworks/ApplicationServices.framework/Versions/A/Frameworks/PrintCore.framework/Versions/A/PrintCore
0x0000000198f92000 	/System/Library/Frameworks/ApplicationServices.framework/Versions/A/Frameworks/QD.framework/Versions/A/QD
0x0000000198f8d000 	/System/Library/Frameworks/ApplicationServices.framework/Versions/A/Frameworks/ColorSyncLegacy.framework/Versions/A/ColorSyncLegacy
0x0000000198bb2000 	/System/Library/Frameworks/ApplicationServices.framework/Versions/A/Frameworks/SpeechSynthesis.framework/Versions/A/SpeechSynthesis
0x0000000194a2e000 	/usr/lib/libSystem.B.dylib
0x000000018b3ee000 	/System/Library/PrivateFrameworks/SkyLight.framework/Versions/A/SkyLight
0x000000018cae2000 	/System/Library/PrivateFrameworks/ProtocolBuffer.framework/Versions/A/ProtocolBuffer
0x0000000194a32000 	/System/Library/PrivateFrameworks/SoftLinking.framework/Versions/A/SoftLinking
0x000000018890a000 	/usr/lib/libicucore.A.dylib
0x000000018e78f000 	/System/Library/PrivateFrameworks/CoreAnalytics.framework/Versions/A/CoreAnalytics
0x000000019170f000 	/System/Library/PrivateFrameworks/FontServices.framework/libFontParser.dylib
0x000000019d341000 	/System/Library/Frameworks/Accelerate.framework/Versions/A/Accelerate
0x0000000191241000 	/System/Library/Frameworks/IOSurface.framework/Versions/A/IOSurface
0x000000018f4d3000 	/usr/lib/libxml2.2.dylib
0x000000018af60000 	/System/Library/Frameworks/CFNetwork.framework/Versions/A/CFNetwork
0x0000000184c4b000 	/System/Library/Frameworks/CoreFoundation.framework/Versions/A/CoreFoundation
0x00000001864b7000 	/System/Library/Frameworks/Foundation.framework/Versions/C/Foundation
0x0000000194978000 	/usr/lib/libz.1.dylib
0x00000001847a8000 	/usr/lib/libobjc.A.dylib
0x0000000184b1b000 	/usr/lib/libc++.1.dylib
0x00000001884ec000 	/System/Library/Frameworks/Security.framework/Versions/A/Security
0x000000023cef3000 	/System/Library/PrivateFrameworks/CollectionsInternal.framework/Versions/A/CollectionsInternal
0x0000000198297000 	/usr/lib/swift/libswiftCore.dylib
0x00000001b1e20000 	/usr/lib/swift/libswiftCoreFoundation.dylib
0x000000019ee22000 	/usr/lib/swift/libswiftDispatch.dylib
0x00000001b1e81000 	/usr/lib/swift/libswiftIOKit.dylib
0x00000001a1df5000 	/usr/lib/swift/libswiftObjectiveC.dylib
0x00000001b1e33000 	/usr/lib/swift/libswiftXPC.dylib
0x0000000288ccd000 	/usr/lib/swift/libswift_Builtin_float.dylib
0x0000000239bca000 	/System/Library/PrivateFrameworks/BiomeLibrary.framework/Versions/A/BiomeLibrary
0x000000018cd89000 	/System/Library/PrivateFrameworks/BaseBoard.framework/Versions/A/BaseBoard
0x000000019f183000 	/System/Library/PrivateFrameworks/BoardServices.framework/Versions/A/BoardServices
0x00000001a104f000 	/System/Library/PrivateFrameworks/BackBoardServices.framework/Versions/A/BackBoardServices
0x0000000239acf000 	/System/Library/PrivateFrameworks/BackBoardHIDEventFoundation.framework/Versions/A/BackBoardHIDEventFoundation
0x000000018f5ba000 	/System/Library/Frameworks/CoreVideo.framework/Versions/A/CoreVideo
0x000000018e7bf000 	/usr/lib/libDiagnosticMessagesClient.dylib
0x0000000187649000 	/System/Library/Frameworks/CoreDisplay.framework/Versions/A/CoreDisplay
0x0000000193c8b000 	/usr/lib/libbsm.0.dylib
0x0000000196c0d000 	/System/Library/Frameworks/VideoToolbox.framework/Versions/A/VideoToolbox
0x0000000194c4e000 	/System/Library/Frameworks/MetalPerformanceShaders.framework/Versions/A/MetalPerformanceShaders
0x000000019393b000 	/System/Library/PrivateFrameworks/IOMobileFramebuffer.framework/Versions/A/IOMobileFramebuffer
0x0000000267731000 	/System/Library/PrivateFrameworks/ProDisplayLibrary.framework/Versions/A/ProDisplayLibrary
0x00000001a4e6e000 	/System/Library/PrivateFrameworks/IOSurfaceAccelerator.framework/Versions/A/IOSurfaceAccelerator
0x000000018ce7b000 	/System/Library/PrivateFrameworks/RunningBoardServices.framework/Versions/A/RunningBoardServices
0x0000000186126000 	/System/Library/Frameworks/SystemConfiguration.framework/Versions/A/SystemConfiguration
0x0000000191269000 	/System/Library/Frameworks/Metal.framework/Versions/A/Metal
0x000000019125e000 	/System/Library/PrivateFrameworks/IOAccelerator.framework/Versions/A/IOAccelerator
0x000000019156d000 	/System/Library/Frameworks/CoreMedia.framework/Versions/A/CoreMedia
0x000000018b3ca000 	/System/Library/PrivateFrameworks/TCC.framework/Versions/A/TCC
0x000000018b332000 	/usr/lib/libMobileGestalt.dylib
0x0000000196bc5000 	/System/Library/PrivateFrameworks/WatchdogClient.framework/Versions/A/WatchdogClient
0x000000018ece9000 	/System/Library/Frameworks/QuartzCore.framework/Versions/A/QuartzCore
0x0000000188f62000 	/System/Library/Frameworks/IOKit.framework/Versions/A/IOKit
0x0000000194c56000 	/usr/lib/libcompression.dylib
0x0000000196bc7000 	/System/Library/PrivateFrameworks/MultitouchSupport.framework/Versions/A/MultitouchSupport
0x00000001c9be6000 	/usr/lib/swift/libswiftAccelerate.dylib
0x00000001b1e00000 	/usr/lib/swift/libswiftCoreAudio.dylib
0x00000001cdd4f000 	/usr/lib/swift/libswiftCoreMedia.dylib
0x00000001bfd6d000 	/usr/lib/swift/libswiftMetal.dylib
0x00000001cf4fd000 	/usr/lib/swift/libswiftOSLog.dylib
0x00000001c514e000 	/usr/lib/swift/libswiftQuartzCore.dylib
0x00000001c9bd6000 	/usr/lib/swift/libswiftUniformTypeIdentifiers.dylib
0x0000000288cb5000 	/usr/lib/swift/libswiftVideoToolbox.dylib
0x00000001a1df9000 	/usr/lib/swift/libswiftos.dylib
0x00000001b595b000 	/usr/lib/swift/libswiftsimd.dylib
0x00000001c0dcb000 	/System/Library/PrivateFrameworks/BiomeStreams.framework/Versions/A/BiomeStreams
0x00000001c70a1000 	/System/Library/PrivateFrameworks/BiomeStorage.framework/Versions/A/BiomeStorage
0x00000001bce4d000 	/System/Library/PrivateFrameworks/BiomeFoundation.framework/Versions/A/BiomeFoundation
0x0000000255dd4000 	/System/Library/PrivateFrameworks/IntelligencePlatformLibrary.framework/Versions/A/IntelligencePlatformLibrary
0x000000018cafe000 	/usr/lib/libsqlite3.dylib
0x00000002664f9000 	/System/Library/PrivateFrameworks/PoirotSchematizer.framework/Versions/A/PoirotSchematizer
0x000000023a478000 	/System/Library/PrivateFrameworks/BiomeSync.framework/Versions/A/BiomeSync
0x0000000239bb0000 	/System/Library/PrivateFrameworks/BiomeDSL.framework/Versions/A/BiomeDSL
0x00000001c7040000 	/System/Library/PrivateFrameworks/BiomePubSub.framework/Versions/A/BiomePubSub
0x00000001b1ce2000 	/System/Library/PrivateFrameworks/LoggingSupport.framework/Versions/A/LoggingSupport
0x00000001a2d60000 	/System/Library/PrivateFrameworks/ProactiveSupport.framework/Versions/A/ProactiveSupport
0x00000001e000e000 	/System/Library/PrivateFrameworks/FeatureFlags.framework/Versions/A/FeatureFlags
0x00000001d7ed8000 	/System/Library/PrivateFrameworks/InternalSwiftProtobuf.framework/Versions/A/InternalSwiftProtobuf
0x0000000266567000 	/System/Library/PrivateFrameworks/PoirotUDFs.framework/Versions/A/PoirotUDFs
0x0000000288dfe000 	/usr/lib/swift/libswift_StringProcessing.dylib
0x0000000194a28000 	/usr/lib/system/libcache.dylib
0x00000001949e3000 	/usr/lib/system/libcommonCrypto.dylib
0x0000000194a0e000 	/usr/lib/system/libcompiler_rt.dylib
0x0000000194a03000 	/usr/lib/system/libcopyfile.dylib
0x0000000184950000 	/usr/lib/system/libcorecrypto.dylib
0x0000000184a4f000 	/usr/lib/system/libdispatch.dylib
0x00000001847fb000 	/usr/lib/system/libdyld.dylib
0x0000000194a1e000 	/usr/lib/system/libkeymgr.dylib
0x00000001949c6000 	/usr/lib/system/libmacho.dylib
0x0000000193c63000 	/usr/lib/system/libquarantine.dylib
0x0000000194a1b000 	/usr/lib/system/libremovefile.dylib
0x000000018b3b2000 	/usr/lib/system/libsystem_asl.dylib
0x00000001848d6000 	/usr/lib/system/libsystem_blocks.dylib
0x0000000184a9a000 	/usr/lib/system/libsystem_c.dylib
0x0000000194a12000 	/usr/lib/system/libsystem_collections.dylib
0x0000000192618000 	/usr/lib/system/libsystem_configuration.dylib
0x0000000191208000 	/usr/lib/system/libsystem_containermanager.dylib
0x0000000194402000 	/usr/lib/system/libsystem_coreservices.dylib
0x0000000188be0000 	/usr/lib/system/libsystem_darwin.dylib
0x0000000288fee000 	/usr/lib/system/libsystem_darwindirectory.dylib
0x0000000194a1f000 	/usr/lib/system/libsystem_dnssd.dylib
0x0000000288ff2000 	/usr/lib/system/libsystem_eligibility.dylib
0x0000000184a97000 	/usr/lib/system/libsystem_featureflags.dylib
0x0000000184c1b000 	/usr/lib/system/libsystem_info.dylib
0x0000000194987000 	/usr/lib/system/libsystem_m.dylib
0x00000001849fe000 	/usr/lib/system/libsystem_malloc.dylib
0x000000018b315000 	/usr/lib/system/libsystem_networkextension.dylib
0x000000018904b000 	/usr/lib/system/libsystem_notify.dylib
0x000000019261d000 	/usr/lib/system/libsystem_sandbox.dylib
0x0000000288ffc000 	/usr/lib/system/libsystem_sanitizers.dylib
0x0000000194a17000 	/usr/lib/system/libsystem_secinit.dylib
0x0000000184bc7000 	/usr/lib/system/libsystem_kernel.dylib
0x0000000184c12000 	/usr/lib/system/libsystem_platform.dylib
0x0000000184c05000 	/usr/lib/system/libsystem_pthread.dylib
0x000000018cf6d000 	/usr/lib/system/libsystem_symptoms.dylib
0x000000018492f000 	/usr/lib/system/libsystem_trace.dylib
0x0000000289004000 	/usr/lib/system/libsystem_trial.dylib
0x00000001949f1000 	/usr/lib/system/libunwind.dylib
0x00000001848da000 	/usr/lib/system/libxpc.dylib
0x0000000184bac000 	/usr/lib/libc++abi.dylib
0x0000000287311000 	/usr/lib/libRosetta.dylib
0x0000000288859000 	/usr/lib/libswiftPrespecialized.dylib
0x000000018f48a000 	/System/Library/PrivateFrameworks/CoreAutoLayout.framework/Versions/A/CoreAutoLayout
0x0000000194a30000 	/usr/lib/libfakelink.dylib
0x000000018e8ba000 	/System/Library/Frameworks/DiskArbitration.framework/Versions/A/DiskArbitration
0x0000000194a83000 	/usr/lib/libarchive.2.dylib
0x000000019262b000 	/usr/lib/liblangid.dylib
0x000000019ad7b000 	/System/Library/Frameworks/Combine.framework/Versions/A/Combine
0x0000000268805000 	/System/Library/PrivateFrameworks/ReflectionInternal.framework/Versions/A/ReflectionInternal
0x000000026974d000 	/System/Library/PrivateFrameworks/RuntimeInternal.framework/Versions/A/RuntimeInternal
0x00000001aecca000 	/usr/lib/swift/libswiftDarwin.dylib
0x0000000288c9b000 	/usr/lib/swift/libswiftSystem.dylib
0x0000000288cce000 	/usr/lib/swift/libswift_Concurrency.dylib
0x0000000288d5a000 	/usr/lib/swift/libswift_DarwinFoundation1.dylib
0x0000000188ee2000 	/System/Library/PrivateFrameworks/CoreServicesInternal.framework/Versions/A/CoreServicesInternal
0x00000001949fb000 	/usr/lib/liboah.dylib
0x00000001a122d000 	/System/Library/PrivateFrameworks/DiskImages.framework/Versions/A/DiskImages
0x00000001ae770000 	/System/Library/Frameworks/NetFS.framework/Versions/A/NetFS
0x000000018f44f000 	/System/Library/Frameworks/CoreServices.framework/Versions/A/Frameworks/FSEvents.framework/Versions/A/FSEvents
0x0000000188bea000 	/System/Library/Frameworks/CoreServices.framework/Versions/A/Frameworks/CarbonCore.framework/Versions/A/CarbonCore
0x000000018e82e000 	/System/Library/Frameworks/CoreServices.framework/Versions/A/Frameworks/Metadata.framework/Versions/A/Metadata
0x0000000194409000 	/System/Library/Frameworks/CoreServices.framework/Versions/A/Frameworks/OSServices.framework/Versions/A/OSServices
0x0000000194b7b000 	/System/Library/Frameworks/CoreServices.framework/Versions/A/Frameworks/SearchKit.framework/Versions/A/SearchKit
0x000000018cee7000 	/System/Library/Frameworks/CoreServices.framework/Versions/A/Frameworks/AE.framework/Versions/A/AE
0x00000001851a9000 	/System/Library/Frameworks/CoreServices.framework/Versions/A/Frameworks/LaunchServices.framework/Versions/A/LaunchServices
0x0000000195efc000 	/System/Library/Frameworks/CoreServices.framework/Versions/A/Frameworks/DictionaryServices.framework/Versions/A/DictionaryServices
0x000000018f45c000 	/System/Library/Frameworks/CoreServices.framework/Versions/A/Frameworks/SharedFileList.framework/Versions/A/SharedFileList
0x0000000194c0e000 	/usr/lib/libapple_nghttp2.dylib
0x000000018cce7000 	/System/Library/Frameworks/Accounts.framework/Versions/A/Accounts
0x00000001a146f000 	/System/Library/PrivateFrameworks/AppSupport.framework/Versions/A/AppSupport
0x00000001b0be9000 	/System/Library/Frameworks/AVFoundation.framework/Versions/A/AVFoundation
0x0000000198fc9000 	/System/Library/Frameworks/GSS.framework/Versions/A/GSS
0x00000001973be000 	/System/Library/PrivateFrameworks/InternationalSupport.framework/Versions/A/InternationalSupport
0x00000001a1d7d000 	/System/Library/PrivateFrameworks/StreamingZip.framework/Versions/A/StreamingZip
0x000000018b330000 	/usr/lib/libenergytrace.dylib
0x000000018cf76000 	/System/Library/Frameworks/Network.framework/Versions/A/Network
0x00000001949ca000 	/usr/lib/system/libkxld.dylib
0x000000023855a000 	/System/Library/PrivateFrameworks/AppleKeyStore.framework/Versions/A/AppleKeyStore
0x0000000287013000 	/usr/lib/libCoreEntitlements.dylib
0x000000025d083000 	/System/Library/PrivateFrameworks/MessageSecurity.framework/Versions/A/MessageSecurity
0x000000019e236000 	/System/Library/PrivateFrameworks/SymptomDiagnosticReporter.framework/Versions/A/SymptomDiagnosticReporter
0x0000000196141000 	/System/Library/PrivateFrameworks/CrashReporterSupport.framework/Versions/A/CrashReporterSupport
0x00000001943e9000 	/System/Library/PrivateFrameworks/AppleFSCompression.framework/Versions/A/AppleFSCompression
0x0000000193c73000 	/usr/lib/libcoretls.dylib
0x0000000195f72000 	/usr/lib/libcoretls_cfhelpers.dylib
0x0000000194c50000 	/usr/lib/libpam.2.dylib
0x0000000195fe8000 	/usr/lib/libxar.1.dylib
0x0000000195f74000 	/System/Library/PrivateFrameworks/APFS.framework/Versions/A/APFS
0x0000000274e60000 	/System/Library/PrivateFrameworks/SwiftASN1Internal.framework/Versions/A/SwiftASN1Internal
0x0000000195ff7000 	/usr/lib/libutil.dylib
0x0000000192626000 	/System/Library/PrivateFrameworks/AppleSystemInfo.framework/Versions/A/AppleSystemInfo
0x00000001a0b8d000 	/System/Library/PrivateFrameworks/CoreWiFi.framework/Versions/A/CoreWiFi
0x000000019902c000 	/System/Library/PrivateFrameworks/MobileAsset.framework/Versions/A/MobileAsset
0x000000019e246000 	/System/Library/PrivateFrameworks/PowerLog.framework/Versions/A/PowerLog
0x000000019f702000 	/System/Library/PrivateFrameworks/Rapport.framework/Versions/A/Rapport
0x000000023121f000 	/System/Library/Frameworks/SwiftData.framework/Versions/A/SwiftData
0x000000018a996000 	/System/Library/Frameworks/UniformTypeIdentifiers.framework/Versions/A/UniformTypeIdentifiers
0x000000018f67c000 	/System/Library/PrivateFrameworks/UserManagement.framework/Versions/A/UserManagement
0x000000018ae87000 	/usr/lib/libboringssl.dylib
0x000000018cf5b000 	/usr/lib/libdns_services.dylib
0x00000001b0d1d000 	/usr/lib/libquic.dylib
0x0000000198228000 	/usr/lib/libusrtcp.dylib
0x000000023940e000 	/System/Library/PrivateFrameworks/AtomicsInternal.framework/Versions/A/AtomicsInternal
0x0000000288b22000 	/usr/lib/swift/libswiftDistributed.dylib
0x0000000288b4b000 	/usr/lib/swift/libswiftObservation.dylib
0x0000000288c87000 	/usr/lib/swift/libswiftSynchronization.dylib
0x0000000192624000 	/System/Library/PrivateFrameworks/AggregateDictionary.framework/Versions/A/AggregateDictionary
0x000000018c6f4000 	/System/Library/Frameworks/CoreData.framework/Versions/A/CoreData
0x000000023326a000 	/System/Library/Frameworks/_LocationEssentials.framework/Versions/A/_LocationEssentials
0x0000000195f53000 	/usr/lib/liblzma.5.dylib
0x0000000193b6c000 	/System/Library/PrivateFrameworks/MobileKeyBag.framework/Versions/A/MobileKeyBag
0x00000001a1783000 	/System/Library/PrivateFrameworks/InternationalTextSearch.framework/Versions/A/InternationalTextSearch
0x00000001b9332000 	/System/Library/PrivateFrameworks/SoftwareUpdateCoreSupport.framework/Versions/A/SoftwareUpdateCoreSupport
0x00000001c1869000 	/System/Library/PrivateFrameworks/SoftwareUpdateCoreConnect.framework/Versions/A/SoftwareUpdateCoreConnect
0x00000001a1327000 	/System/Library/PrivateFrameworks/RemoteServiceDiscovery.framework/Versions/A/RemoteServiceDiscovery
0x00000001b8f08000 	/System/Library/PrivateFrameworks/MSUDataAccessor.framework/Versions/A/MSUDataAccessor
0x00000001b3ead000 	/usr/lib/libbootpolicy.dylib
0x00000001a133e000 	/System/Library/PrivateFrameworks/RemoteXPC.framework/Versions/A/RemoteXPC
0x00000001c0c9f000 	/usr/lib/libFDR.dylib
0x00000001c6c42000 	/usr/lib/libamsupport.dylib
0x0000000287309000 	/usr/lib/libReverseProxyDevice.dylib
0x0000000237dcf000 	/System/Library/PrivateFrameworks/AppleDeviceQuerySupport.framework/Versions/A/AppleDeviceQuerySupport
0x00000001c9dfe000 	/usr/lib/libpartition2_dynamic.dylib
0x0000000194bea000 	/System/Library/PrivateFrameworks/AppleSauce.framework/Versions/A/AppleSauce
0x0000000286ebe000 	/usr/lib/libAppleArchive.dylib
0x00000001943f5000 	/usr/lib/libbz2.1.0.dylib
0x000000018e8c4000 	/System/Library/Frameworks/Accelerate.framework/Versions/A/Frameworks/vImage.framework/Versions/A/vImage
0x000000019d09d000 	/System/Library/Frameworks/Accelerate.framework/Versions/A/Frameworks/vecLib.framework/Versions/A/vecLib
0x000000019602e000 	/System/Library/Frameworks/Accelerate.framework/Versions/A/Frameworks/vecLib.framework/Versions/A/libvMisc.dylib
0x00000001856ad000 	/System/Library/Frameworks/Accelerate.framework/Versions/A/Frameworks/vecLib.framework/Versions/A/libBLAS.dylib
0x0000000229c7c000 	/System/Library/Frameworks/OpenGL.framework/Versions/A/OpenGL
0x000000024bb1d000 	/System/Library/PrivateFrameworks/GPUCompiler.framework/Versions/32023/Libraries/libllvm-flatbuffers.dylib
0x000000024657d000 	/System/Library/PrivateFrameworks/FramePacing.framework/Versions/A/FramePacing
0x0000000229c6e000 	/System/Library/Frameworks/OpenGL.framework/Versions/A/Libraries/libCoreFSCache.dylib
0x00000002476aa000 	/System/Library/PrivateFrameworks/GPUCompiler.framework/Versions/32023/Libraries/libGPUCompilerUtils.dylib
0x0000000229ccd000 	/System/Library/Frameworks/OpenGL.framework/Versions/A/Libraries/libGLU.dylib
0x0000000229c90000 	/System/Library/Frameworks/OpenGL.framework/Versions/A/Libraries/libGFXShared.dylib
0x0000000229e5d000 	/System/Library/Frameworks/OpenGL.framework/Versions/A/Libraries/libGL.dylib
0x0000000229c99000 	/System/Library/Frameworks/OpenGL.framework/Versions/A/Libraries/libGLImage.dylib
0x0000000229c8d000 	/System/Library/Frameworks/OpenGL.framework/Versions/A/Libraries/libCVMSPluginSupport.dylib
0x0000000229c76000 	/System/Library/Frameworks/OpenGL.framework/Versions/A/Libraries/libCoreVMClient.dylib
0x00000001937c9000 	/System/Library/Frameworks/Accelerate.framework/Versions/A/Frameworks/vecLib.framework/Versions/A/libvDSP.dylib
0x0000000194d2b000 	/System/Library/Frameworks/Accelerate.framework/Versions/A/Frameworks/vecLib.framework/Versions/A/libLAPACK.dylib
0x0000000193cff000 	/System/Library/Frameworks/Accelerate.framework/Versions/A/Frameworks/vecLib.framework/Versions/A/libLinearAlgebra.dylib
0x0000000194c27000 	/System/Library/Frameworks/Accelerate.framework/Versions/A/Frameworks/vecLib.framework/Versions/A/libSparseBLAS.dylib
0x0000000194d26000 	/System/Library/Frameworks/Accelerate.framework/Versions/A/Frameworks/vecLib.framework/Versions/A/libQuadrature.dylib
0x0000000192754000 	/System/Library/Frameworks/Accelerate.framework/Versions/A/Frameworks/vecLib.framework/Versions/A/libBNNS.dylib
0x0000000185fb8000 	/System/Library/Frameworks/Accelerate.framework/Versions/A/Frameworks/vecLib.framework/Versions/A/libSparse.dylib
0x0000000257e7d000 	/System/Library/PrivateFrameworks/MIL.framework/Versions/A/MIL
0x00000001c3cb8000 	/System/Library/PrivateFrameworks/OSAnalytics.framework/Versions/A/OSAnalytics
0x00000002441ef000 	/System/Library/PrivateFrameworks/DeviceRecovery.framework/Versions/A/DeviceRecovery
0x000000019f59b000 	/System/Library/PrivateFrameworks/CoreSymbolication.framework/Versions/A/CoreSymbolication
0x00000001d35c3000 	/System/Library/PrivateFrameworks/Symbolication.framework/Versions/A/Symbolication
0x000000019f579000 	/System/Library/PrivateFrameworks/DebugSymbols.framework/Versions/A/DebugSymbols
0x00000001b1d71000 	/System/Library/PrivateFrameworks/MallocStackLogging.framework/Versions/A/MallocStackLogging
0x0000000288d5f000 	/usr/lib/swift/libswift_RegexParser.dylib
0x000000019ae6f000 	/System/Library/PrivateFrameworks/GeoServices.framework/Versions/A/GeoServices
0x00000001988b2000 	/System/Library/PrivateFrameworks/LocationSupport.framework/Versions/A/LocationSupport
0x000000019e12b000 	/System/Library/Frameworks/CoreBluetooth.framework/Versions/A/CoreBluetooth
0x000000024f5c2000 	/System/Library/PrivateFrameworks/GeoServicesCore.framework/Versions/A/GeoServicesCore
0x00000001aabc9000 	/System/Library/PrivateFrameworks/PhoneNumbers.framework/Versions/A/PhoneNumbers
0x00000001991a2000 	/System/Library/PrivateFrameworks/CorePhoneNumbers.framework/Versions/A/CorePhoneNumbers
0x0000000194a68000 	/usr/lib/libiconv.2.dylib
0x00000001949c5000 	/usr/lib/libcharset.1.dylib
0x000000022bcf2000 	/System/Library/Frameworks/ExtensionFoundation.framework/Versions/A/ExtensionFoundation
0x000000019661c000 	/System/Library/PrivateFrameworks/AppServerSupport.framework/Versions/A/AppServerSupport
0x0000000261f7d000 	/System/Library/PrivateFrameworks/OSEligibility.framework/Versions/A/OSEligibility
0x000000019641e000 	/System/Library/PrivateFrameworks/IconServices.framework/Versions/A/IconServices
0x000000022d0dd000 	/System/Library/Frameworks/LightweightCodeRequirements.framework/Versions/A/LightweightCodeRequirements
0x0000000196298000 	/System/Library/PrivateFrameworks/PlugInKit.framework/Versions/A/PlugInKit
0x0000000193b84000 	/System/Library/PrivateFrameworks/AssertionServices.framework/Versions/A/AssertionServices
0x00000001969bf000 	/System/Library/PrivateFrameworks/AppleJPEG.framework/Versions/A/AppleJPEG
0x0000000196398000 	/usr/lib/libexpat.1.dylib
0x000000019718a000 	/System/Library/Frameworks/ImageIO.framework/Versions/A/Resources/libPng.dylib
0x00000001971b5000 	/System/Library/Frameworks/ImageIO.framework/Versions/A/Resources/libTIFF.dylib
0x000000019729d000 	/System/Library/Frameworks/ImageIO.framework/Versions/A/Resources/libGIF.dylib
0x0000000196a04000 	/System/Library/Frameworks/ImageIO.framework/Versions/A/Resources/libJP2.dylib
0x00000001960a8000 	/usr/lib/libate.dylib
0x0000000197244000 	/System/Library/Frameworks/ImageIO.framework/Versions/A/Resources/libJPEG.dylib
0x000000019723b000 	/System/Library/Frameworks/ImageIO.framework/Versions/A/Resources/libRadiance.dylib
0x0000000288d5d000 	/usr/lib/swift/libswift_DarwinFoundation2.dylib
0x0000000288d5e000 	/usr/lib/swift/libswift_DarwinFoundation3.dylib
0x00000001963bd000 	/System/Library/PrivateFrameworks/IconFoundation.framework/Versions/A/IconFoundation
0x0000000252942000 	/System/Library/PrivateFrameworks/IconRendering.framework/Versions/A/IconRendering
0x000000018f151000 	/System/Library/PrivateFrameworks/CoreUI.framework/Versions/A/CoreUI
0x0000000192073000 	/System/Library/Frameworks/CoreImage.framework/Versions/A/CoreImage
0x0000000269919000 	/System/Library/PrivateFrameworks/SFSymbols.framework/Versions/A/SFSymbols
0x000000022bba8000 	/System/Library/Frameworks/DeveloperToolsSupport.framework/Versions/A/DeveloperToolsSupport
0x00000001a8f98000 	/System/Library/PrivateFrameworks/RenderBox.framework/Versions/A/RenderBox
0x0000000191cf6000 	/System/Library/PrivateFrameworks/CoreSVG.framework/Versions/A/CoreSVG
0x0000000197327000 	/System/Library/PrivateFrameworks/TextureIO.framework/Versions/A/TextureIO
0x00000001b1e80000 	/usr/lib/swift/libswiftCoreImage.dylib
0x00000001965cc000 	/System/Library/PrivateFrameworks/GraphVisualizer.framework/Versions/A/GraphVisualizer
0x0000000246488000 	/System/Library/PrivateFrameworks/FontServices.framework/Versions/A/FontServices
0x00000001965dc000 	/System/Library/PrivateFrameworks/OTSVG.framework/Versions/A/OTSVG
0x000000018f0ff000 	/System/Library/Frameworks/ApplicationServices.framework/Versions/A/Frameworks/ATS.framework/Versions/A/Resources/libFontRegistry.dylib
0x0000000287e99000 	/usr/lib/libhvf.dylib
0x0000000262bfd000 	/System/Library/PrivateFrameworks/ParsingInternal.framework/Versions/A/ParsingInternal
0x000000024648c000 	/System/Library/PrivateFrameworks/FontServices.framework/libXTFontStaticRegistryData.dylib
0x000000019255e000 	/System/Library/Frameworks/MetalPerformanceShaders.framework/Versions/A/Frameworks/MPSCore.framework/Versions/A/MPSCore
0x0000000194354000 	/System/Library/Frameworks/MetalPerformanceShaders.framework/Versions/A/Frameworks/MPSImage.framework/Versions/A/MPSImage
0x0000000193d13000 	/System/Library/Frameworks/MetalPerformanceShaders.framework/Versions/A/Frameworks/MPSNeuralNetwork.framework/Versions/A/MPSNeuralNetwork
0x0000000194152000 	/System/Library/Frameworks/MetalPerformanceShaders.framework/Versions/A/Frameworks/MPSMatrix.framework/Versions/A/MPSMatrix
0x0000000193f6a000 	/System/Library/Frameworks/MetalPerformanceShaders.framework/Versions/A/Frameworks/MPSRayIntersector.framework/Versions/A/MPSRayIntersector
0x0000000194184000 	/System/Library/Frameworks/MetalPerformanceShaders.framework/Versions/A/Frameworks/MPSNDArray.framework/Versions/A/MPSNDArray
0x000000022df5e000 	/System/Library/Frameworks/MetalPerformanceShaders.framework/Versions/A/Frameworks/MPSFunctions.framework/Versions/A/MPSFunctions
0x000000022df3f000 	/System/Library/Frameworks/MetalPerformanceShaders.framework/Versions/A/Frameworks/MPSBenchmarkLoop.framework/Versions/A/MPSBenchmarkLoop
0x000000022df72000 	/System/Library/Frameworks/MetalPerformanceShaders.framework/Versions/A/Frameworks/MPSHost.framework/Versions/A/MPSHost
0x00000001854c4000 	/System/Library/PrivateFrameworks/MetalTools.framework/Versions/A/MetalTools
0x00000001b7071000 	/System/Library/PrivateFrameworks/IOAccelMemoryInfo.framework/Versions/A/IOAccelMemoryInfo
0x00000001c5541000 	/System/Library/PrivateFrameworks/kperf.framework/Versions/A/kperf
0x00000001b1dfc000 	/System/Library/PrivateFrameworks/GPURawCounter.framework/Versions/A/GPURawCounter
0x00000001a2eeb000 	/System/Library/PrivateFrameworks/ASEProcessing.framework/Versions/A/ASEProcessing
0x00000002660a8000 	/System/Library/PrivateFrameworks/PhotosensitivityProcessing.framework/Versions/A/PhotosensitivityProcessing
0x000000026999f000 	/System/Library/PrivateFrameworks/SILManager.framework/Versions/A/SILManager
0x0000000278573000 	/System/Library/PrivateFrameworks/Tightbeam.framework/Versions/A/Tightbeam
0x00000001bfd7b000 	/usr/lib/swift/libswiftCompression.dylib
0x00000001ca36b000 	/System/Library/PrivateFrameworks/AFKUser.framework/Versions/A/AFKUser
0x000000019726f000 	/System/Library/Frameworks/ApplicationServices.framework/Versions/A/Frameworks/ATSUI.framework/Versions/A/ATSUI
0x0000000198942000 	/System/Library/Frameworks/AudioToolbox.framework/Versions/A/AudioToolbox
0x00000001947bc000 	/System/Library/Frameworks/UserNotifications.framework/Versions/A/UserNotifications
0x00000001b77fe000 	/System/Library/PrivateFrameworks/SiriInstrumentation.framework/Versions/A/SiriInstrumentation
0x000000026bdd6000 	/System/Library/PrivateFrameworks/SiriAnalytics.framework/Versions/A/SiriAnalytics
0x00000001b4f92000 	/System/Library/PrivateFrameworks/FeedbackLogger.framework/Versions/A/FeedbackLogger
0x00000001cf795000 	/usr/lib/swift/libswiftAVFoundation.dylib
0x000000027ad97000 	/System/Library/PrivateFrameworks/UnifiedAssetFramework.framework/Versions/A/UnifiedAssetFramework
0x000000018776a000 	/System/Library/PrivateFrameworks/AudioToolboxCore.framework/Versions/A/AudioToolboxCore
0x0000000198b17000 	/System/Library/PrivateFrameworks/AudioSession.framework/Versions/A/AudioSession
0x00000001a4166000 	/System/Library/Frameworks/CoreMIDI.framework/Versions/A/CoreMIDI
0x0000000198b98000 	/usr/lib/libAudioStatistics.dylib
0x0000000191543000 	/System/Library/PrivateFrameworks/caulk.framework/Versions/A/caulk
0x0000000187d56000 	/System/Library/Frameworks/CoreAudio.framework/Versions/A/CoreAudio
0x0000000197164000 	/usr/lib/libAudioToolboxUtility.dylib
0x00000001b872c000 	/usr/lib/swift/libswiftCoreMIDI.dylib
0x0000000198f9b000 	/System/Library/PrivateFrameworks/perfdata.framework/Versions/A/perfdata
0x00000001b0e12000 	/System/Library/PrivateFrameworks/SystemPolicy.framework/Versions/A/SystemPolicy
0x0000000198e40000 	/usr/lib/libSMC.dylib
0x0000000198fa9000 	/usr/lib/libperfcheck.dylib
0x00000002394dd000 	/System/Library/PrivateFrameworks/AudioAnalytics.framework/Versions/A/AudioAnalytics
0x00000001d7bca000 	/System/Library/Frameworks/OSLog.framework/Versions/A/OSLog
0x00000001b1da3000 	/usr/lib/libmis.dylib
0x000000019f6f7000 	/System/Library/PrivateFrameworks/CoreTime.framework/Versions/A/CoreTime
0x00000001964dd000 	/System/Library/PrivateFrameworks/MediaExperience.framework/Versions/A/MediaExperience
0x00000001988ec000 	/System/Library/PrivateFrameworks/AudioSession.framework/libSessionUtility.dylib
0x00000001972a3000 	/System/Library/PrivateFrameworks/CMCaptureCore.framework/Versions/A/CMCaptureCore
0x0000000196629000 	/usr/lib/libspindump.dylib
0x00000001939f8000 	/System/Library/PrivateFrameworks/CoreUtils.framework/Versions/A/CoreUtils
0x00000001a9cca000 	/System/Library/PrivateFrameworks/HID.framework/Versions/A/HID
0x0000000243496000 	/System/Library/PrivateFrameworks/CoreUtilsExtras.framework/Versions/A/CoreUtilsExtras
0x0000000252897000 	/System/Library/PrivateFrameworks/IO80211.framework/Versions/A/IO80211
0x000000019aac9000 	/System/Library/Frameworks/IOBluetooth.framework/Versions/A/IOBluetooth
0x0000000288b6a000 	/usr/lib/swift/libswiftRegexBuilder.dylib
0x0000000196138000 	/usr/lib/libIOReport.dylib
0x00000001e0092000 	/System/Library/PrivateFrameworks/WiFiPeerToPeer.framework/Versions/A/WiFiPeerToPeer
0x0000000193b93000 	/System/Library/Frameworks/SecurityFoundation.framework/Versions/A/SecurityFoundation
0x000000023bb5a000 	/System/Library/PrivateFrameworks/Centauri.framework/Versions/A/Centauri
0x0000000185ea8000 	/System/Library/PrivateFrameworks/Lexicon.framework/Versions/A/Lexicon
0x00000002882e9000 	/usr/lib/libmrc.dylib
0x0000000252902000 	/System/Library/PrivateFrameworks/IPConfiguration.framework/Versions/A/IPConfiguration
0x00000001d3d9b000 	/System/Library/PrivateFrameworks/Netrb.framework/Versions/A/Netrb
0x000000019f0a9000 	/System/Library/PrivateFrameworks/FrontBoardServices.framework/Versions/A/FrontBoardServices
0x0000000193cfc000 	/usr/lib/libgermantok.dylib
0x000000019274d000 	/System/Library/PrivateFrameworks/LinguisticData.framework/Versions/A/LinguisticData
0x000000019f250000 	/System/Library/PrivateFrameworks/GraphicsServices.framework/Versions/A/GraphicsServices
0x000000019e334000 	/System/Library/PrivateFrameworks/MediaKit.framework/Versions/A/MediaKit
0x000000019e282000 	/System/Library/Frameworks/DiscRecording.framework/Versions/A/DiscRecording
0x00000001963b3000 	/usr/lib/libheimdal-asn1.dylib
0x00000001a1d53000 	/System/Library/Frameworks/AudioUnit.framework/Versions/A/AudioUnit
0x000000018f417000 	/System/Library/Frameworks/OpenDirectory.framework/Versions/A/OpenDirectory
0x000000018f425000 	/System/Library/Frameworks/OpenDirectory.framework/Versions/A/Frameworks/CFOpenDirectory.framework/Versions/A/CFOpenDirectory
0x000000022a1e9000 	/System/Library/Frameworks/AVFAudio.framework/Versions/A/AVFAudio
0x000000022a32d000 	/System/Library/Frameworks/AVRouting.framework/Versions/A/AVRouting
0x00000001aace1000 	/usr/lib/libAccessibility.dylib
0x0000000256750000 	/System/Library/PrivateFrameworks/IsolatedCoreAudioClient.framework/Versions/A/IsolatedCoreAudioClient
0x000000023f2ec000 	/System/Library/PrivateFrameworks/CoreAudioOrchestration.framework/Versions/A/CoreAudioOrchestration
0x000000019778b000 	/System/Library/Frameworks/MediaToolbox.framework/Versions/A/MediaToolbox
0x000000019e45a000 	/System/Library/PrivateFrameworks/CoreAVCHD.framework/Versions/A/CoreAVCHD
0x000000019d390000 	/System/Library/Frameworks/MediaAccessibility.framework/Versions/A/MediaAccessibility
0x000000019e456000 	/System/Library/PrivateFrameworks/Mangrove.framework/Versions/A/Mangrove
0x000000023b198000 	/System/Library/PrivateFrameworks/CMPhoto.framework/Versions/A/CMPhoto
0x000000019ec1e000 	/System/Library/Frameworks/CoreTelephony.framework/Versions/A/CoreTelephony
0x000000019e449000 	/System/Library/PrivateFrameworks/CoreAUC.framework/Versions/A/CoreAUC
0x000000023838b000 	/System/Library/PrivateFrameworks/AppleJPEGXL.framework/Versions/A/AppleJPEGXL
0x000000027cc7c000 	/System/Library/PrivateFrameworks/VideoToolboxParavirtualizationSupport.framework/Versions/A/VideoToolboxParavirtualizationSupport
0x000000019634f000 	/System/Library/PrivateFrameworks/AppleVA.framework/Versions/A/AppleVA
0x00000001991b2000 	/usr/lib/libTelephonyUtilDynamic.dylib
0x0000000197236000 	/System/Library/PrivateFrameworks/GPUWrangler.framework/Versions/A/GPUWrangler
0x0000000197216000 	/System/Library/PrivateFrameworks/IOPresentment.framework/Versions/A/IOPresentment
0x000000019723e000 	/System/Library/PrivateFrameworks/DSExternalDisplay.framework/Versions/A/DSExternalDisplay
0x00000001dac31000 	/System/Library/Frameworks/CryptoKit.framework/Versions/A/CryptoKit
0x00000001a1d4e000 	/System/Library/PrivateFrameworks/CryptoKitCBridging.framework/Versions/A/CryptoKitCBridging
0x000000019f262000 	/System/Library/Frameworks/CryptoTokenKit.framework/Versions/A/CryptoTokenKit
0x0000000243c71000 	/System/Library/PrivateFrameworks/Dendrite.framework/Versions/A/Dendrite
0x00000001b19a6000 	/System/Library/Frameworks/NaturalLanguage.framework/Versions/A/NaturalLanguage
0x000000024f2ce000 	/System/Library/PrivateFrameworks/GenerativeModels.framework/Versions/A/GenerativeModels
0x00000001e001a000 	/usr/lib/swift/libswiftNaturalLanguage.dylib
0x0000000238efd000 	/System/Library/PrivateFrameworks/AppleMobileFileIntegrity.framework/Versions/A/AppleMobileFileIntegrity
0x0000000287380000 	/usr/lib/libTLE.dylib
0x00000001e9636000 	/System/Library/PrivateFrameworks/ConfigProfileHelper.framework/Versions/A/ConfigProfileHelper
0x00000001a1edd000 	/System/Library/PrivateFrameworks/Espresso.framework/Versions/A/Espresso
0x000000018fba4000 	/System/Library/Frameworks/CoreML.framework/Versions/A/CoreML
0x00000001ddeda000 	/usr/lib/libedit.3.dylib
0x0000000226ff8000 	/System/Library/PrivateFrameworks/ANECompiler.framework/Versions/A/ANECompiler
0x00000001a3fab000 	/System/Library/PrivateFrameworks/AppleNeuralEngine.framework/Versions/A/AppleNeuralEngine
0x000000022df78000 	/System/Library/Frameworks/MetalPerformanceShadersGraph.framework/Versions/A/MetalPerformanceShadersGraph
0x00000002585ec000 	/System/Library/PrivateFrameworks/MLCompilerServices.framework/Versions/A/MLCompilerServices
0x00000001a2d2f000 	/System/Library/PrivateFrameworks/ANEServices.framework/Versions/A/ANEServices
0x00000001b7034000 	/usr/lib/libncurses.5.4.dylib
0x000000018905d000 	/usr/lib/libsandbox.1.dylib
0x00000001962d9000 	/usr/lib/libMatch.1.dylib
0x0000000261cff000 	/System/Library/PrivateFrameworks/ODIE.framework/Versions/A/ODIE
0x000000025b279000 	/System/Library/PrivateFrameworks/MLModelAsset.framework/Versions/A/MLModelAsset
0x0000000258592000 	/System/Library/PrivateFrameworks/MLCompilerRuntime.framework/Versions/A/MLCompilerRuntime
0x0000000193fbf000 	/System/Library/Frameworks/MLCompute.framework/Versions/A/MLCompute
0x0000000258514000 	/System/Library/PrivateFrameworks/MLAssetIO.framework/Versions/A/MLAssetIO
0x0000000288b3c000 	/usr/lib/swift/libswiftMLCompute.dylib
0x000000019ee39000 	/System/Library/PrivateFrameworks/AVFCore.framework/Versions/A/AVFCore
0x00000001a85ea000 	/System/Library/PrivateFrameworks/AVFCapture.framework/Versions/A/AVFCapture
0x000000023af8f000 	/System/Library/PrivateFrameworks/CMImaging.framework/Versions/A/CMImaging
0x00000001a882c000 	/System/Library/PrivateFrameworks/Quagga.framework/Versions/A/Quagga
0x00000001a895d000 	/System/Library/PrivateFrameworks/CMCapture.framework/Versions/A/CMCapture
0x0000000198d3d000 	/System/Library/Frameworks/CoreMediaIO.framework/Versions/A/CoreMediaIO
0x000000023aeca000 	/System/Library/PrivateFrameworks/CMCaptureDevice.framework/Versions/A/CMCaptureDevice
0x0000000196715000 	/System/Library/PrivateFrameworks/CoreBrightness.framework/Versions/A/CoreBrightness
0x000000023c050000 	/System/Library/PrivateFrameworks/CinematicFraming.framework/Versions/A/CinematicFraming
0x000000025e34c000 	/System/Library/PrivateFrameworks/ModelManagerServices.framework/Versions/A/ModelManagerServices
0x00000001cc80a000 	/System/Library/PrivateFrameworks/CPMS.framework/Versions/A/CPMS
0x0000000275cad000 	/System/Library/PrivateFrameworks/SystemStatus.framework/Versions/A/SystemStatus
0x00000001b07e7000 	/System/Library/Frameworks/CoreMotion.framework/Versions/A/CoreMotion
0x00000001c0d4a000 	/System/Library/PrivateFrameworks/TimeSync.framework/Versions/A/TimeSync
0x0000000244622000 	/System/Library/PrivateFrameworks/DistributedSensing.framework/Versions/A/DistributedSensing
0x00000001bc164000 	/System/Library/PrivateFrameworks/MobileBluetooth.framework/Versions/A/MobileBluetooth
0x00000001c2a06000 	/System/Library/PrivateFrameworks/IOKitten.framework/Versions/A/IOKitten
0x0000000257d5f000 	/System/Library/PrivateFrameworks/LocationLogEncryption.framework/Versions/A/LocationLogEncryption
0x0000000238209000 	/System/Library/PrivateFrameworks/AppleIntelligenceReporting.framework/Versions/A/AppleIntelligenceReporting
0x000000023baa6000 	/System/Library/PrivateFrameworks/CascadeSets.framework/Versions/A/CascadeSets
0x0000000193907000 	/System/Library/PrivateFrameworks/CoreEmoji.framework/Versions/A/CoreEmoji
0x00000001861ba000 	/usr/lib/libCRFSuite.dylib
0x000000018749a000 	/System/Library/PrivateFrameworks/LanguageModeling.framework/Versions/A/LanguageModeling
0x000000019262d000 	/System/Library/PrivateFrameworks/CoreNLP.framework/Versions/A/CoreNLP
0x000000018c409000 	/System/Library/PrivateFrameworks/Montreal.framework/Versions/A/Montreal
0x0000000194a70000 	/usr/lib/libcmph.dylib
0x0000000193c9d000 	/usr/lib/libmecab.dylib
0x0000000194be1000 	/usr/lib/libThaiTokenizer.dylib
0x000000024f3b1000 	/System/Library/PrivateFrameworks/GenerativeModelsFoundation.framework/Versions/A/GenerativeModelsFoundation
0x0000000278a76000 	/System/Library/PrivateFrameworks/TokenGeneration.framework/Versions/A/TokenGeneration
0x000000024f184000 	/System/Library/PrivateFrameworks/GenerativeFunctions.framework/Versions/A/GenerativeFunctions
0x000000024f1d2000 	/System/Library/PrivateFrameworks/GenerativeFunctionsFoundation.framework/Versions/A/GenerativeFunctionsFoundation
0x000000025e011000 	/System/Library/PrivateFrameworks/ModelCatalog.framework/Versions/A/ModelCatalog
0x000000026aff4000 	/System/Library/PrivateFrameworks/SensitiveContentAnalysisML.framework/Versions/A/SensitiveContentAnalysisML
0x000000024f268000 	/System/Library/PrivateFrameworks/GenerativeFunctionsInstrumentation.framework/Versions/A/GenerativeFunctionsInstrumentation
0x0000000267e97000 	/System/Library/PrivateFrameworks/PromptKit.framework/Versions/A/PromptKit
0x00000002678d0000 	/System/Library/PrivateFrameworks/ProactiveDaemonSupport.framework/Versions/A/ProactiveDaemonSupport
0x0000000278cae000 	/System/Library/PrivateFrameworks/TokenGenerationCore.framework/Versions/A/TokenGenerationCore
0x00000001b286f000 	/System/Library/PrivateFrameworks/Trial.framework/Versions/A/Trial
0x00000001b27f0000 	/System/Library/PrivateFrameworks/TrialProto.framework/Versions/A/TrialProto
0x0000000237e36000 	/System/Library/PrivateFrameworks/AppleFlatBuffers.framework/Versions/A/AppleFlatBuffers
0x000000026b2c4000 	/System/Library/PrivateFrameworks/SentencePieceInternal.framework/Versions/A/SentencePieceInternal
0x000000019d3e9000 	/System/Library/Frameworks/Vision.framework/Versions/A/Vision
0x000000024318f000 	/System/Library/PrivateFrameworks/CoreSceneUnderstanding.framework/Versions/A/CoreSceneUnderstanding
0x000000027d880000 	/System/Library/PrivateFrameworks/VisionCore.framework/Versions/A/VisionCore
0x00000001976c8000 	/System/Library/PrivateFrameworks/DataDetectorsCore.framework/Versions/A/DataDetectorsCore
0x00000001bb0f3000 	/System/Library/Frameworks/Vision.framework/libfaceCore.dylib
0x00000001bbc0d000 	/System/Library/PrivateFrameworks/Futhark.framework/Versions/A/Futhark
0x00000001bfb34000 	/System/Library/PrivateFrameworks/InertiaCam.framework/Versions/A/InertiaCam
0x00000001bb99a000 	/System/Library/PrivateFrameworks/TextRecognition.framework/Versions/A/TextRecognition
0x000000022bb91000 	/System/Library/Frameworks/DataDetection.framework/Versions/A/DataDetection
0x00000001b5bde000 	/System/Library/PrivateFrameworks/TextInput.framework/Versions/A/TextInput
0x0000000196176000 	/System/Library/PrivateFrameworks/CVNLP.framework/Versions/A/CVNLP
0x000000022b676000 	/System/Library/Frameworks/CoreTransferable.framework/Versions/A/CoreTransferable
0x0000000198f80000 	/System/Library/PrivateFrameworks/NetAuth.framework/Versions/A/NetAuth
0x000000018f63b000 	/System/Library/PrivateFrameworks/login.framework/Versions/A/Frameworks/loginsupport.framework/Versions/A/loginsupport
0x000000018a7dd000 	/System/Library/PrivateFrameworks/UIFoundation.framework/Versions/A/UIFoundation
0x0000000196630000 	/System/Library/PrivateFrameworks/Heimdal.framework/Versions/A/Heimdal
0x0000000198c28000 	/usr/lib/libresolv.9.dylib
0x000000019901b000 	/System/Library/PrivateFrameworks/CommonAuth.framework/Versions/A/CommonAuth
0x0000000193c67000 	/usr/lib/libCheckFix.dylib
0x000000018e7c1000 	/System/Library/PrivateFrameworks/MetadataUtilities.framework/Versions/A/MetadataUtilities
0x0000000253397000 	/System/Library/PrivateFrameworks/InstalledContentLibrary.framework/Versions/A/InstalledContentLibrary
0x0000000188f22000 	/System/Library/PrivateFrameworks/CoreServicesStore.framework/Versions/A/CoreServicesStore
0x000000018f486000 	/usr/lib/libapp_launch_measurement.dylib
0x00000001c5658000 	/System/Library/PrivateFrameworks/MobileSystemServices.framework/Versions/A/MobileSystemServices
0x0000000195ffb000 	/usr/lib/libxslt.1.dylib
0x0000000193c26000 	/System/Library/PrivateFrameworks/BackgroundTaskManagement.framework/Versions/A/BackgroundTaskManagement
0x00000001a13e8000 	/usr/lib/libcurl.4.dylib
0x0000000287c4d000 	/usr/lib/libcrypto.46.dylib
0x00000002887e6000 	/usr/lib/libssl.48.dylib
0x00000001a10c2000 	/System/Library/Frameworks/LDAP.framework/Versions/A/LDAP
0x0000000198fb7000 	/System/Library/Frameworks/Kerberos.framework/Versions/A/Kerberos
0x00000001a10fe000 	/System/Library/PrivateFrameworks/TrustEvaluationAgent.framework/Versions/A/TrustEvaluationAgent
0x0000000198c45000 	/usr/lib/libsasl2.2.dylib
0x00000001a1d52000 	/System/Library/Frameworks/Kerberos.framework/Versions/A/Libraries/libHeimdalProxy.dylib
0x00000002664bc000 	/System/Library/PrivateFrameworks/PoirotSQLite.framework/Versions/A/PoirotSQLite
0x00000001d80af000 	/System/Library/PrivateFrameworks/HIDDisplay.framework/Versions/A/HIDDisplay
0x0000000198f21000 	/usr/lib/libcups.2.dylib
0x00000001aabd5000 	/System/Library/PrivateFrameworks/AXCoreUtilities.framework/Versions/A/AXCoreUtilities
0x00000001baf3e000 	/System/Library/PrivateFrameworks/AttributeGraph.framework/Versions/A/AttributeGraph
0x0000000286e81000 	/usr/lib/libAXSafeCategoryBundle.dylib
0x0000000232303000 	/System/Library/Frameworks/TabularData.framework/Versions/A/TabularData
0x00000002390ac000 	/System/Library/PrivateFrameworks/ArgumentParserInternal.framework/Versions/A/ArgumentParserInternal
0x00000001a4359000 	/System/Library/Frameworks/Cocoa.framework/Versions/A/Cocoa
0x00000001890ba000 	/System/Library/Frameworks/AppKit.framework/Versions/C/AppKit
0x000000023cece000 	/System/Library/PrivateFrameworks/CollectionViewCore.framework/Versions/A/CollectionViewCore
0x0000000191cf0000 	/System/Library/PrivateFrameworks/XCTTargetBootstrap.framework/Versions/A/XCTTargetBootstrap
0x000000019771a000 	/System/Library/PrivateFrameworks/UserActivity.framework/Versions/A/UserActivity
0x000000024658a000 	/System/Library/PrivateFrameworks/FrontBoard.framework/Versions/A/FrontBoard
0x000000027a6bc000 	/System/Library/PrivateFrameworks/UIIntelligenceSupport.framework/Versions/A/UIIntelligenceSupport
0x000000023138c000 	/System/Library/Frameworks/SwiftUICore.framework/Versions/A/SwiftUICore
0x00000002811d5000 	/System/Library/PrivateFrameworks/WritingTools.framework/Versions/A/WritingTools
0x000000027ffde000 	/System/Library/PrivateFrameworks/WindowManagement.framework/Versions/A/WindowManagement
0x00000002462bf000 	/System/Library/PrivateFrameworks/FocusEngine.framework/Versions/A/FocusEngine
0x0000000243ce1000 	/System/Library/PrivateFrameworks/DesignLibrary.framework/Versions/A/DesignLibrary
0x0000000191cdb000 	/System/Library/PrivateFrameworks/DFRFoundation.framework/Versions/A/DFRFoundation
0x000000027b5b0000 	/System/Library/PrivateFrameworks/UpdateCycle.framework/Versions/A/UpdateCycle
0x00000001919df000 	/System/Library/Frameworks/Carbon.framework/Versions/A/Frameworks/HIToolbox.framework/Versions/A/HIToolbox
0x000000019ccb1000 	/System/Library/Frameworks/Carbon.framework/Versions/A/Frameworks/SpeechRecognition.framework/Versions/A/SpeechRecognition
0x000000018f40d000 	/System/Library/PrivateFrameworks/PerformanceAnalysis.framework/Versions/A/PerformanceAnalysis
0x000000019d040000 	/System/Library/Frameworks/Accessibility.framework/Versions/A/Accessibility
0x00000002322e9000 	/System/Library/Frameworks/Symbols.framework/Versions/A/Symbols
0x000000024f770000 	/System/Library/PrivateFrameworks/Gestures.framework/Versions/A/Gestures
0x0000000288c0d000 	/usr/lib/swift/libswiftSpatial.dylib
0x00000001aecc9000 	/usr/lib/swift/libswiftCoreGraphics.dylib
0x000000019da83000 	/usr/lib/swift/libswiftFoundation.dylib
0x00000001e8fda000 	/usr/lib/swift/libswiftSwiftOnoneSupport.dylib
0x0000000288e93000 	/usr/lib/swift/libswiftsys_time.dylib
0x00000001d3dd9000 	/System/Library/PrivateFrameworks/CoreMaterial.framework/Versions/A/CoreMaterial
0x000000028737d000 	/usr/lib/libSpatial.dylib
0x0000000286d9e000 	/System/Library/SubFrameworks/UIUtilities.framework/Versions/A/UIUtilities
0x000000010ac38000 	/Users/handalm/.sdkman/candidates/java/25-tem/lib/server/libjvm.dylib
0x0000000104e78000 	/Users/handalm/.sdkman/candidates/java/25-tem/lib/libjimage.dylib
0x0000000104ea4000 	/Users/handalm/.sdkman/candidates/java/25-tem/lib/libinstrument.dylib
0x0000000104eec000 	/Users/handalm/.sdkman/candidates/java/25-tem/lib/libjava.dylib
0x0000000104f5c000 	/Users/handalm/.sdkman/candidates/java/25-tem/lib/libzip.dylib
0x0000000105090000 	/Users/handalm/.sdkman/candidates/java/25-tem/lib/libnio.dylib
0x00000001050b0000 	/Users/handalm/.sdkman/candidates/java/25-tem/lib/libnet.dylib
0x00000001050cc000 	/Users/handalm/.sdkman/candidates/java/25-tem/lib/libverify.dylib
0x00000001050e8000 	/Users/handalm/.sdkman/candidates/java/25-tem/lib/libmanagement.dylib
0x00000001050fc000 	/Users/handalm/.sdkman/candidates/java/25-tem/lib/libmanagement_ext.dylib
0x0000000105358000 	/Users/handalm/.sdkman/candidates/java/25-tem/lib/libextnet.dylib
0x0000000109e0c000 	/Users/handalm/Library/Caches/JNA/temp/jna12428089152687370065.tmp
0x0000000105084000 	/Users/handalm/.sdkman/candidates/java/25-tem/lib/libsyslookup.dylib
0x000000013dbb4000 	/Users/handalm/.cargo-target-shared/debug/libopensearch_native.dylib
0x000000013b890000 	/private/var/folders/l0/l_bx7s_s1vx2ty5bjkwlrxt80000gr/T/jnilib-14463248132914513869.tmp

JVMTI agents:
/Users/handalm/Library/Caches/JetBrains/IntelliJIdea2026.1/captureAgent/debugger-agent.jar path:none, loaded, initialized, instrumentlib options:file:///var/folders/l0/l_bx7s_s1vx2ty5bjkwlrxt80000gr/T/capture6630536140864785188.props
/Users/handalm/Workspace/OpenSearch/libs/agent-sm/agent/build/distributions/opensearch-agent-3.7.0-SNAPSHOT.jar path:none, loaded, initialized, instrumentlib options:none
/Applications/IntelliJ IDEA.app/Contents/lib/idea_rt.jar path:none, loaded, initialized, instrumentlib options:64851


VM Arguments:
jvm_args: -javaagent:/Users/handalm/Library/Caches/JetBrains/IntelliJIdea2026.1/captureAgent/debugger-agent.jar=file:///var/folders/l0/l_bx7s_s1vx2ty5bjkwlrxt80000gr/T/capture6630536140864785188.props -ea -Djava.locale.providers=SPI,CLDR -Dsandbox.enabled=true -javaagent:/Users/handalm/Workspace/OpenSearch/libs/agent-sm/agent/build/distributions/opensearch-agent-3.7.0-SNAPSHOT.jar --add-modules=jdk.incubator.vector --add-opens=java.base/java.nio=ALL-UNNAMED --add-opens=java.base/java.lang=ALL-UNNAMED --add-opens=java.base/sun.nio.ch=ALL-UNNAMED --enable-native-access=ALL-UNNAMED -Darrow.memory.debug.allocator=false -Dio.netty.allocator.numDirectArenas=1 -Dio.netty.noUnsafe=false -Dio.netty.tryUnsafe=true -Dio.netty.tryReflectionSetAccessible=true -Dnative.lib.path=/Users/handalm/.cargo-target-shared/debug/libopensearch_native.dylib -Didea.test.cyclic.buffer.size=1048576 -javaagent:/Applications/IntelliJ IDEA.app/Contents/lib/idea_rt.jar=64851 -Dkotlinx.coroutines.debug.enable.creation.stack.trace=false -Ddebugger.agent.enable.coroutines=true -Dkotlinx.coroutines.debug.enable.flows.stack.trace=true -Dkotlinx.coroutines.debug.enable.mutable.state.flows.stack.trace=true -Ddebugger.async.stack.trace.for.all.threads=true -Dfile.encoding=UTF-8 -Dsun.stdout.encoding=UTF-8 -Dsun.stderr.encoding=UTF-8 
java_command: com.intellij.rt.junit.JUnitStarter -ideVersion5 -junit4 org.opensearch.analytics.resilience.CoordinatorTransportStressIT Until Failure
java_class_path (initial): /Applications/IntelliJ IDEA.app/Contents/lib/idea_rt.jar:/Applications/IntelliJ IDEA.app/Contents/plugins/junit/lib/junit5-rt.jar:/Applications/IntelliJ IDEA.app/Contents/plugins/junit/lib/junit-rt.jar:/Users/handalm/Workspace/OpenSearch/sandbox/plugins/analytics-engine/out/internalClusterTest/classes:/Users/handalm/Workspace/OpenSearch/sandbox/plugins/analytics-engine/build/repackaged/analytics-backend-lucene-test-spi-stripped-3.7.0-SNAPSHOT.jar:/Users/handalm/Workspace/OpenSearch/sandbox/libs/analytics-framework/out/production/classes:/Users/handalm/Workspace/OpenSearch/test/framework/out/production/classes:/Users/handalm/Workspace/OpenSearch/test/framework/out/production/resources:/Users/handalm/Workspace/OpenSearch/server/out/production/classes:/Users/handalm/Workspace/OpenSearch/server/out/production/resources:/Users/handalm/.gradle/caches/modules-2/files-2.1/org.locationtech.spatial4j/spatial4j/0.7/faa8ba85d503da4ab872d17ba8c00da0098ab2f2/spatial4j-0.7.jar:/Users/handalm/Workspace/OpenSearch/sandbox/plugins/test-ppl-frontend/out/production/classes:/Users/handalm/.gradle/caches/modules-2/files-2.1/org.opensearch.query/unified-query-api/3.7.0.0-SNAPSHOT/bb410a376e45fd0f49d278037e6fc19db53433da/unified-query-api-3.7.0.0-SNAPSHOT.jar:/Users/handalm/.gradle/caches/modules-2/files-2.1/org.opensearch.query/unified-query-ppl/3.7.0.0-SNAPSHOT/bdbb3dbad6dd7d97c84eb6068026ae0a7b6367f5/unified-query-ppl-3.7.0.0-SNAPSHOT.jar:/Users/handalm/.gradle/caches/modules-2/files-2.1/org.opensearch.query/unified-query-core/3.7.0.0-SNAPSHOT/273884a36bd40933a2923cbf19a5b7eab06f30bb/unified-query-core-3.7.0.0-SNAPSHOT.jar:/Users/handalm/.gradle/caches/modules-2/files-2.1/org.locationtech.jts/jts-core/1.15.0/705981b7e25d05a76a3654e597dab6ba423eb79e/jts-core-1.15.0.jar:/Users/handalm/.gradle/caches/modules-2/files-2.1/org.apache.logging.log4j/log4j-core/2.25.4/b963c3d6bfdf05c61ad47a74e9f9295131607df2/log4j-core-2.25.4.jar:/Users/handalm/.gradle/caches/modules-2/files-2.1/org.apache.logging.log4j/log4j-api/2.25.4/89ff2217b193fb187b134aa6ebcbfa8a28b018a9/log4j-api-2.25.4.jar:/Users/handalm/.gradle/caches/modules-2/files-2.1/net.java.dev.jna/jna/5.16.0/ebea09f91dc9f7048099f963fb8d6f919f0a4d9c/jna-5.16.0.jar:/Users/handalm/Workspace/OpenSearch/plugins/arrow-flight-rpc/out/production/classes:/Users/handalm/.gradle/caches/modules-2/files-2.1/org.apache.arrow/arrow-vector/18.1.0/b1fb77f4ef36fd52afe480ba12b7da77367eb88c/arrow-vector-18.1.0.jar:/Users/handalm/.gradle/caches/modules-2/files-2.1/org.apache.arrow/arrow-memory-core/18.1.0/35f4853d512f06759759b40b53bac850867886f8/arrow-memory-core-18.1.0.jar:/Users/handalm/.gradle/caches/modules-2/files-2.1/com.fasterxml.jackson.core/jackson-databind/2.21.3/aa7ccec161c275f3e6332666ab758916f3120714/jackson-databind-2.21.3.jar:/Users/handalm/.gradle/caches/modules-2/files-2.1/com.fasterxml.jackson.core/jackson-annotations/2.21/b1bc1868bf02dc0bd6c7836257a036a331005309/jackson-annotations-2.21.jar:/Users/handalm/.gradle/caches/modules-2/files-2.1/org.slf4j/slf4j-api/2.0.17/d9e58ac9c7779ba3bf8142aff6c830617a7fe60f/slf4j-api-2.0.17.jar:/Users/handalm/.gradle/caches/modules-2/files-2.1/com.google.flatbuffers/flatbuffers-java/2.0.0/19da0c1d9f585d2c402057f993f8dea2ff382837/flatbuffers-java-2.0.0.jar:/Users/handalm/.gradle/caches/modules-2/files-2.1/org.apache.arrow/arrow-format/18.1.0/9d356b6f20620f5619ff85b174f97ae507df4997/arrow-format-18.1.0.jar:/Users/handalm/Workspace/OpenSearch/sandbox/plugins/analytics-backend-datafusion/out/production/classes:/Users/handalm/Workspace/OpenSearch/sandbox/plugins/analytics-backend-datafusion/out/production/resources:/Users/handalm/.gradle/caches/modules-2/files-2.1/io.substrait/core/0.89.1/9ffa7d00ebb71c64d0f2fac3cee6950132f82579/core-0.89.1.jar:/Users/handalm/Workspace/OpenSearch/sandbox/plugins/parquet-data-format/out/production/classes:/Users/handalm/Workspace/OpenSearch/sandbox/plugins/parquet-data-format/out/production/resources:/Users/handalm/Workspace/OpenSearch/sandbox/plugins/composite-engine/out/production/classes:/Users/handalm/.gradle/caches/modules-2/files-2.1/org.immutables/value-annotations/2.8.8/5112b6e5397536300fd44464491d444b028cd14b/value-annotations-2.8.8.jar:/Users/handalm/.gradle/caches/modules-2/files-2.1/org.apache.calcite/calcite-core/1.41.0-opensearch-1/d4ac2aff0c76b2ea15f47940542999fa42e17d75/calcite-core-1.41.0-opensearch-1.jar:/Users/handalm/.gradle/caches/modules-2/files-2.1/org.apache.calcite/calcite-linq4j/1.41.0-opensearch-1/e9bcb0ec7ca38a4bff84283b39d4a736c5217645/calcite-linq4j-1.41.0-opensearch-1.jar:/Users/handalm/.gradle/caches/modules-2/files-2.1/org.apiguardian/apiguardian-api/1.1.2/a231e0d844d2721b0fa1b238006d15c6ded6842a/apiguardian-api-1.1.2.jar:/Users/handalm/.gradle/caches/modules-2/files-2.1/org.checkerframework/checker-qual/3.43.0/9425eee39e56b116d2b998b7c2cebcbd11a3c98b/checker-qual-3.43.0.jar:/Users/handalm/Workspace/OpenSearch/test/telemetry/out/production/classes:/Users/handalm/Workspace/OpenSearch/client/sniffer/out/production/classes:/Users/handalm/Workspace/OpenSearch/client/rest/out/production/classes:/Users/handalm/Workspace/OpenSearch/libs/telemetry/out/production/classes:/Users/handalm/Workspace/OpenSearch/libs/cli/out/production/classes:/Users/handalm/Workspace/OpenSearch/libs/nio/out/production/classes:/Users/handalm/.gradle/caches/modules-2/files-2.1/commons-codec/commons-codec/1.18.0/ee45d1cf6ec2cc2b809ff04b4dc7aec858e0df8f/commons-codec-1.18.0.jar:/Users/handalm/.gradle/caches/modules-2/files-2.1/com.carrotsearch.randomizedtesting/randomizedtesting-runner/2.7.1/e917f4983144c3b969eb7d3648338ecde5e3ba89/randomizedtesting-runner-2.7.1.jar:/Users/handalm/.gradle/caches/modules-2/files-2.1/junit/junit/4.13.2/8ac9e16d933b6fb43bc7f576336b8f4d7eb5ba12/junit-4.13.2.jar:/Users/handalm/.gradle/caches/modules-2/files-2.1/org.hamcrest/hamcrest/2.1/9420ba32c29217b54eebd26ff7f9234d31c3fbb2/hamcrest-2.1.jar:/Users/handalm/.gradle/caches/modules-2/files-2.1/org.apache.lucene/lucene-test-framework/10.4.0/2120a695bcd5c88882289bc77ed2b65d36469521/lucene-test-framework-10.4.0.jar:/Users/handalm/.gradle/caches/modules-2/files-2.1/org.apache.lucene/lucene-codecs/10.4.0/426ad64f5810e04a533f335aaeca4bbca3c746e1/lucene-codecs-10.4.0.jar:/Users/handalm/.gradle/caches/modules-2/files-2.1/commons-logging/commons-logging/1.3.5/a3fcc5d3c29b2b03433aa2d2f2d2c1b1638924a1/commons-logging-1.3.5.jar:/Users/handalm/.gradle/caches/modules-2/files-2.1/org.mockito/mockito-core/5.23.0/a5cf3cf244300e4cd05f779827cf50d373a8460e/mockito-core-5.23.0.jar:/Users/handalm/.gradle/caches/modules-2/files-2.1/net.bytebuddy/byte-buddy/1.18.8/88ca06016d190f5954569f9d113cd22c96788b0d/byte-buddy-1.18.8.jar:/Users/handalm/.gradle/caches/modules-2/files-2.1/org.objenesis/objenesis/3.3/1049c09f1de4331e8193e579448d0916d75b7631/objenesis-3.3.jar:/Users/handalm/.gradle/caches/modules-2/files-2.1/io.netty/netty-pkitesting/4.2.13.Final/2a912c171def46e5a9a3ff4ce3726f6f6014a6e5/netty-pkitesting-4.2.13.Final.jar:/Users/handalm/Workspace/OpenSearch/libs/compress/out/production/classes:/Users/handalm/Workspace/OpenSearch/libs/compress/out/production/resources:/Users/handalm/Workspace/OpenSearch/libs/x-content/out/production/classes:/Users/handalm/Workspace/OpenSearch/libs/x-content/out/production/resources:/Users/handalm/Workspace/OpenSearch/libs/core/out/production/classes:/Users/handalm/Workspace/OpenSearch/libs/core/out/production/resources:/Users/handalm/.gradle/caches/modules-2/files-2.1/com.fasterxml.jackson.dataformat/jackson-dataformat-cbor/2.21.3/418e133c66e74a1a8b4b1b50eb2560918064c040/jackson-dataformat-cbor-2.21.3.jar:/Users/handalm/.gradle/caches/modules-2/files-2.1/com.fasterxml.jackson.core/jackson-core/2.21.3/3358e9345dd0f2537c47bee152c0377df6c81ad5/jackson-core-2.21.3.jar:/Users/handalm/.gradle/caches/modules-2/files-2.1/com.fasterxml.jackson.dataformat/jackson-dataformat-yaml/2.21.3/400fe3e019f87353512e1fec1c4cd61653456676/jackson-dataformat-yaml-2.21.3.jar:/Users/handalm/Workspace/OpenSearch/libs/task-commons/out/production/classes:/Users/handalm/Workspace/OpenSearch/libs/common/out/production/classes:/Users/handalm/Workspace/OpenSearch/libs/common/out/production/resources:/Users/handalm/Workspace/OpenSearch/libs/concurrent-queue/out/production/classes:/Users/handalm/Workspace/OpenSearch/libs/secure-sm/out/production/classes:/Users/handalm/Workspace/OpenSearch/libs/geo/out/production/classes:/Users/handalm/.gradle/caches/modules-2/files-2.1/org.apache.lucene/lucene-core/10.4.0/7493bc763cd5e91f2a8f7722c2f90d8ce15c6319/lucene-core-10.4.0.jar:/Users/handalm/.gradle/caches/modules-2/files-2.1/org.apache.lucene/lucene-analysis-common/10.4.0/61c4a7b27753662619e84261b42f404fda85886f/lucene-analysis-common-10.4.0.jar:/Users/handalm/.gradle/caches/modules-2/files-2.1/org.apache.lucene/lucene-backward-codecs/10.4.0/9cb01ee8ba10cd935133a82bd72d16faf4f8dffe/lucene-backward-codecs-10.4.0.jar:/Users/handalm/.gradle/caches/modules-2/files-2.1/org.apache.lucene/lucene-grouping/10.4.0/8d143b267e6575a08d5483a8b103384536fdd4c9/lucene-grouping-10.4.0.jar:/Users/handalm/.gradle/caches/modules-2/files-2.1/org.apache.lucene/lucene-highlighter/10.4.0/a3cd37e7588506447382a9175da271fb37c55e67/lucene-highlighter-10.4.0.jar:/Users/handalm/.gradle/caches/modules-2/files-2.1/org.apache.lucene/lucene-join/10.4.0/56e08fe428fe88e51dd4c89ca62c6a72bf2f8f57/lucene-join-10.4.0.jar:/Users/handalm/.gradle/caches/modules-2/files-2.1/org.apache.lucene/lucene-memory/10.4.0/6c6f1080466c5dff5b1d0eeeb3ead745591eb9d1/lucene-memory-10.4.0.jar:/Users/handalm/.gradle/caches/modules-2/files-2.1/org.apache.lucene/lucene-misc/10.4.0/e86d65b1a8b5bf8dc66f4e002fe75ddc886da62c/lucene-misc-10.4.0.jar:/Users/handalm/.gradle/caches/modules-2/files-2.1/org.apache.lucene/lucene-queries/10.4.0/43b2654a448504dc4ac382f6d9b6896e2e8b67b7/lucene-queries-10.4.0.jar:/Users/handalm/.gradle/caches/modules-2/files-2.1/org.apache.lucene/lucene-queryparser/10.4.0/6e3e758b60b1e2549a85139d9498b54565c38eeb/lucene-queryparser-10.4.0.jar:/Users/handalm/.gradle/caches/modules-2/files-2.1/org.apache.lucene/lucene-sandbox/10.4.0/15976efaae9213b1a61e3509da6f366e243b90c7/lucene-sandbox-10.4.0.jar:/Users/handalm/.gradle/caches/modules-2/files-2.1/org.apache.lucene/lucene-spatial-extras/10.4.0/1f56784003e51d7b2df7c27a99d7b127e67e97bf/lucene-spatial-extras-10.4.0.jar:/Users/handalm/.gradle/caches/modules-2/files-2.1/org.apache.lucene/lucene-spatial3d/10.4.0/fa337dd41be0f0ee99bc4fd463d517adf25e06a3/lucene-spatial3d-10.4.0.jar:/Users/handalm/.gradle/caches/modules-2/files-2.1/org.apache.lucene/lucene-suggest/10.4.0/d86d535c415cf9c79016aaefa9957dab98766a68/lucene-suggest-10.4.0.jar:/Users/handalm/.gradle/caches/modules-2/files-2.1/joda-time/joda-time/2.12.7/d015b997eccd511e5567218a51651ff0625f6f25/joda-time-2.12.7.jar:/Users/handalm/.gradle/caches/modules-2/files-2.1/com.tdunning/t-digest/3.3/5e96c4fd7d63b05828cf5ef41da20649195b1b78/t-digest-3.3.jar:/Users/handalm/.gradle/caches/modules-2/files-2.1/org.hdrhistogram/HdrHistogram/2.2.2/7959933ebcc0f05b2eaa5af0a0c8689fa257b15c/HdrHistogram-2.2.2.jar:/Users/handalm/.gradle/caches/modules-2/files-2.1/org.apache.logging.log4j/log4j-jul/2.25.4/72f452618404960dd1a67b6f144fabba5a5093d9/log4j-jul-2.25.4.jar:/Users/handalm/.gradle/caches/modules-2/files-2.1/com.jcraft/jzlib/1.1.3/c01428efa717624f7aabf4df319939dda9646b2d/jzlib-1.1.3.jar:/Users/handalm/.gradle/caches/modules-2/files-2.1/io.projectreactor/reactor-core/3.8.5/e3afac59d35d67364b64389e2ed7cd274829df71/reactor-core-3.8.5.jar:/Users/handalm/.gradle/caches/modules-2/files-2.1/org.reactivestreams/reactive-streams/1.0.4/3864a1320d97d7b045f729a326e1e077661f31b7/reactive-streams-1.0.4.jar:/Users/handalm/.gradle/caches/modules-2/files-2.1/com.google.protobuf/protobuf-java/3.25.9/64cdd0aac23f3c05740b6e6a15b041353cf6ffaa/protobuf-java-3.25.9.jar:/Users/handalm/.gradle/caches/modules-2/files-2.1/jakarta.annotation/jakarta.annotation-api/1.3.5/59eb84ee0d616332ff44aba065f3888cf002cd2d/jakarta.annotation-api-1.3.5.jar:/Users/handalm/.gradle/caches/modules-2/files-2.1/com.fasterxml.jackson.dataformat/jackson-dataformat-smile/2.21.3/eeede5d065d36d315cc709867af414fe60a70653/jackson-dataformat-smile-2.21.3.jar:/Users/handalm/.gradle/caches/modules-2/files-2.1/org.yaml/snakeyaml/2.4/e0666b825b796f85521f02360e77f4c92c5a7a07/snakeyaml-2.4.jar:/Users/handalm/.gradle/caches/modules-2/files-2.1/org.roaringbitmap/RoaringBitmap/1.3.0/a46ce7a2dc494da69700ab421f081b1583857f6d/RoaringBitmap-1.3.0.jar:/Users/handalm/.gradle/caches/modules-2/files-2.1/org.jspecify/jspecify/1.0.0/7425a601c1c7ec76645a78d22b8c6a627edee507/jspecify-1.0.0.jar:/Users/handalm/.gradle/caches/modules-2/files-2.1/com.google.errorprone/error_prone_annotations/2.36.0/227d4d4957ccc3dc5761bd897e3a0ee587e750a7/error_prone_annotations-2.36.0.jar:/Users/handalm/.gradle/caches/modules-2/files-2.1/org.apache.calcite/calcite-babel/1.41.0/2c07306eb440c8c5643cf808f51d6bb9fb8e5fab/calcite-babel-1.41.0.jar:/Users/handalm/.gradle/caches/modules-2/files-2.1/org.opensearch.query/unified-query-common/3.7.0.0-SNAPSHOT/9b72ad9fc35f31b6d4bd7142aa59790ae76c128d/unified-query-common-3.7.0.0-SNAPSHOT.jar:/Users/handalm/.gradle/caches/modules-2/files-2.1/org.json/json/20231013/e22e0c040fe16f04ffdb85d851d77b07fc05ea52/json-20231013.jar:/Users/handalm/.gradle/caches/modules-2/files-2.1/org.opensearch.query/unified-query-protocol/3.7.0.0-SNAPSHOT/f1eac50709eb23cb14e0921553088dece22661e1/unified-query-protocol-3.7.0.0-SNAPSHOT.jar:/Users/handalm/.gradle/caches/modules-2/files-2.1/org.antlr/antlr4/4.13.2/a2bc0d399506a7297568baee188b481727d45d3b/antlr4-4.13.2.jar:/Users/handalm/.gradle/caches/modules-2/files-2.1/org.apache.commons/commons-text/1.11.0/2bb044b7717ec2eccaf9ea7769c1509054b50e9a/commons-text-1.11.0.jar:/Users/handalm/.gradle/caches/modules-2/files-2.1/org.apache.commons/commons-lang3/3.18.0/fb14946f0e39748a6571de0635acbe44e7885491/commons-lang3-3.18.0.jar:/Users/handalm/.gradle/caches/modules-2/files-2.1/com.facebook.presto/presto-matching/0.240/ec76da39efee08b55d19f9ca06505d98c94ab37f/presto-matching-0.240.jar:/Users/handalm/.gradle/caches/modules-2/files-2.1/org.apache.commons/commons-math3/3.6.1/e4ba98f1d4b3c80ec46392f25e094a6a2e58fcbf/commons-math3-3.6.1.jar:/Users/handalm/.gradle/caches/modules-2/files-2.1/com.google.code.gson/gson/2.8.9/8a432c1d6825781e21a02db2e2c33c5fde2833b9/gson-2.8.9.jar:/Users/handalm/.gradle/caches/modules-2/files-2.1/net.minidev/json-smart/2.5.2/95d166b18f95907be0f46cdb9e1c0695eed03387/json-smart-2.5.2.jar:/Users/handalm/.gradle/caches/modules-2/files-2.1/com.google.code.findbugs/jsr305/3.0.2/25ea2e8b0c338a877313bd4672d3fe056ea78f0d/jsr305-3.0.2.jar:/Users/handalm/.gradle/caches/modules-2/files-2.1/biz.aQute.bnd/biz.aQute.bnd.annotation/7.1.0/2f2be18c936d08cf46ea6cfa0043f34afdf38705/biz.aQute.bnd.annotation-7.1.0.jar:/Users/handalm/.gradle/caches/modules-2/files-2.1/org.osgi/org.osgi.annotation.bundle/2.0.0/f5c2cd6e670c3c5d440d3003efd5ef2ead5c68eb/org.osgi.annotation.bundle-2.0.0.jar:/Users/handalm/.gradle/caches/modules-2/files-2.1/org.osgi/org.osgi.annotation.versioning/1.1.2/dc3cd4ec96c0b3c5459fe00694bd73a816ecf93e/org.osgi.annotation.versioning-1.1.2.jar:/Users/handalm/.gradle/caches/modules-2/files-2.1/org.apache.arrow/arrow-memory-netty/18.1.0/9e9e08d0b548d2c02c632e5daaf176e588810d22/arrow-memory-netty-18.1.0.jar:/Users/handalm/.gradle/caches/modules-2/files-2.1/org.apache.arrow/arrow-memory-netty-buffer-patch/18.1.0/86c8fbdb6ab220603ea3a215f48a7f793ac6a08d/arrow-memory-netty-buffer-patch-18.1.0.jar:/Users/handalm/.gradle/caches/modules-2/files-2.1/io.netty/netty-buffer/4.2.13.Final/177025483d7565afaf4f820139d409bdc0cd7000/netty-buffer-4.2.13.Final.jar:/Users/handalm/.gradle/caches/modules-2/files-2.1/io.netty/netty-common/4.2.13.Final/f91909ed1b9280cd46d8b0ee260ebff40e1c73d8/netty-common-4.2.13.Final.jar:/Users/handalm/.gradle/caches/modules-2/files-2.1/io.netty/netty-codec-base/4.2.13.Final/a4476639056149914d7a145ce0bb9f86bb7e3f49/netty-codec-base-4.2.13.Final.jar:/Users/handalm/.gradle/caches/modules-2/files-2.1/io.netty/netty-codec-compression/4.2.13.Final/c2a1fc65daf1a3d5467db37b6e0ce42bbb5b98a8/netty-codec-compression-4.2.13.Final.jar:/Users/handalm/.gradle/caches/modules-2/files-2.1/org.locationtech.jts.io/jts-io-common/1.19.0/4c7018119aeb66335746e6748456c821e304d3a2/jts-io-common-1.19.0.jar:/Users/handalm/.gradle/caches/modules-2/files-2.1/org.apache.calcite.avatica/avatica-core/1.27.0/59990a6fd24dc7f398fcb06cdd570a99de7a7c4f/avatica-core-1.27.0.jar:/Users/handalm/.gradle/caches/modules-2/files-2.1/org.locationtech.proj4j/proj4j/1.2.2/6eb2c27f1b7d048a6912a42a0637e470cdc46562/proj4j-1.2.2.jar:/Users/handalm/.gradle/caches/modules-2/files-2.1/tools.jackson.core/jackson-core/3.1.3/2f1dbeb81fe57c51e660534d3678003e514c1eb7/jackson-core-3.1.3.jar:/Users/handalm/.gradle/caches/modules-2/files-2.1/org.apache.httpcomponents.client5/httpclient5/5.6/f502ee00ba82d44a6a29bda06a18f5b959808e09/httpclient5-5.6.jar:/Users/handalm/.gradle/caches/modules-2/files-2.1/org.apache.httpcomponents.core5/httpcore5/5.4/e40011ec0dae056466399f8e414ede4772001621/httpcore5-5.4.jar:/Users/handalm/.gradle/caches/modules-2/files-2.1/org.apache.httpcomponents.core5/httpcore5-h2/5.4/83cdd62ef3140664f46be59c2c2727141d1c5a32/httpcore5-h2-5.4.jar:/Users/handalm/.gradle/caches/modules-2/files-2.1/org.apache.httpcomponents.core5/httpcore5-reactive/5.4/7ebbb91027261db6f0e80fe03c928b63b116c247/httpcore5-reactive-5.4.jar:/Users/handalm/.gradle/caches/modules-2/files-2.1/net.sf.jopt-simple/jopt-simple/5.0.4/4fdac2fbe92dfad86aa6e9301736f6b4342a3f5c/jopt-simple-5.0.4.jar:/Users/handalm/.gradle/caches/modules-2/files-2.1/com.github.luben/zstd-jni/1.5.6-1/d6c1fbcf83d1d125fb8dbc7e3c5208729057d9a7/zstd-jni-1.5.6-1.jar:/Users/handalm/.gradle/caches/modules-2/files-2.1/org.snakeyaml/snakeyaml-engine/3.0.1/aaa97268dd9fcf97a3e44c96e6a50961d65199dd/snakeyaml-engine-3.0.1.jar:/Users/handalm/.gradle/caches/modules-2/files-2.1/tools.jackson.dataformat/jackson-dataformat-smile/3.1.3/af978473a4123fc8f31a3945e8324ae1d8f85057/jackson-dataformat-smile-3.1.3.jar:/Users/handalm/.gradle/caches/modules-2/files-2.1/tools.jackson.dataformat/jackson-dataformat-yaml/3.1.3/6b63a5a53c5e5f0db77e8ba2e3eb6942635e81b7/jackson-dataformat-yaml-3.1.3.jar:/Users/handalm/.gradle/caches/modules-2/files-2.1/tools.jackson.dataformat/jackson-dataformat-cbor/3.1.3/d782414b2c8d2d1dee03bf841fe7d44d65cc03f0/jackson-dataformat-cbor-3.1.3.jar:/Users/handalm/Workspace/OpenSearch/libs/agent-sm/agent-policy/out/production/classes:/Users/handalm/.gradle/caches/modules-2/files-2.1/com.amazonaws/aws-java-sdk-sts/1.12.651/a99c1388814cd48221dfdb184a4ee52f37d107e9/aws-java-sdk-sts-1.12.651.jar:/Users/handalm/.gradle/caches/modules-2/files-2.1/com.amazonaws/aws-java-sdk-core/1.12.651/b3d7452e0bbd4a8710f18ba681abab5c94e9f6e/aws-java-sdk-core-1.12.651.jar:/Users/handalm/.gradle/caches/modules-2/files-2.1/org.antlr/antlr4-runtime/4.13.2/fc3db6d844df652a3d5db31c87fa12757f13691d/antlr4-runtime-4.13.2.jar:/Users/handalm/.gradle/caches/modules-2/files-2.1/com.squareup.okhttp3/okhttp/4.12.0/2f4525d4a200e97e1b87449c2cd9bd2e25b7e8cd/okhttp-4.12.0.jar:/Users/handalm/.gradle/caches/modules-2/files-2.1/org.antlr/ST4/4.3.4/bf68d049dd4e6e104055a79ac3bf9e6307d29258/ST4-4.3.4.jar:/Users/handalm/.gradle/caches/modules-2/files-2.1/org.antlr/antlr-runtime/3.5.3/9011fb189c5ed6d99e5f3322514848d1ec1e1416/antlr-runtime-3.5.3.jar:/Users/handalm/.gradle/caches/modules-2/files-2.1/org.abego.treelayout/org.abego.treelayout.core/1.0.3/457216e8e6578099ae63667bb1e4439235892028/org.abego.treelayout.core-1.0.3.jar:/Users/handalm/.gradle/caches/modules-2/files-2.1/com.ibm.icu/icu4j/72.1/bc9057df4b5efddf7f6d1880bf7f3399f4ce5633/icu4j-72.1.jar:/Users/handalm/.gradle/caches/modules-2/files-2.1/net.minidev/accessors-smart/2.5.2/ce16fd235cfee48e67eda33e684423bba09f7d07/accessors-smart-2.5.2.jar:/Users/handalm/.gradle/caches/modules-2/files-2.1/org.osgi/org.osgi.resource/1.0.0/343c88949132984b3f2d4175a72c40b77dc65619/org.osgi.resource-1.0.0.jar:/Users/handalm/.gradle/caches/modules-2/files-2.1/org.osgi/org.osgi.service.serviceloader/1.0.0/3728ff37909c6a3c1870b3e851342d9f2bd3cc63/org.osgi.service.serviceloader-1.0.0.jar:/Users/handalm/.gradle/caches/modules-2/files-2.1/com.googlecode.json-simple/json-simple/1.1.1/c9ad4a0850ab676c5c64461a05ca524cdfff59f1/json-simple-1.1.1.jar:/Users/handalm/.gradle/caches/modules-2/files-2.1/org.apache.calcite.avatica/avatica-metrics/1.27.0/c7f6fd9e073a0681e68ef9ed12796f49f8392df2/avatica-metrics-1.27.0.jar:/Users/handalm/.gradle/caches/modules-2/files-2.1/org.jooq/joou-java-6/0.9.4/d7e3ec7fbba4616cb61f1b1627348fa9fe16a541/joou-java-6-0.9.4.jar:/Users/handalm/.gradle/caches/modules-2/files-2.1/com.amazonaws/jmespath-java/1.12.651/355dd324d8a1208bdffd8d1474af05091da1a23d/jmespath-java-1.12.651.jar:/Users/handalm/.gradle/caches/modules-2/files-2.1/org.apache.httpcomponents/httpclient/4.5.13/e5f6cae5ca7ecaac1ec2827a9e2d65ae2869cada/httpclient-4.5.13.jar:/Users/handalm/.gradle/caches/modules-2/files-2.1/org.jetbrains.kotlin/kotlin-stdlib-jdk8/1.8.21/67f57e154437cd9e6e9cf368394b95814836ff88/kotlin-stdlib-jdk8-1.8.21.jar:/Users/handalm/.gradle/caches/modules-2/files-2.1/org.ow2.asm/asm/9.7.1/f0ed132a49244b042cd0e15702ab9f2ce3cc8436/asm-9.7.1.jar:/Users/handalm/.gradle/caches/modules-2/files-2.1/org.apache.httpcomponents/httpcore/4.4.13/853b96d3afbb7bf8cc303fe27ee96836a10c1834/httpcore-4.4.13.jar:/Users/handalm/.gradle/caches/modules-2/files-2.1/com.squareup.okio/okio-jvm/3.6.0/5600569133b7bdefe1daf9ec7f4abeb6d13e1786/okio-jvm-3.6.0.jar:/Users/handalm/.gradle/caches/modules-2/files-2.1/org.jetbrains.kotlin/kotlin-stdlib-jdk7/1.8.21/7473b8cd3c0ef9932345baf569bc398e8a717046/kotlin-stdlib-jdk7-1.8.21.jar:/Users/handalm/.gradle/caches/modules-2/files-2.1/org.jetbrains.kotlin/kotlin-stdlib/1.8.21/43d50ab85bc7587adfe3dda3dbe579e5f8d51265/kotlin-stdlib-1.8.21.jar:/Users/handalm/.gradle/caches/modules-2/files-2.1/org.jetbrains.kotlin/kotlin-stdlib-common/1.9.10/dafaf2c27f27c09220cee312df10917d9a5d97ce/kotlin-stdlib-common-1.9.10.jar:/Users/handalm/.gradle/caches/modules-2/files-2.1/org.jetbrains/annotations/13.0/919f0dfe192fb4e063e7dacadee7f8bb9a2672a9/annotations-13.0.jar:/Users/handalm/Workspace/OpenSearch/sandbox/plugins/analytics-engine/out/production/classes:/Users/handalm/Workspace/OpenSearch/sandbox/plugins/analytics-engine/out/test/classes:/Users/handalm/Workspace/OpenSearch/sandbox/plugins/analytics-engine/out/test/resources:/Users/handalm/.gradle/caches/modules-2/files-2.1/org.apache.arrow/arrow-memory-unsafe/18.1.0/8b48e832c98695bfd2b50ad0ed324e0d46099898/arrow-memory-unsafe-18.1.0.jar:/Users/handalm/.gradle/caches/modules-2/files-2.1/org.codehaus.janino/janino/3.1.12/ffcd3dfa84057ef76092b6b66c53871a97ae40b8/janino-3.1.12.jar:/Users/handalm/.gradle/caches/modules-2/files-2.1/org.codehaus.janino/commons-compiler/3.1.12/501779107b06a981ff359eab7369ff7a2bf077e/commons-compiler-3.1.12.jar:/Users/handalm/.gradle/caches/modules-2/files-2.1/commons-io/commons-io/2.16.0/27875a7935f1ddcc13267eb6fae1f719e0409572/commons-io-2.16.0.jar:/Users/handalm/.gradle/caches/modules-2/files-2.1/com.jayway.jsonpath/json-path/2.9.0/37fe2217f577b0b68b18e62c4d17a8858ecf9b69/json-path-2.9.0.jar:/Users/handalm/.gradle/caches/modules-2/files-2.1/org.reflections/reflections/0.9.12/1c9d44c563eebe9b8a3afebd29ed5c4646db800c/reflections-0.9.12.jar:/Users/handalm/.gradle/caches/modules-2/files-2.1/com.github.seancfoley/ipaddress/5.4.2/61a621a52fd24d177ace0d7656afb88765dcb04f/ipaddress-5.4.2.jar:/Users/handalm/Workspace/OpenSearch/sandbox/libs/dataformat-native/out/production/classes:/Users/handalm/.gradle/caches/modules-2/files-2.1/org.apache.arrow/arrow-c-data/18.1.0/2f664285b92a78431b8c2781acc2127ffbaef5d7/arrow-c-data-18.1.0.jar:/Users/handalm/.gradle/caches/modules-2/files-2.1/org.apache.logging.log4j/log4j-slf4j2-impl/2.25.4/52a8e43b29eee3b9d6cd9bad696f5d2284d7053/log4j-slf4j2-impl-2.25.4.jar:/Users/handalm/Workspace/OpenSearch/sandbox/libs/plugin-stats-spi/out/production/classes:/Users/handalm/.gradle/caches/modules-2/files-2.1/com.fasterxml.jackson.datatype/jackson-datatype-jdk8/2.21.3/d43500553adcacf036f24eeb8c91f2a222b7176c/jackson-datatype-jdk8-2.21.3.jar:/Users/handalm/.gradle/caches/modules-2/files-2.1/io.substrait/isthmus/0.89.1/5ec1c27f852ce87754d3030ea3ebce63bfce0333/isthmus-0.89.1.jar:/Users/handalm/.gradle/caches/modules-2/files-2.1/org.apache.arrow/flight-core/18.1.0/82494895fcb0656967680442f63ce1214e532d52/flight-core-18.1.0.jar:/Users/handalm/.gradle/caches/modules-2/files-2.1/io.netty/netty-codec/4.2.13.Final/99829f1c0fdf0a3f6457bc4fda3325284f8dd47e/netty-codec-4.2.13.Final.jar:/Users/handalm/.gradle/caches/modules-2/files-2.1/io.netty/netty-codec-http/4.2.13.Final/196f0b6d0779a7a23be4a8bff362741ff0282ce8/netty-codec-http-4.2.13.Final.jar:/Users/handalm/.gradle/caches/modules-2/files-2.1/io.netty/netty-codec-http2/4.2.13.Final/5c8512afb15a0d26a3f1b7b43117aa5d26fac662/netty-codec-http2-4.2.13.Final.jar:/Users/handalm/.gradle/caches/modules-2/files-2.1/io.netty/netty-handler/4.2.13.Final/920eb7284d62152dfc5cb8ef0f9e0deb47ed5635/netty-handler-4.2.13.Final.jar:/Users/handalm/.gradle/caches/modules-2/files-2.1/io.netty/netty-resolver/4.2.13.Final/c68d861f923020f82fea2c99d5921d8142b5c012/netty-resolver-4.2.13.Final.jar:/Users/handalm/.gradle/caches/modules-2/files-2.1/io.netty/netty-transport/4.2.13.Final/acec47f1ff71785e090e019920f787e0f7d164e3/netty-transport-4.2.13.Final.jar:/Users/handalm/.gradle/caches/modules-2/files-2.1/io.netty/netty-transport-native-unix-common/4.2.13.Final/79d5e686999a84552d9b7bbb9589e5b853113bda/netty-transport-native-unix-common-4.2.13.Final.jar:/Users/handalm/.gradle/caches/modules-2/files-2.1/io.netty/netty-transport-classes-epoll/4.2.13.Final/afd19f8ba23aeb6e8db675a4e9642e3cbc0b90c4/netty-transport-classes-epoll-4.2.13.Final.jar:/Users/handalm/.gradle/caches/modules-2/files-2.1/io.netty/netty-tcnative-classes/2.0.66.Final/9588bd2f891157538a78d86c945aa34bf9308dda/netty-tcnative-classes-2.0.66.Final.jar:/Users/handalm/.gradle/caches/modules-2/files-2.1/io.grpc/grpc-api/1.75.0/18ddd409fb9bc0209d216854ca584d027e68210b/grpc-api-1.75.0.jar:/Users/handalm/.gradle/caches/modules-2/files-2.1/io.grpc/grpc-stub/1.75.0/2def36acc24580a2414e17339f94d10b7c057361/grpc-stub-1.75.0.jar:/Users/handalm/.gradle/caches/modules-2/files-2.1/io.grpc/grpc-netty/1.75.0/6edfe492eef2a4e41e247f984d7e1f062fe2f47d/grpc-netty-1.75.0.jar:/Users/handalm/.gradle/caches/modules-2/files-2.1/io.grpc/grpc-core/1.75.0/c042165745c0bb4f80774ec066659dce7064aaef/grpc-core-1.75.0.jar:/Users/handalm/.gradle/caches/modules-2/files-2.1/io.perfmark/perfmark-api/0.27.0/f86f575a41b091786a4b027cd9c0c1d2e3fc1c01/perfmark-api-0.27.0.jar:/Users/handalm/.gradle/caches/modules-2/files-2.1/org.apache.parquet/parquet-arrow/1.13.1/9e59add52791af8b05c1aefe2a2f8865602c9368/parquet-arrow-1.13.1.jar:/Users/handalm/.gradle/caches/modules-2/files-2.1/io.grpc/grpc-protobuf-lite/1.75.0/d6f87ed690a382c7340ff71c521daf4be3f1c7eb/grpc-protobuf-lite-1.75.0.jar:/Users/handalm/.gradle/caches/modules-2/files-2.1/io.grpc/grpc-protobuf/1.75.0/860c62ef62ddf24e0f2b04459d846b269f5fa7b9/grpc-protobuf-1.75.0.jar:/Users/handalm/.gradle/caches/modules-2/files-2.1/com.fasterxml.jackson.datatype/jackson-datatype-jsr310/2.21.3/a0958ebdaba836d31e5462ebc37b6349a0725ff9/jackson-datatype-jsr310-2.21.3.jar:/Users/handalm/.gradle/caches/modules-2/files-2.1/com.google.uzaygezen/uzaygezen-core/0.2/611b82d4c4b4f67cc3d83cf0697ec660fcee2fff/uzaygezen-core-0.2.jar:/Users/handalm/.gradle/caches/modules-2/files-2.1/net.hydromatic/aggdesigner-algorithm/6.1/b30edf9c963f8234ee315c5d35d778def870c890/aggdesigner-algorithm-6.1.jar:/Users/handalm/.gradle/caches/modules-2/files-2.1/org.apache.commons/commons-dbcp2/2.11.0/5553126edbdc3d2dd24118f687d09d6d066fca1b/commons-dbcp2-2.11.0.jar:/Users/handalm/.gradle/caches/modules-2/files-2.1/com.yahoo.datasketches/sketches-core/0.9.0/ba592b4cca8eb7dd425721acc1b5d4c034e34fa0/sketches-core-0.9.0.jar:/Users/handalm/.gradle/caches/modules-2/files-2.1/org.opensearch.query/unified-query-opensearch/3.7.0.0-SNAPSHOT/424e5ae418fe6bb79300b7c40b3dd28618f6d758/unified-query-opensearch-3.7.0.0-SNAPSHOT.jar:/Users/handalm/.gradle/caches/modules-2/files-2.1/org.javassist/javassist/3.26.0-GA/bb2890849968d8d8311ffba8c37b0ce16ce284dc/javassist-3.26.0-GA.jar:/Users/handalm/.gradle/caches/modules-2/files-2.1/org.apache.commons/commons-pool2/2.12.0/458563f69fbdaebf7daadfe10dc3a22e42a7de50/commons-pool2-2.12.0.jar:/Users/handalm/.gradle/caches/modules-2/files-2.1/jakarta.transaction/jakarta.transaction-api/1.3.3/c4179d48720a1e87202115fbed6089bdc4195405/jakarta.transaction-api-1.3.3.jar:/Users/handalm/.gradle/caches/modules-2/files-2.1/com.yahoo.datasketches/memory/0.9.0/10a7f4c09076d5c5d5d7a3f0546b71764ec5704/memory-0.9.0.jar:/Users/handalm/.gradle/caches/modules-2/files-2.1/io.github.resilience4j/resilience4j-retry/1.5.0/c97d4c998ab8ab62647fca66443eecbee38279a4/resilience4j-retry-1.5.0.jar:/Users/handalm/.gradle/caches/modules-2/files-2.1/io.github.resilience4j/resilience4j-core/1.5.0/cfb6bcd19a5b979be2b93bab034d564ba4326de0/resilience4j-core-1.5.0.jar:/Users/handalm/.gradle/caches/modules-2/files-2.1/io.vavr/vavr/0.10.2/dfd5101b17da36c32ae024b984e0b72712f01a35/vavr-0.10.2.jar:/Users/handalm/.gradle/caches/modules-2/files-2.1/io.vavr/vavr-match/0.10.2/68f1af10052713fda01bfb1e5b831dcf6d826ab2/vavr-match-0.10.2.jar:/Users/handalm/Workspace/OpenSearch/sandbox/plugins/analytics-engine/build/generated-resources:/Users/handalm/.gradle/caches/modules-2/files-2.1/com.google.guava/guava/33.3.1-jre/852f8b363da0111e819460021ca693cacca3e8db/guava-33.3.1-jre.jar:/Users/handalm/.gradle/caches/modules-2/files-2.1/com.google.guava/failureaccess/1.0.1/1dcf1de382a0bf95a3d8b0849546c88bac1292c9/failureaccess-1.0.1.jar
Launcher Type: SUN_STANDARD

[Global flags]
     intx CICompilerCount                          = 4                                         {product} {ergonomic}
     uint ConcGCThreads                            = 3                                         {product} {ergonomic}
     uint G1ConcRefinementThreads                  = 10                                        {product} {ergonomic}
   size_t G1HeapRegionSize                         = 4194304                                   {product} {ergonomic}
   size_t InitialHeapSize                          = 536870912                                 {product} {ergonomic}
   size_t MarkStackSize                            = 4194304                                   {product} {ergonomic}
   size_t MarkStackSizeMax                         = 536870912                                 {product} {ergonomic}
   size_t MaxHeapSize                              = 8589934592                                {product} {ergonomic}
   size_t MaxNewSize                               = 5150605312                                {product} {ergonomic}
   size_t MinHeapDeltaBytes                        = 4194304                                   {product} {ergonomic}
   size_t MinHeapSize                              = 8388608                                   {product} {ergonomic}
    uintx NonNMethodCodeHeapSize                   = 5832704                                {pd product} {ergonomic}
    uintx NonProfiledCodeHeapSize                  = 122929152                              {pd product} {ergonomic}
    uintx ProfiledCodeHeapSize                     = 122896384                              {pd product} {ergonomic}
    uintx ReservedCodeCacheSize                    = 251658240                              {pd product} {ergonomic}
     bool SegmentedCodeCache                       = true                                      {product} {ergonomic}
   size_t SoftMaxHeapSize                          = 8589934592                             {manageable} {ergonomic}
     bool UseCompressedOops                        = true                           {product lp64_product} {ergonomic}
     bool UseG1GC                                  = true                                      {product} {ergonomic}
     bool UseNUMA                                  = false                                     {product} {ergonomic}
     bool UseNUMAInterleaving                      = false                                     {product} {ergonomic}

Logging:
Log output configuration:
 #0: stdout all=warning uptime,level,tags foldmultilines=false
 #1: stderr all=off uptime,level,tags foldmultilines=false

Release file:
IMPLEMENTOR="Eclipse Adoptium"
IMPLEMENTOR_VERSION="Temurin-25+36"
JAVA_RUNTIME_VERSION="25+36-LTS"
JAVA_VERSION="25"
JAVA_VERSION_DATE="2025-09-16"
LIBC="default"
MODULES="java.base java.compiler java.datatransfer java.xml java.prefs java.desktop java.instrument java.logging java.management java.security.sasl java.naming java.rmi java.management.rmi java.net.http java.scripting java.security.jgss java.transaction.xa java.sql java.sql.rowset java.xml.crypto java.se java.smartcardio jdk.accessibility jdk.internal.jvmstat jdk.attach jdk.charsets jdk.internal.opt jdk.zipfs jdk.compiler jdk.crypto.cryptoki jdk.crypto.ec jdk.dynalink jdk.internal.ed jdk.editpad jdk.internal.vm.ci jdk.graal.compiler jdk.graal.compiler.management jdk.hotspot.agent jdk.httpserver jdk.incubator.vector jdk.internal.le jdk.internal.md jdk.jartool jdk.javadoc jdk.jcmd jdk.management jdk.management.agent jdk.jconsole jdk.jdeps jdk.jdwp.agent jdk.jdi jdk.jfr jdk.jlink jdk.jpackage jdk.jshell jdk.jsobject jdk.jstatd jdk.localedata jdk.management.jfr jdk.naming.dns jdk.naming.rmi jdk.net jdk.nio.mapmode jdk.sctp jdk.security.auth jdk.security.jgss jdk.unsupported jdk.unsupported.desktop jdk.xml.dom"
OS_ARCH="aarch64"
OS_NAME="Darwin"
SOURCE=".:git:ef82ae723551"
BUILD_SOURCE="git:b7337f50fb2a765519e79674ae790c2a7450149e"
BUILD_SOURCE_REPO="https://github.com/adoptium/temurin-build.git"
SOURCE_REPO="https://github.com/adoptium/jdk.git"
FULL_VERSION="25+36-LTS"
SEMANTIC_VERSION="25+36"
BUILD_INFO="OS: macOS Version: 14.7.7 23H723"
JVM_VARIANT="Hotspot"
JVM_VERSION="25+36-LTS"
IMAGE_TYPE="JDK"

Environment Variables:
JAVA_HOME=/Users/handalm/.sdkman/candidates/java/current
PATH=/Users/handalm/.rvm/gems/ruby-3.3.2/bin:/Users/handalm/.rvm/gems/ruby-3.3.2@global/bin:/Users/handalm/.rvm/rubies/ruby-3.3.2/bin:/Users/handalm/.nvm/versions/node/v20.18.3/bin:/Users/handalm/.sdkman/candidates/java/current/bin:/opt/homebrew/bin:/opt/homebrew/sbin:/usr/local/bin:/System/Cryptexes/App/usr/bin:/usr/bin:/bin:/usr/sbin:/sbin:/var/run/com.apple.security.cryptexd/codex.system/bootstrap/usr/local/bin:/var/run/com.apple.security.cryptexd/codex.system/bootstrap/usr/bin:/var/run/com.apple.security.cryptexd/codex.system/bootstrap/usr/appleinternal/bin:/opt/pkg/env/active/bin:/opt/pmk/env/global/bin:/Users/handalm/.cargo/bin:/Users/handalm/.local/bin:/Users/handalm/Library/Application Support/JetBrains/Toolbox/scripts:/Users/handalm/.toolbox/bin:/Users/handalm/.rvm/bin
SHELL=/bin/zsh
LANG=C.UTF-8
TMPDIR=/var/folders/l0/l_bx7s_s1vx2ty5bjkwlrxt80000gr/T/

Active Locale:
LC_ALL=C.UTF-8
LC_COLLATE=C.UTF-8
LC_CTYPE=C.UTF-8
LC_MESSAGES=C.UTF-8
LC_MONETARY=C.UTF-8
LC_NUMERIC=C.UTF-8
LC_TIME=C.UTF-8

Signal Handlers:
   SIGSEGV: crash_handler in libjvm.dylib, mask=11100110000111110111111111111111, flags=SA_ONSTACK|SA_RESTART|SA_SIGINFO, unblocked
    SIGBUS: crash_handler in libjvm.dylib, mask=11100110000111110111111111111111, flags=SA_RESTART|SA_SIGINFO, unblocked
    SIGFPE: crash_handler in libjvm.dylib, mask=11100110000111110111111111111111, flags=SA_RESTART|SA_SIGINFO, unblocked
   SIGPIPE: javaSignalHandler in libjvm.dylib, mask=11100110000111110111111111111111, flags=SA_RESTART|SA_SIGINFO, blocked
   SIGXFSZ: javaSignalHandler in libjvm.dylib, mask=11100110000111110111111111111111, flags=SA_RESTART|SA_SIGINFO, blocked
    SIGILL: crash_handler in libjvm.dylib, mask=11100110000111110111111111111111, flags=SA_RESTART|SA_SIGINFO, unblocked
   SIGUSR2: SR_handler in libjvm.dylib, mask=00000000000000000000000000000000, flags=SA_RESTART|SA_SIGINFO, blocked
    SIGHUP: UserHandler in libjvm.dylib, mask=11100110000111110111111111111111, flags=SA_RESTART|SA_SIGINFO, blocked
    SIGINT: UserHandler in libjvm.dylib, mask=11100110000111110111111111111111, flags=SA_RESTART|SA_SIGINFO, blocked
   SIGTERM: UserHandler in libjvm.dylib, mask=11100110000111110111111111111111, flags=SA_RESTART|SA_SIGINFO, blocked
   SIGQUIT: UserHandler in libjvm.dylib, mask=11100110000111110111111111111111, flags=SA_RESTART|SA_SIGINFO, blocked
   SIGTRAP: crash_handler in libjvm.dylib, mask=11100110000111110111111111111111, flags=SA_RESTART|SA_SIGINFO, unblocked


Compilation memory statistics disabled.

Periodic native trim disabled

---------------  S Y S T E M  ---------------

OS:
uname: Darwin 25.4.0 Darwin Kernel Version 25.4.0: Thu Mar 19 19:31:17 PDT 2026; root:xnu-12377.101.15~1/RELEASE_ARM64_T6020 arm64
OS uptime: 0 days 20:24 hours
rlimit (soft/hard): STACK 8176k/65520k , CORE 0k/infinity , NPROC 0/0 , NOFILE 1048576/infinity , AS infinity/infinity , CPU infinity/infinity , DATA infinity/infinity , FSIZE infinity/infinity , MEMLOCK infinity/infinity , RSS infinity/infinity
load average: 6.69 4.96 6.27

CPU: total 12 (initial active 12) 0x61:0x0:0xda33d83d:0, fp, asimd, aes, pmull, sha1, sha256, crc32, lse, sha3, sha512
machdep.cpu.brand_string:Apple M2 Pro
hw.cachelinesize:128
hw.l1icachesize:131072
hw.l1dcachesize:65536
hw.l2cachesize:4194304

Memory: 16k page, physical 33554432k(93872k free), swap 2097152k(1067328k free)

vm_info: OpenJDK 64-Bit Server VM (25+36-LTS) for bsd-aarch64 JRE (25+36-LTS), built on 2025-09-16T00:00:00Z with clang Apple LLVM 15.0.0 (clang-1500.1.0.2.5)

END.
